{"type":"FeatureCollection","features":[{"type":"Feature","properties":{"StateFIPS":"39","state":"Ohio"},"geometry":{"type":"MultiPolygon","coordinates":[[[[-83.7836,38.6956],[-83.834,38.716],[-83.8732,38.7624],[-83.9621,38.7874],[-84.0527,38.7714],[-84.2221,38.8138],[-84.2345,38.8932],[-84.2882,38.9558],[-84.3199,39.0221],[-84.4279,39.055],[-84.4355,39.1023],[-84.462,39.1218],[-84.5061,39.0951],[-84.5508,39.0994],[-84.6079,39.0732],[-84.6848,39.1005],[-84.7441,39.1475],[-84.8202,39.1055],[-84.806,41.6961],[-83.4554,41.7328],[-83.4802,41.6821],[-83.4557,41.6981],[-83.4232,41.6894],[-83.3517,41.687],[-83.3359,41.7055],[-83.3062,41.6766],[-83.1695,41.6233],[-83.5699,41.6171],[-83.4159,41.6191],[-83.4211,41.1668],[-83.4203,40.9919],[-83.4578,40.9917],[-82.6946,40.9954],[-82.8295,40.9966],[-82.8477,41.4305],[-82.9019,41.4305],[-82.8378,41.4498],[-82.83,41.4728],[-82.7663,41.4458],[-82.7016,41.463],[-82.6738,41.4535],[-82.6869,41.4914],[-82.6203,41.4329],[-82.6259,41.424],[-82.5122,41.383],[-82.4606,41.3863],[-82.3481,41.4283],[-82.2685,41.4308],[-82.1808,41.4726],[-81.9952,41.5145],[-81.877,41.4832],[-81.7981,41.4973],[-81.7448,41.4871],[-81.2863,41.7597],[-81.2232,41.7683],[-81.0022,41.8531],[-80.9006,41.8686],[-80.8006,41.9096],[-80.5194,41.9772],[-80.519,40.6388],[-80.5767,40.6142],[-80.6272,40.6199],[-80.668,40.5825],[-80.5948,40.4714],[-80.6118,40.4039],[-80.6336,40.3905],[-80.6076,40.3696],[-80.6029,40.3071],[-80.7029,40.1573],[-80.7102,40.0996],[-80.7386,40.0757],[-80.7401,39.9708],[-80.7645,39.9466],[-80.7559,39.9166],[-80.8076,39.9149],[-80.7902,39.8723],[-80.8213,39.85],[-80.8261,39.7986],[-80.8699,39.7636],[-80.8298,39.7118],[-80.8658,39.6865],[-80.8804,39.6207],[-80.9333,39.6148],[-81.0387,39.54],[-81.1285,39.4494],[-81.1859,39.4307],[-81.2173,39.3876],[-81.2707,39.3859],[-81.3797,39.3421],[-81.4127,39.3946],[-81.4561,39.4093],[-81.5575,39.3388],[-81.5702,39.2677],[-81.6783,39.2738],[-81.6964,39.257],[-81.6913,39.2279],[-81.7256,39.2158],[-81.7558,39.1805],[-81.7524,39.0899],[-81.8139,39.0793],[-81.8034,39.0477],[-81.7643,39.0153],[-81.7818,38.9649],[-81.76,38.9258],[-81.825,38.9466],[-81.8487,38.9014],[-81.8892,38.8743],[-81.927,38.8916],[-81.8985,38.9296],[-81.9332,38.9877],[-81.9775,38.9927],[-82.0023,39.0279],[-82.0377,39.0239],[-82.1432,38.8981],[-82.1449,38.8405],[-82.2216,38.7872],[-82.1825,38.7088],[-82.1909,38.6804],[-82.1721,38.6193],[-82.1938,38.5931],[-82.3617,38.5852],[-82.2871,38.5826],[-82.3303,38.4445],[-82.5498,38.4032],[-82.5935,38.4183],[-82.6082,38.468],[-82.7,38.5443],[-82.8395,38.5862],[-82.8776,38.6902],[-82.8713,38.7394],[-82.8942,38.7566],[-82.9794,38.726],[-83.0309,38.7256],[-83.0531,38.6958],[-83.1124,38.6717],[-83.1538,38.6188],[-83.2671,38.6185],[-83.2865,38.5992],[-83.3114,38.6033],[-83.3276,38.6375],[-83.3667,38.6585],[-83.4681,38.6755],[-83.521,38.703],[-83.6269,38.6794],[-83.6571,38.6279],[-83.7693,38.6552],[-83.7836,38.6956]],[[-84.4854,39.9185],[-84.1577,39.923],[-84.8124,39.9169],[-84.4854,39.9185]],[[-84.4789,39.5688],[-84.4792,39.591],[-84.4854,39.9185],[-84.4789,39.5688]],[[-84.4346,40.3543],[-84.4333,40.2879],[-84.434,40.3782],[-84.4344,40.3545],[-84.8039,40.3528],[-84.4346,40.3543]],[[-84.3995,40.9903],[-84.3419,40.9907],[-84.8033,40.9894],[-84.3995,40.9903]],[[-84.3416,41.1655],[-84.3416,41.2091],[-84.3419,40.9907],[-84.3416,41.1655]],[[-84.2285,41.4278],[-84.3417,41.4276],[-84.8041,41.4261],[-84.2285,41.4278]],[[-84.3419,41.4855],[-84.3421,41.5141],[-84.3417,41.4276],[-84.3419,41.4855]],[[-83.8829,41.4875],[-83.8828,41.4615],[-83.8804,41.7201],[-83.8829,41.4875]],[[-81.0029,41.7149],[-81.0031,41.5244],[-81.0022,41.8531],[-81.0029,41.7149]],[[-81.2373,39.8678],[-81.3136,39.8695],[-80.8213,39.85],[-81.2373,39.8678]],[[-82.7412,40.7109],[-82.6272,40.7094],[-82.7272,40.7112],[-82.7412,40.7109]],[[-82.9296,40.3581],[-82.7449,40.3496],[-82.6465,40.3451],[-82.9296,40.3581]],[[-82.8243,39.795],[-82.843,39.5615],[-82.8215,39.8243],[-82.8243,39.795]],[[-82.7316,39.5545],[-82.7308,39.5627],[-82.843,39.5615],[-82.7316,39.5545]],[[-82.7407,39.4683],[-82.7667,39.1678],[-82.7321,39.5489],[-82.7407,39.4683]],[[-83.2121,38.9601],[-82.7534,38.9454],[-82.8071,38.9481],[-83.2121,38.9601]],[[-82.7607,38.8549],[-82.5756,38.8445],[-82.4552,38.8446],[-82.7607,38.8549]],[[-82.4353,39.0351],[-82.4247,39.1378],[-82.4552,38.8446],[-82.4353,39.0351]],[[-83.8811,41.1678],[-83.88,40.5387],[-83.9939,40.5352],[-83.7581,40.5225],[-83.88,40.5319],[-83.8801,40.8199],[-83.8811,41.1678]],[[-83.4963,40.8179],[-83.5159,40.8181],[-83.8801,40.8199],[-83.4963,40.8179]],[[-83.5512,40.2307],[-83.5202,40.5041],[-83.5204,40.5041],[-83.5512,40.2307]],[[-83.2483,40.5071],[-83.4187,40.515],[-83.5202,40.5041],[-83.2483,40.5071]],[[-84.0361,40.0402],[-83.5126,40.01],[-83.4945,40.2255],[-83.5161,40.0108],[-84.0361,40.0402]],[[-84.0247,40.165],[-84.051,39.8798],[-84.0528,39.8603],[-84.0361,40.0402],[-84.0247,40.165]],[[-83.6702,39.5504],[-83.6472,39.773],[-83.5899,39.7688],[-83.6478,39.7737],[-83.6702,39.5504]],[[-83.998,39.2546],[-83.8657,39.2473],[-83.8344,39.2457],[-83.998,39.2546]],[[-84.3643,39.5438],[-84.3652,39.587],[-84.3652,39.587],[-84.3643,39.5438]],[[-84.2177,39.5819],[-83.977,39.5694],[-83.7903,39.5578],[-84.1142,39.5782],[-84.2177,39.5819]],[[-84.2594,39.2709],[-84.2622,39.2883],[-84.2616,39.2692],[-84.2594,39.2709]],[[-83.998,40.483],[-84.0024,40.483],[-84.0028,40.4228],[-83.998,40.483]],[[-83.2153,38.9919],[-83.3146,39.0522],[-83.2708,39.0158],[-83.2153,38.9919]],[[-83.3458,39.2461],[-83.3451,39.2507],[-83.3465,39.2499],[-83.3458,39.2461]],[[-83.393,39.2667],[-83.3624,39.2406],[-83.3911,39.2696],[-83.393,39.2667]],[[-83.2544,40.0456],[-83.2122,40.0481],[-83.2538,40.0492],[-83.2544,40.0456]],[[-83.2437,39.8125],[-83.252,39.9174],[-83.2524,39.7003],[-83.2437,39.8125]],[[-83.1702,40.1071],[-83.1699,40.1431],[-83.1723,40.2443],[-83.1702,40.1071]],[[-83.4402,40.6973],[-83.4198,40.6868],[-83.3047,40.6871],[-83.4402,40.6973]],[[-82.8583,40.7084],[-83.0846,40.7035],[-82.8584,40.705],[-82.8583,40.7084]],[[-81.5631,41.2786],[-81.7057,41.277],[-81.685,41.2771],[-81.5631,41.2786]],[[-81.6489,40.6678],[-81.6477,40.9886],[-81.65,40.6678],[-82.2211,40.6674],[-81.6489,40.6678]],[[-81.7091,40.4448],[-81.6698,40.4439],[-82.1843,40.4564],[-81.7091,40.4448]],[[-82.1785,40.5731],[-82.1959,40.2391],[-82.4773,40.2458],[-82.1864,40.2387],[-82.1843,40.4564],[-82.1785,40.5731]],[[-81.7163,40.1522],[-81.6709,40.151],[-81.7163,40.1524],[-81.7286,39.9317],[-81.7163,40.1522]],[[-81.6974,39.7557],[-81.6941,39.8426],[-81.6911,39.9308],[-81.6974,39.7557]],[[-82.0802,39.7277],[-82.0766,39.771],[-82.0729,39.8162],[-82.0802,39.7277]],[[-82.0558,39.4601],[-82.045,39.5505],[-82.0475,39.5506],[-82.0558,39.4601]],[[-82.3239,39.0132],[-82.3067,39.2055],[-82.3229,39.0277],[-82.3239,39.0132]],[[-82.3661,39.7425],[-82.3745,39.655],[-82.3799,39.5967],[-82.3661,39.7425]],[[-82.1556,39.5564],[-82.2636,39.5621],[-82.1592,39.5566],[-82.1556,39.5564]],[[-82.2897,39.3842],[-82.2985,39.295],[-82.2804,39.4729],[-82.2897,39.3842]],[[-82.4369,41.0654],[-82.1716,41.0635],[-82.1716,41.0635],[-82.3365,41.0658],[-82.4369,41.0654]],[[-82.3387,40.555],[-82.6104,40.5501],[-82.3749,40.5509],[-82.3387,40.555]],[[-81.3381,40.2141],[-81.3396,40.172],[-81.3346,40.3043],[-81.3381,40.2141]],[[-81.2753,40.3034],[-81.27,40.4335],[-81.2647,40.565],[-81.2753,40.3034]],[[-80.8636,40.5554],[-80.862,40.5994],[-80.8608,40.6426],[-80.8636,40.5554]],[[-81.7144,39.5842],[-81.4735,39.5833],[-81.5882,39.587],[-81.7144,39.5842]],[[-81.3564,39.5935],[-81.2835,39.5918],[-81.3949,39.6015],[-81.3564,39.5935]],[[-81.2831,39.6058],[-81.2806,39.7071],[-81.2835,39.5918],[-81.2831,39.6058]],[[-81.226,40.1689],[-81.226,40.1689],[-81.2268,40.1459],[-81.226,40.1689]],[[-81.225,40.9882],[-81.3932,40.9885],[-81.4163,40.9885],[-81.225,40.9882]],[[-81.0017,40.9878],[-81.0023,41.1342],[-81.0031,41.4865],[-81.0032,41.3479],[-81.0017,40.9878]],[[-81.4555,40.6666],[-81.4588,40.666],[-81.4383,40.663],[-81.4555,40.6666]],[[-81.3217,40.5666],[-81.3177,40.6516],[-81.2412,40.6505],[-81.3179,40.6517],[-81.3217,40.5666]],[[-81.0873,40.7278],[-81.2372,40.7235],[-80.9172,40.7269],[-81.0873,40.7278]],[[-81.4878,41.5701],[-81.391,41.5697],[-81.2959,41.5699],[-81.4878,41.5701]]],[[[-83.1034,41.6129],[-83.0003,41.5387],[-82.9264,41.5143],[-82.8686,41.5337],[-82.8499,41.5634],[-82.8595,41.5764],[-82.8338,41.587],[-82.7855,41.5407],[-82.72,41.5422],[-82.7146,41.5013],[-82.7474,41.5123],[-82.806,41.5066],[-82.8241,41.4903],[-82.8442,41.5021],[-82.9594,41.4886],[-82.9931,41.4605],[-83.3382,41.4575],[-83.0386,41.4575],[-83.0016,41.4282],[-82.9766,41.4536],[-82.942,41.4191],[-82.8477,41.4305],[-82.8401,41.2553],[-82.8295,40.9966],[-83.4203,40.9919],[-83.4159,41.6191],[-83.1034,41.6129]]],[[[-83.4213,41.7034],[-83.4384,41.6943],[-83.4276,41.7117],[-83.4213,41.7034]]],[[[-83.4493,41.7105],[-83.4469,41.707],[-83.4608,41.7013],[-83.4493,41.7105]]],[[[-83.1056,41.7425],[-83.1033,41.7384],[-83.1106,41.7379],[-83.1056,41.7425]]],[[[-82.7322,41.5029],[-82.7291,41.5],[-82.7348,41.4906],[-82.7322,41.5029]]],[[[-82.6858,41.5876],[-82.7345,41.6035],[-82.718,41.6194],[-82.6758,41.619],[-82.6858,41.5876]]],[[[-82.7956,41.6655],[-82.835,41.6298],[-82.8341,41.6571],[-82.7956,41.6655]]],[[[-82.8033,41.6892],[-82.8137,41.6713],[-82.8253,41.685],[-82.8033,41.6892]]],[[[-82.784,41.6973],[-82.7866,41.6938],[-82.8006,41.6944],[-82.784,41.6973]]],[[[-82.8093,41.7088],[-82.8355,41.7112],[-82.8204,41.7245],[-82.8093,41.7088]]]]}},{"type":"Feature","properties":{"StateFIPS":"48","state":"Texas"},"geometry":{"type":"MultiPolygon","coordinates":[[[[-102.5483,29.7446],[-102.5677,29.7715],[-102.5721,29.7567],[-102.6302,29.7343],[-102.6774,29.7413],[-102.6935,29.6765],[-102.7422,29.6325],[-102.7443,29.5936],[-102.7683,29.5947],[-102.7714,29.5485],[-102.8087,29.5223],[-102.8007,29.4862],[-102.8325,29.4331],[-102.8163,29.3971],[-102.8452,29.3737],[-102.8394,29.3589],[-102.8844,29.3477],[-102.8883,29.2919],[-102.9064,29.2621],[-102.8713,29.2416],[-102.8685,29.2229],[-102.8939,29.2087],[-102.9123,29.2194],[-102.9178,29.1907],[-102.9438,29.1912],[-102.9528,29.1739],[-102.9963,29.1783],[-103.036,29.0987],[-103.0761,29.0913],[-103.0859,29.0537],[-103.1001,29.0607],[-103.1153,28.9853],[-103.1639,28.9721],[-103.2255,28.99],[-103.2496,28.9805],[-103.2663,28.996],[-103.2874,28.9787],[-103.2862,29.0003],[-103.3145,29.0078],[-103.3083,29.025],[-103.3383,29.0198],[-103.3331,29.0438],[-103.3603,29.0185],[-103.4322,29.0437],[-103.4499,29.0727],[-103.4701,29.0662],[-103.4702,29.0855],[-103.5505,29.1562],[-103.6481,29.157],[-103.7192,29.1814],[-103.7585,29.2329],[-103.771,29.2195],[-103.7927,29.2648],[-104.0383,29.3202],[-104.1065,29.3731],[-104.1684,29.3965],[-104.2181,29.4577],[-104.213,29.4841],[-104.2311,29.4791],[-104.2617,29.5135],[-104.3128,29.5314],[-104.3381,29.52],[-104.476,29.628],[-104.5157,29.6405],[-104.5442,29.681],[-104.5307,29.6914],[-104.5459,29.6996],[-104.5498,29.7406],[-104.5701,29.7529],[-104.5657,29.7705],[-104.6798,29.9209],[-104.6736,29.9568],[-104.6921,29.976],[-104.7069,30.0507],[-104.6855,30.0932],[-104.6964,30.1337],[-104.6867,30.1786],[-104.706,30.235],[-104.7497,30.2613],[-104.7613,30.3006],[-104.8119,30.3336],[-104.8176,30.3757],[-104.8595,30.3904],[-104.8489,30.4177],[-104.9229,30.6038],[-104.9673,30.6079],[-104.98,30.6292],[-105.0074,30.6865],[-105.0555,30.6824],[-105.12,30.75],[-105.1619,30.7535],[-105.1561,30.7696],[-105.1768,30.7681],[-105.1958,30.7922],[-105.2186,30.7852],[-105.2177,30.806],[-105.2579,30.7947],[-105.2922,30.8263],[-105.317,30.811],[-105.3393,30.8405],[-105.3954,30.8491],[-105.3999,30.8891],[-105.4673,30.9256],[-105.5001,30.9659],[-105.5562,30.9889],[-105.6033,31.0826],[-105.7416,31.1644],[-105.7733,31.1669],[-105.7847,31.199],[-105.8692,31.2888],[-105.9326,31.3131],[-105.9538,31.3647],[-105.9971,31.3872],[-106.0803,31.3987],[-106.2033,31.464],[-106.2482,31.5435],[-106.2811,31.5627],[-106.303,31.6213],[-106.381,31.7321],[-106.4511,31.7643],[-106.4895,31.7484],[-106.5471,31.8073],[-106.6027,31.825],[-106.602,31.8444],[-106.6359,31.8662],[-106.6292,31.8837],[-106.6455,31.8987],[-106.6118,31.92],[-106.6297,31.9266],[-106.6196,31.9716],[-106.6395,31.9803],[-106.6185,32.0005],[-103.0644,32.0005],[-103.0647,32.5222],[-103.0647,32.9591],[-103.044,34.3127],[-103.0419,36.5004],[-101.0852,36.4992],[-101.0857,36.0553],[-100.0004,36.0557],[-99.9976,34.2333],[-99.9975,34.5604],[-99.9232,34.5746],[-99.695,34.3783],[-99.6,34.3747],[-99.5744,34.4183],[-99.4751,34.396],[-99.4383,34.3712],[-99.4237,34.3857],[-99.403,34.3735],[-99.3877,34.412],[-99.395,34.4421],[-99.3588,34.4559],[-99.3196,34.4089],[-99.2613,34.4035],[-99.2749,34.3849],[-99.2429,34.3727],[-99.2292,34.3365],[-99.2069,34.3383],[-99.2114,34.2927],[-99.1963,34.2815],[-99.1895,34.2143],[-99.1285,34.2188],[-99.1298,34.2044],[-99.0795,34.2115],[-99.0488,34.1982],[-98.9909,34.2216],[-98.8748,34.1675],[-98.8681,34.1496],[-98.813,34.1584],[-98.7493,34.1242],[-98.6906,34.133],[-98.6481,34.1644],[-98.5998,34.1606],[-98.5528,34.1336],[-98.5606,34.1236],[-98.4863,34.0626],[-98.4235,34.0828],[-98.3984,34.1046],[-98.395,34.1313],[-98.3798,34.1312],[-98.3817,34.1492],[-98.3254,34.151],[-98.3002,34.1346],[-98.231,34.134],[-98.1691,34.1142],[-98.1095,34.1541],[-98.0898,34.1282],[-98.1202,34.0721],[-98.0838,34.0417],[-98.1063,34.0342],[-98.0882,34.0055],[-98.0411,33.9935],[-97.9717,34.0054],[-97.9459,33.9884],[-97.9741,33.9403],[-97.9534,33.9364],[-97.9572,33.9145],[-97.9845,33.9007],[-97.979,33.4337],[-97.9778,33.8899],[-97.8774,33.8502],[-97.8343,33.8577],[-97.7978,33.8993],[-97.7801,33.8954],[-97.7851,33.9168],[-97.7638,33.9142],[-97.7628,33.9344],[-97.7253,33.941],[-97.6718,33.9914],[-97.5904,33.9541],[-97.5963,33.9138],[-97.5811,33.8997],[-97.484,33.9158],[-97.451,33.8914],[-97.4591,33.8346],[-97.4104,33.8188],[-97.3655,33.8238],[-97.3325,33.8843],[-97.3346,33.8572],[-97.3101,33.8885],[-97.2703,33.8582],[-97.2542,33.8653],[-97.2421,33.9063],[-97.2061,33.9143],[-97.1796,33.8922],[-97.1666,33.8473],[-97.2035,33.8218],[-97.1928,33.7612],[-97.1631,33.7293],[-97.1261,33.7169],[-97.0862,33.7439],[-97.0921,33.8041],[-97.0481,33.8175],[-97.0872,33.8534],[-97.0214,33.8464],[-96.9838,33.8909],[-96.9954,33.9473],[-96.9813,33.9564],[-96.9725,33.9358],[-96.9221,33.9596],[-96.9053,33.9472],[-96.883,33.868],[-96.8561,33.8475],[-96.8322,33.8748],[-96.7835,33.8635],[-96.7616,33.8244],[-96.7124,33.8316],[-96.6599,33.9167],[-96.5854,33.8889],[-96.629,33.8524],[-96.6232,33.8415],[-96.5729,33.8191],[-96.5267,33.8209],[-96.5003,33.7726],[-96.4226,33.776],[-96.3794,33.7258],[-96.3559,33.6872],[-96.3211,33.6951],[-96.2937,33.7694],[-96.229,33.748],[-96.1866,33.7564],[-96.1592,33.8102],[-96.1704,33.7994],[-96.179,33.8106],[-96.1508,33.817],[-96.1481,33.8378],[-96.0994,33.8305],[-96.1001,33.848],[-96.0488,33.8365],[-96.0239,33.8571],[-96.0196,33.8406],[-95.9984,33.851],[-96.0034,33.8723],[-95.9843,33.8527],[-95.9443,33.8598],[-95.9258,33.885],[-95.8464,33.84],[-95.8282,33.8361],[-95.8051,33.8613],[-95.7636,33.8468],[-95.7517,33.8556],[-95.7564,33.8926],[-95.6979,33.8861],[-95.6655,33.909],[-95.6322,33.905],[-95.5967,33.9421],[-95.5545,33.9281],[-95.5452,33.8803],[-95.5107,33.8979],[-95.5023,33.8747],[-95.4595,33.8863],[-95.4623,33.8717],[-95.4409,33.8664],[-95.3144,33.8816],[-95.3086,33.3807],[-95.3964,33.4008],[-95.3066,33.378],[-95.3104,33.8774],[-95.2809,33.8754],[-95.2786,33.9102],[-95.2527,33.8942],[-95.2502,33.9385],[-95.2141,33.9621],[-95.1247,33.9347],[-95.1312,33.9122],[-95.1171,33.9036],[-95.0824,33.9218],[-95.1002,33.8961],[-95.0896,33.8809],[-95.0687,33.9176],[-95.0466,33.8626],[-94.9885,33.851],[-94.9689,33.8609],[-94.9644,33.837],[-94.9438,33.8293],[-94.9479,33.8084],[-94.9148,33.8245],[-94.922,33.7916],[-94.8765,33.7574],[-94.8681,33.7689],[-94.8771,33.7522],[-94.8607,33.7419],[-94.8225,33.7327],[-94.8253,33.7685],[-94.8023,33.7328],[-94.7601,33.7583],[-94.7883,33.7353],[-94.7514,33.7337],[-94.7521,33.7138],[-94.7326,33.7239],[-94.7533,33.7103],[-94.7524,33.3282],[-94.7461,33.7028],[-94.7207,33.6891],[-94.7279,33.7156],[-94.7017,33.7034],[-94.7162,33.6879],[-94.649,33.6873],[-94.6443,33.7017],[-94.6455,33.6735],[-94.671,33.6684],[-94.6559,33.6602],[-94.6224,33.6824],[-94.5931,33.6654],[-94.5871,33.6858],[-94.5799,33.6662],[-94.5603,33.6666],[-94.5908,33.6456],[-94.5496,33.6607],[-94.5454,33.6462],[-94.5704,33.6299],[-94.5218,33.6407],[-94.5274,33.6158],[-94.5173,33.6327],[-94.5046,33.6207],[-94.4486,33.6428],[-94.4722,33.6042],[-94.43,33.5911],[-94.4132,33.5694],[-94.3829,33.5833],[-94.3786,33.5713],[-94.4016,33.5594],[-94.3817,33.544],[-94.3559,33.5432],[-94.3455,33.5673],[-94.3096,33.5517],[-94.2891,33.5821],[-94.2909,33.5589],[-94.2791,33.557],[-94.2402,33.5895],[-94.2502,33.5568],[-94.2081,33.5669],[-94.1964,33.5551],[-94.1944,33.5737],[-94.2172,33.5807],[-94.1839,33.5947],[-94.1419,33.5796],[-94.1515,33.5684],[-94.1343,33.5692],[-94.1269,33.5506],[-94.0974,33.5737],[-94.0434,33.5516],[-94.043,33.2712],[-94.0429,32.8811],[-94.0431,32.693],[-94.0427,31.9993],[-93.9739,31.9217],[-93.9233,31.9078],[-93.9221,31.8857],[-93.8974,31.8944],[-93.8748,31.8217],[-93.8234,31.7751],[-93.8361,31.7485],[-93.8135,31.7259],[-93.8169,31.7088],[-93.7945,31.7021],[-93.8265,31.6669],[-93.8196,31.6141],[-93.8381,31.6068],[-93.8349,31.5862],[-93.7877,31.5273],[-93.7134,31.5148],[-93.7495,31.4687],[-93.7039,31.4555],[-93.7092,31.445],[-93.6925,31.4382],[-93.7049,31.4109],[-93.6741,31.3977],[-93.6701,31.3657],[-93.6393,31.3715],[-93.6684,31.353],[-93.6879,31.3098],[-93.6441,31.2716],[-93.6203,31.271],[-93.6183,31.2331],[-93.5968,31.228],[-93.6003,31.1762],[-93.5885,31.1656],[-93.5489,31.1866],[-93.5314,31.179],[-93.5487,31.1558],[-93.5397,31.1144],[-93.5635,31.094],[-93.5277,31.0746],[-93.5189,31.0619],[-93.5312,31.0517],[-93.5085,31.0294],[-93.5782,31.0],[-93.5641,30.988],[-93.5728,30.9707],[-93.5318,30.9582],[-93.526,30.9375],[-93.5741,30.8845],[-93.5546,30.8232],[-93.5822,30.8031],[-93.5921,30.7637],[-93.6148,30.7561],[-93.6095,30.7231],[-93.6299,30.6799],[-93.6831,30.6408],[-93.6787,30.5941],[-93.7219,30.5803],[-93.7391,30.5408],[-93.7073,30.5114],[-93.7168,30.4819],[-93.6993,30.4374],[-93.7268,30.4297],[-93.7568,30.3912],[-93.7658,30.3333],[-93.7439,30.304],[-93.7046,30.2899],[-93.719,30.2087],[-93.7055,30.1929],[-93.7065,30.1474],[-93.6886,30.1404],[-93.7341,30.0861],[-93.6994,30.0592],[-93.7195,30.0638],[-93.7397,30.024],[-93.7869,29.9906],[-93.8543,29.865],[-93.9292,29.803],[-93.8377,29.679],[-94.0565,29.6712],[-94.6316,29.4518],[-94.6942,29.4156],[-94.7334,29.368],[-94.7787,29.3615],[-94.7743,29.3992],[-94.7035,29.4365],[-94.6767,29.4735],[-94.6066,29.4828],[-94.569,29.5302],[-94.4933,29.5136],[-94.4742,29.553],[-94.5215,29.5408],[-94.561,29.5744],[-94.7407,29.5269],[-94.779,29.5302],[-94.7886,29.5461],[-94.7512,29.5505],[-94.7013,29.6394],[-94.6959,29.7591],[-94.7252,29.7934],[-94.8152,29.7585],[-94.8726,29.6712],[-94.9205,29.6571],[-94.9427,29.6978],[-94.9898,29.7134],[-95.0197,29.7044],[-94.9828,29.6819],[-95.0156,29.6395],[-94.9827,29.6013],[-95.0171,29.5487],[-94.982,29.5132],[-94.912,29.4963],[-94.9254,29.4709],[-94.9534,29.4726],[-94.892,29.4337],[-94.8898,29.3782],[-94.8644,29.3705],[-94.9066,29.356],[-94.9,29.3024],[-94.9183,29.2932],[-94.9259,29.3007],[-94.9073,29.3088],[-94.942,29.3135],[-95.0571,29.2005],[-95.1038,29.1754],[-95.1158,29.1995],[-95.157,29.195],[-95.1671,29.1131],[-95.1238,29.0706],[-95.3837,28.87],[-95.5072,28.8256],[-95.504,28.8375],[-95.834,28.6556],[-96.2054,28.4979],[-96.3783,28.3908],[-96.4428,28.3177],[-96.632,28.2228],[-96.8531,28.0608],[-96.8032,28.1356],[-96.8185,28.1455],[-96.817,28.1751],[-96.7864,28.1897],[-96.7204,28.186],[-96.6976,28.2022],[-96.7026,28.2155],[-96.6627,28.226],[-96.6485,28.252],[-96.5959,28.2773],[-96.6036,28.2926],[-96.4406,28.343],[-96.4387,28.3688],[-96.4714,28.3652],[-96.4163,28.4139],[-96.453,28.4187],[-96.5731,28.3588],[-96.6251,28.3162],[-96.6204,28.304],[-96.6324,28.3187],[-96.6652,28.3096],[-96.7052,28.3488],[-96.7062,28.4046],[-96.7485,28.4127],[-96.7931,28.4804],[-96.8274,28.4661],[-96.7646,28.4255],[-96.7809,28.4011],[-96.8381,28.4328],[-96.8596,28.4133],[-96.7945,28.3646],[-96.8117,28.2135],[-96.9238,28.1147],[-96.9103,28.1473],[-96.9316,28.1239],[-96.9635,28.1334],[-96.9267,28.1896],[-96.9425,28.2177],[-96.9142,28.2696],[-96.9685,28.22],[-96.9459,28.1965],[-96.9728,28.172],[-96.9834,28.1249],[-97.0254,28.1496],[-97.0091,28.1595],[-97.0192,28.1632],[-97.0088,28.2027],[-97.019,28.2033],[-97.1692,28.1305],[-97.2402,28.0615],[-97.1999,28.0683],[-97.1199,28.0216],[-97.1059,28.038],[-97.1352,28.0479],[-97.1121,28.0687],[-97.0542,28.0928],[-97.0487,28.1166],[-97.0206,28.1048],[-97.0368,28.0759],[-97.0252,28.0321],[-97.0488,28.0221],[-97.0751,27.9396],[-97.0796,27.9755],[-97.1444,27.8831],[-97.201,27.8213],[-97.2217,27.8244],[-97.2218,27.8506],[-97.2636,27.8808],[-97.3542,27.8513],[-97.3307,27.8738],[-97.3378,27.8836],[-97.4567,27.8778],[-97.4812,27.8601],[-97.4932,27.8841],[-97.5207,27.8607],[-97.4721,27.8242],[-97.3789,27.8359],[-97.3933,27.7829],[-97.3656,27.7388],[-97.2468,27.6945],[-97.2692,27.6774],[-97.2946,27.5927],[-97.325,27.5611],[-97.3694,27.4104],[-97.4144,27.3216],[-97.5083,27.275],[-97.5444,27.2842],[-97.5006,27.3066],[-97.4815,27.3405],[-97.4936,27.3906],[-97.5337,27.34],[-97.613,27.2852],[-97.6369,27.301],[-97.6332,27.3246],[-97.6584,27.3297],[-97.6613,27.3601],[-97.7088,27.3856],[-97.6844,27.3199],[-97.6549,27.3051],[-97.6613,27.2889],[-97.7352,27.2718],[-97.7277,27.2616],[-97.6473,27.2764],[-97.6311,27.2422],[-97.5429,27.2292],[-97.4226,27.262],[-97.4416,27.1638],[-97.431,27.1609],[-97.4394,27.0765],[-97.4179,27.0709],[-97.4392,27.0707],[-97.4533,26.9173],[-97.4385,26.911],[-97.4532,26.9105],[-97.4569,26.8826],[-97.4102,26.8744],[-97.4576,26.8729],[-97.4603,26.8473],[-97.4138,26.8151],[-97.4648,26.824],[-97.4786,26.8067],[-97.4406,26.5999],[-97.4154,26.5528],[-97.4131,26.4812],[-97.3805,26.4806],[-97.2799,26.2709],[-97.3098,26.2883],[-97.3243,26.2773],[-97.2999,26.2674],[-97.3167,26.224],[-97.2948,26.1923],[-97.3031,26.1708],[-97.2828,26.1191],[-97.293,26.1302],[-97.3125,26.1203],[-97.2694,26.0861],[-97.1997,26.077],[-97.1957,26.0466],[-97.1526,26.0641],[-97.1461,25.9567],[-97.2072,25.9636],[-97.247,25.9482],[-97.2844,25.9592],[-97.2772,25.9354],[-97.3247,25.9186],[-97.3483,25.9311],[-97.3749,25.9085],[-97.3574,25.8868],[-97.3728,25.8815],[-97.3586,25.8781],[-97.3729,25.8401],[-97.399,25.8391],[-97.4079,25.8611],[-97.4222,25.8403],[-97.4458,25.8514],[-97.4582,25.8843],[-97.4975,25.8806],[-97.4989,25.8987],[-97.5198,25.886],[-97.5476,25.9351],[-97.5841,25.9347],[-97.5688,25.9529],[-97.5797,25.9438],[-97.5817,25.9608],[-97.6021,25.9574],[-97.6344,25.9903],[-97.6177,26.0011],[-97.6456,26.0068],[-97.6452,26.0278],[-97.6528,26.0163],[-97.667,26.0189],[-97.6609,26.0307],[-97.6923,26.0323],[-97.6934,26.0196],[-97.7088,26.036],[-97.7382,26.022],[-97.7638,26.0273],[-97.769,26.0475],[-97.7777,26.0294],[-97.8003,26.0594],[-97.8328,26.0462],[-97.8614,26.0542],[-97.8622,26.4336],[-97.8686,26.0572],[-97.9322,26.0645],[-97.9674,26.0517],[-97.9813,26.0672],[-98.0264,26.0665],[-98.0392,26.0413],[-98.0766,26.0364],[-98.0805,26.0709],[-98.091,26.0592],[-98.1283,26.0619],[-98.1315,26.0742],[-98.1448,26.0496],[-98.1763,26.0751],[-98.1966,26.0541],[-98.2865,26.1023],[-98.2685,26.1206],[-98.299,26.1184],[-98.3065,26.1043],[-98.3352,26.1376],[-98.3347,26.1656],[-98.3523,26.1511],[-98.3598,26.1723],[-98.3872,26.1583],[-98.4425,26.1992],[-98.4434,26.2237],[-98.5061,26.209],[-98.5009,26.2222],[-98.5219,26.2216],[-98.5245,26.2356],[-98.5341,26.2256],[-98.5453,26.2445],[-98.5592,26.2263],[-98.5676,26.2416],[-98.58,26.235],[-98.5863,26.258],[-98.6752,26.24],[-98.6838,26.2644],[-98.7184,26.2714],[-98.7018,26.2862],[-98.7502,26.2957],[-98.7542,26.3079],[-98.7363,26.3102],[-98.7495,26.33],[-98.7898,26.3316],[-98.8073,26.3694],[-98.8967,26.3533],[-98.9287,26.3937],[-98.9387,26.3697],[-98.9614,26.398],[-99.0117,26.3925],[-99.0317,26.413],[-99.082,26.3965],[-99.1135,26.4325],[-99.0916,26.477],[-99.1278,26.5252],[-99.1707,26.5403],[-99.2089,26.7248],[-99.24,26.7459],[-99.2686,26.8432],[-99.3168,26.8658],[-99.3247,26.916],[-99.3791,26.9345],[-99.3931,26.964],[-99.3784,26.98],[-99.4155,27.0172],[-99.4461,27.0233],[-99.4523,27.0627],[-99.4292,27.091],[-99.4418,27.1054],[-99.4263,27.1763],[-99.4538,27.2651],[-99.4924,27.2641],[-99.4946,27.3035],[-99.5378,27.3176],[-99.5044,27.3399],[-99.4875,27.4124],[-99.4951,27.4515],[-99.4793,27.4786],[-99.4968,27.5001],[-99.5283,27.4989],[-99.5122,27.5681],[-99.555,27.6145],[-99.58,27.6023],[-99.594,27.6386],[-99.6263,27.6424],[-99.6389,27.6268],[-99.6659,27.636],[-99.6689,27.66],[-99.7115,27.6584],[-99.7707,27.7321],[-99.7963,27.7356],[-99.8131,27.774],[-99.8388,27.7642],[-99.8509,27.794],[-99.8766,27.7974],[-99.8772,27.8422],[-99.9044,27.8753],[-99.8969,27.9077],[-99.9371,27.9405],[-99.9318,27.981],[-99.9898,27.9929],[-100.0179,28.0648],[-100.0531,28.0847],[-100.0834,28.144],[-100.2122,28.1968],[-100.2203,28.2322],[-100.2516,28.2362],[-100.2935,28.2785],[-100.2886,28.317],[-100.3419,28.385],[-100.3378,28.443],[-100.3675,28.4748],[-100.3349,28.5003],[-100.3889,28.5157],[-100.4114,28.5519],[-100.4004,28.5869],[-100.4473,28.6093],[-100.4457,28.6406],[-100.4981,28.6596],[-100.5076,28.7406],[-100.5322,28.7572],[-100.5358,28.8059],[-100.5473,28.8258],[-100.5747,28.8288],[-100.6008,28.9008],[-100.6393,28.9123],[-100.6307,28.924],[-100.6507,28.942],[-100.6675,29.0843],[-100.7726,29.1685],[-100.7671,29.1953],[-100.7949,29.2416],[-100.7578,29.2383],[-100.8781,29.2809],[-100.8868,29.3078],[-101.0106,29.3687],[-101.0602,29.4587],[-101.1443,29.4732],[-101.1738,29.5146],[-101.2549,29.5203],[-101.2612,29.5368],[-101.2412,29.5654],[-101.2504,29.6242],[-101.2692,29.63],[-101.291,29.5715],[-101.3055,29.5779],[-101.3039,29.6526],[-101.3632,29.6526],[-101.3728,29.6994],[-101.4156,29.7465],[-101.4031,29.7714],[-101.4455,29.7494],[-101.4616,29.7898],[-101.5358,29.7589],[-101.5419,29.8108],[-101.5677,29.7987],[-101.577,29.7691],[-101.626,29.7711],[-101.6464,29.7543],[-101.6625,29.7713],[-101.7089,29.7616],[-101.8075,29.7814],[-101.8036,29.8034],[-101.8183,29.8116],[-101.8241,29.7872],[-101.851,29.8079],[-101.9293,29.7826],[-101.9766,29.816],[-101.9886,29.7967],[-102.0348,29.804],[-102.0488,29.7861],[-102.1423,29.8029],[-102.1887,29.8489],[-102.1971,29.8364],[-102.2235,29.8405],[-102.2456,29.8635],[-102.2635,29.8542],[-102.265,29.8678],[-102.3207,29.8789],[-102.3645,29.8454],[-102.39,29.7622],[-102.5158,29.7843],[-102.5134,29.7658],[-102.5483,29.7446]],[[-104.1024,31.1052],[-104.9172,30.6636],[-104.98,30.6292],[-104.1024,31.1052]],[[-103.4715,30.6868],[-103.5851,30.7665],[-104.1024,31.1052],[-103.4715,30.6868]],[[-103.5851,30.7665],[-103.0025,31.369],[-103.0107,31.3775],[-103.5851,30.7665]],[[-102.7991,32.0858],[-102.3512,32.0868],[-103.0643,32.0871],[-102.7991,32.0858]],[[-102.211,32.5232],[-102.2045,32.5233],[-103.0647,32.5222],[-102.211,32.5232]],[[-102.6151,34.3129],[-102.2991,34.313],[-103.044,34.3127],[-102.6151,34.3129]],[[-101.0861,35.6253],[-101.0863,35.1821],[-101.0857,36.0553],[-101.0861,35.6253]],[[-101.6228,35.6241],[-101.6228,35.6202],[-101.0861,35.6253],[-101.6228,35.6241]],[[-99.4817,34.077],[-99.4754,34.0855],[-99.4751,34.396],[-99.4817,34.077]],[[-98.423,33.8361],[-98.9532,33.834],[-98.4236,33.836],[-98.4217,33.5565],[-98.4235,34.0828],[-98.423,33.8361]],[[-96.3846,33.3978],[-96.8411,33.413],[-96.8441,32.9874],[-96.8851,32.9878],[-96.2972,32.9818],[-96.2974,32.8142],[-96.2973,32.8417],[-96.2954,33.3519],[-95.8587,33.4095],[-96.3845,33.3411],[-96.3794,33.7258],[-96.3846,33.3978]],[[-96.5196,32.7965],[-96.519,32.8136],[-96.517,32.9829],[-96.5196,32.7965]],[[-96.0768,32.8385],[-95.9391,32.8373],[-96.2973,32.8417],[-96.0768,32.8385]],[[-95.8589,33.3948],[-95.8584,33.4191],[-95.8587,33.4095],[-95.8589,33.3948]],[[-95.3082,33.3771],[-95.2422,33.3679],[-95.3066,33.378],[-95.3082,33.3771]],[[-95.2422,33.3679],[-95.0653,33.3877],[-95.1011,33.3966],[-95.2422,33.3679]],[[-94.654,32.8795],[-94.7059,32.8792],[-94.0429,32.8811],[-94.654,32.8795]],[[-94.7059,32.8792],[-94.7188,32.9013],[-94.699,32.8451],[-94.7059,32.8792]],[[-93.8388,29.9295],[-93.8452,29.9438],[-93.8543,29.865],[-93.8388,29.9295]],[[-96.3227,28.6429],[-96.3092,28.9633],[-96.3235,28.6756],[-96.3783,28.3908],[-96.3227,28.6429]],[[-97.1782,27.9621],[-97.1374,27.9009],[-97.1339,27.9011],[-97.1782,27.9621]],[[-99.3942,28.2046],[-100.1137,28.1978],[-100.2122,28.1968],[-99.3942,28.2046]],[[-99.3889,28.0304],[-99.3957,28.6407],[-99.3942,28.2046],[-99.3889,28.0304]],[[-102.567,30.0528],[-102.8958,30.2833],[-102.3207,29.8789],[-102.567,30.0528]],[[-97.9966,33.0023],[-97.5442,32.9942],[-97.5215,32.994],[-97.9216,33.0013],[-97.9966,33.0023]],[[-98.0561,33.003],[-98.0685,32.5116],[-98.0668,32.5588],[-98.0561,33.003]],[[-98.0685,32.5116],[-99.0961,32.5148],[-99.0986,32.5148],[-98.0685,32.5116]],[[-98.0668,32.5588],[-97.0871,32.5493],[-97.0861,32.5493],[-97.5506,32.5554],[-98.0668,32.5588]],[[-97.0871,32.2668],[-97.087,32.2668],[-97.0871,32.5493],[-97.0871,32.2668]],[[-97.7964,31.6573],[-97.6898,31.711],[-97.7664,31.6725],[-97.7964,31.6573]],[[-97.9629,30.7856],[-97.8281,30.9044],[-97.8308,30.9087],[-97.9629,30.7856]],[[-97.7924,29.9452],[-97.6655,30.0608],[-97.7088,30.0235],[-97.7924,29.9452]],[[-97.848,29.8411],[-97.8486,29.8433],[-97.8541,29.8449],[-97.848,29.8411]],[[-97.8424,29.7992],[-97.8353,29.7949],[-97.8441,29.8268],[-97.8424,29.7992]],[[-97.8141,29.7821],[-97.8171,29.7904],[-97.8236,29.7879],[-97.8141,29.7821]],[[-97.6534,29.6583],[-97.6526,29.6678],[-97.7005,29.6684],[-97.6534,29.6583]],[[-97.7792,29.4576],[-97.6348,29.6477],[-97.6353,29.6479],[-97.7792,29.4576]],[[-97.7284,29.2217],[-97.6137,29.1103],[-97.8588,29.3529],[-97.7284,29.2217]],[[-97.4172,28.9251],[-97.7778,28.6685],[-97.4134,28.9237],[-97.4172,28.9251]],[[-97.9041,28.1142],[-97.8177,28.1768],[-97.8088,28.1834],[-97.9041,28.1142]],[[-97.7963,28.0278],[-97.7961,28.0313],[-97.7989,28.0316],[-97.7963,28.0278]],[[-97.7985,27.9957],[-97.8174,27.9692],[-97.7986,27.9894],[-97.7985,27.9957]],[[-97.9855,26.7809],[-97.9853,26.6158],[-97.9861,27.2605],[-97.9855,26.7809]],[[-97.9574,26.6118],[-97.8617,26.598],[-97.9853,26.6158],[-97.9574,26.6118]],[[-98.4115,30.5021],[-98.1257,30.4262],[-98.1257,30.4262],[-98.351,30.4861],[-98.4115,30.5021]],[[-98.7526,30.4999],[-98.5917,30.4999],[-98.4115,30.5021],[-98.7526,30.4999]],[[-101.4716,34.7475],[-101.0142,34.7482],[-101.6169,34.7477],[-101.4716,34.7475]],[[-101.469,32.9626],[-99.612,32.957],[-99.35,32.957],[-101.0387,32.9702],[-101.469,32.9626]],[[-100.6606,32.5253],[-101.1746,32.5277],[-101.1746,32.5241],[-100.6606,32.5253]],[[-99.6314,32.0816],[-99.6296,32.5147],[-99.6126,32.5147],[-99.6297,32.5149],[-99.6314,32.0816]],[[-99.714,32.0815],[-99.7174,31.5605],[-99.714,32.0815],[-99.714,32.0815]],[[-100.2338,31.5822],[-100.1112,31.5803],[-99.7217,31.5768],[-100.2338,31.5822]],[[-100.2351,32.0824],[-100.2358,31.693],[-100.2338,31.5822],[-100.2351,32.0824]],[[-100.0021,32.0822],[-100.1519,32.0826],[-100.625,32.0852],[-100.2351,32.0824],[-100.0021,32.0822]],[[-99.6734,31.5553],[-99.6776,31.555],[-99.6751,31.5531],[-99.6734,31.5553]],[[-99.6551,31.5328],[-99.6911,31.5323],[-99.6579,31.5281],[-99.6551,31.5328]],[[-99.5367,31.4834],[-99.6218,31.5013],[-99.6018,31.4919],[-99.5367,31.4834]],[[-99.6032,31.0873],[-99.6036,30.9407],[-99.6018,31.4919],[-99.6032,31.0873]],[[-99.6036,30.9407],[-99.0924,30.941],[-99.0924,30.941],[-99.6036,30.9407]],[[-99.5346,29.6268],[-99.6031,29.6272],[-99.8891,29.6246],[-99.5346,29.6268]],[[-102.0138,34.313],[-101.9046,34.3129],[-101.998,34.313],[-102.0138,34.313]],[[-102.0941,32.087],[-101.2642,32.0871],[-101.1107,32.087],[-101.184,32.0872],[-101.695,32.0875],[-102.0941,32.087]],[[-101.2671,31.6509],[-101.2747,31.0835],[-101.2642,32.0871],[-101.2671,31.6509]],[[-100.6888,31.0866],[-101.009,31.0826],[-100.1152,31.088],[-100.6888,31.0866]],[[-100.9606,30.2882],[-100.9606,30.7061],[-100.9622,31.0825],[-100.9606,30.2882]],[[-101.7307,30.3287],[-101.7371,30.3269],[-101.7584,30.288],[-101.7307,30.3287]],[[-102.882,31.6517],[-102.7672,31.6517],[-102.4769,31.6515],[-102.7989,31.6518],[-102.882,31.6517]],[[-102.7532,31.2792],[-102.7422,31.2832],[-102.773,31.2912],[-102.7532,31.2792]],[[-102.7249,31.3084],[-102.742,31.2833],[-102.73,31.2877],[-102.7249,31.3084]],[[-102.6706,31.3259],[-102.6732,31.3281],[-102.7249,31.3084],[-102.6706,31.3259]],[[-102.4062,31.0879],[-102.3888,31.0872],[-102.3537,31.087],[-102.4062,31.0879]],[[-101.8315,30.8017],[-101.8516,30.8578],[-101.8539,30.8596],[-101.8315,30.8017]],[[-101.6908,30.6418],[-101.7092,30.6527],[-101.7684,30.6531],[-101.6908,30.6418]],[[-101.6589,30.3426],[-101.6628,30.3482],[-101.7086,30.3351],[-101.6589,30.3426]],[[-101.6712,30.3599],[-101.7009,30.4018],[-101.6955,30.379],[-101.6712,30.3599]],[[-101.6466,30.551],[-101.6494,30.5572],[-101.6792,30.5235],[-101.6466,30.551]],[[-103.9513,31.9814],[-103.9486,31.9545],[-103.9478,31.9816],[-103.9513,31.9814]],[[-103.6109,31.6518],[-103.4306,31.6518],[-103.6165,31.6524],[-103.573,31.6323],[-103.6109,31.6518]],[[-103.0673,31.3652],[-103.1573,31.3699],[-103.1302,31.3639],[-103.0673,31.3652]],[[-103.2299,31.3859],[-103.243,31.391],[-103.2417,31.3885],[-103.2299,31.3859]],[[-103.3938,31.4313],[-103.4334,31.4276],[-103.3844,31.4209],[-103.3938,31.4313]],[[-103.4619,31.4315],[-103.4667,31.4351],[-103.4651,31.4319],[-103.4619,31.4315]],[[-103.4821,31.4772],[-103.5035,31.5055],[-103.4825,31.4652],[-103.4821,31.4772]],[[-102.4927,32.959],[-102.2085,32.959],[-102.0733,32.9597],[-102.0762,32.9597],[-102.4927,32.959]],[[-102.1675,35.1832],[-102.1628,35.62],[-102.163,36.0552],[-102.1628,35.6275],[-102.1675,35.1832]],[[-100.6994,29.6239],[-100.1121,29.6233],[-100.0686,29.6235],[-100.6994,29.6239]],[[-100.0417,30.29],[-100.1165,30.2903],[-100.8005,30.2883],[-100.7004,30.2883],[-100.0417,30.29]],[[-98.7983,27.354],[-98.8033,28.0575],[-98.7981,27.268],[-98.7983,27.354]],[[-99.3336,27.2732],[-98.9547,27.2694],[-98.7981,27.268],[-99.3336,27.2732]],[[-100.5228,34.7477],[-100.5407,34.7477],[-100.5818,34.7478],[-100.5228,34.7477]],[[-99.5776,33.8027],[-99.5801,33.7926],[-99.5569,33.7981],[-99.5776,33.8027]],[[-99.5464,33.7957],[-99.5535,33.7973],[-99.5465,33.7913],[-99.5464,33.7957]],[[-99.4926,33.7672],[-99.5314,33.7783],[-99.5211,33.7694],[-99.4926,33.7672]],[[-100.5187,33.8356],[-100.0361,33.8359],[-100.0485,33.836],[-100.5187,33.8356]],[[-99.5503,34.0564],[-99.5316,34.0739],[-99.5349,34.074],[-99.5503,34.0564]],[[-99.5245,34.0736],[-99.4904,34.0655],[-99.4853,34.0722],[-99.5245,34.0736]],[[-101.0415,34.3124],[-100.9461,34.3128],[-101.2746,34.3125],[-101.0415,34.3124]],[[-98.335,28.6127],[-98.335,28.6127],[-98.2401,28.6826],[-98.335,28.6127]],[[-98.5233,27.2651],[-98.5366,27.2652],[-98.4128,27.2641],[-98.5233,27.2651]],[[-98.4046,26.7834],[-98.4226,26.7835],[-98.9542,26.7857],[-98.4046,26.7834]],[[-99.063,31.4627],[-99.0394,31.4902],[-99.082,31.4615],[-99.063,31.4627]],[[-99.019,31.4696],[-99.0122,31.4723],[-99.0394,31.4902],[-99.019,31.4696]],[[-98.9924,31.4801],[-98.9919,31.4826],[-99.0027,31.476],[-98.9924,31.4801]],[[-98.5682,31.1978],[-98.5627,31.2304],[-98.5635,31.232],[-98.5682,31.1978]],[[-98.5484,31.1244],[-98.5039,31.1635],[-98.5077,31.1655],[-98.5484,31.1244]],[[-98.5271,31.0907],[-98.5257,31.0921],[-98.5484,31.1244],[-98.5271,31.0907]],[[-98.4822,31.0592],[-98.4397,31.0296],[-98.4781,31.0624],[-98.4822,31.0592]],[[-98.9177,29.7814],[-99.177,29.8951],[-98.8571,29.7546],[-98.9177,29.7814]],[[-98.7382,29.7166],[-98.7803,29.7208],[-98.7788,29.7202],[-98.7382,29.7166]],[[-98.6877,29.7376],[-98.7325,29.7295],[-98.7382,29.7166],[-98.6877,29.7376]],[[-98.8066,29.6906],[-98.8009,28.6505],[-98.8066,29.6906],[-98.8066,29.6906]],[[-98.6435,29.7404],[-98.5828,29.7411],[-98.6458,29.7452],[-98.6435,29.7404]],[[-98.2597,29.5413],[-98.2597,29.5426],[-98.2658,29.5444],[-98.2597,29.5413]],[[-98.2216,29.5479],[-98.2432,29.5571],[-98.2588,29.5546],[-98.2216,29.5479]],[[-98.4525,30.8723],[-98.4224,30.8642],[-98.4519,30.8766],[-98.4525,30.8723]],[[-98.429,30.7543],[-98.427,30.7539],[-98.432,30.7904],[-98.429,30.7543]],[[-98.4082,30.5697],[-98.4074,30.5698],[-98.408,30.5705],[-98.4082,30.5697]],[[-98.4145,30.9421],[-98.4457,30.9603],[-98.4471,30.9518],[-98.4145,30.9421]],[[-99.1959,32.0792],[-98.9244,32.078],[-99.4688,32.0807],[-99.1959,32.0792]],[[-98.5512,32.2614],[-98.4747,32.2991],[-98.9244,32.078],[-98.5512,32.2614]],[[-99.3157,31.4103],[-99.2432,31.4786],[-99.2472,31.4797],[-99.3157,31.4103]],[[-99.2206,31.4722],[-99.2092,31.4653],[-99.2046,31.4677],[-99.2206,31.4722]],[[-99.1865,31.4582],[-99.1849,31.455],[-99.1828,31.4561],[-99.1865,31.4582]],[[-99.1444,31.4624],[-99.1251,31.4565],[-99.1162,31.4682],[-99.1444,31.4624]],[[-98.76,31.6879],[-98.4928,31.7236],[-98.6684,31.7005],[-98.76,31.6879]],[[-98.284,31.4344],[-98.4637,31.684],[-98.4928,31.7236],[-98.284,31.4344]],[[-98.1566,31.8417],[-98.2084,31.9175],[-98.2512,31.9801],[-98.1566,31.8417]],[[-98.1909,31.4571],[-98.271,31.4164],[-98.2669,31.4107],[-98.1909,31.4571]],[[-99.078,32.9569],[-98.7782,32.9554],[-98.9509,32.9569],[-99.078,32.9569]],[[-97.5121,32.1614],[-97.4761,32.1735],[-97.1495,32.2518],[-97.476,32.1817],[-97.5121,32.1614]],[[-97.5155,32.1355],[-97.5096,32.1361],[-97.5121,32.1614],[-97.5155,32.1355]],[[-97.4569,32.167],[-97.4634,32.1692],[-97.4662,32.159],[-97.4569,32.167]],[[-97.0373,31.8631],[-97.2854,31.7526],[-97.2782,31.7463],[-97.0373,31.8631]],[[-96.6327,30.741],[-96.6214,30.7308],[-96.6172,30.7304],[-96.6327,30.741]],[[-96.4269,30.5883],[-96.4367,30.5784],[-96.4321,30.5727],[-96.4269,30.5883]],[[-96.4193,30.5459],[-96.4201,30.5843],[-96.4256,30.5875],[-96.4193,30.5459]],[[-96.386,30.5406],[-96.4052,30.5399],[-96.388,30.5324],[-96.386,30.5406]],[[-96.3069,30.3946],[-96.2965,30.4104],[-96.2989,30.4105],[-96.3069,30.3946]],[[-96.2902,30.371],[-96.2966,30.3799],[-96.3043,30.379],[-96.2902,30.371]],[[-96.2122,30.3737],[-96.2804,30.3653],[-96.2687,30.3587],[-96.2122,30.3737]],[[-96.1499,30.3688],[-96.1776,30.3881],[-96.1755,30.375],[-96.1499,30.3688]],[[-96.0944,30.3094],[-96.0976,30.3089],[-96.1006,30.2928],[-96.0944,30.3094]],[[-96.0977,30.2569],[-96.0844,30.2877],[-96.0993,30.258],[-96.0977,30.2569]],[[-95.8043,30.2456],[-96.1054,30.2329],[-96.1,30.2218],[-95.8043,30.2456]],[[-95.8096,30.0863],[-95.6711,30.1012],[-95.8033,30.0901],[-95.8044,30.3378],[-95.8157,30.4663],[-95.8043,30.2456],[-95.8096,30.0863]],[[-95.826,29.7886],[-95.9607,30.1634],[-95.8263,29.7885],[-95.826,29.7886]],[[-95.3323,29.5989],[-95.3402,29.5914],[-95.2996,29.5968],[-95.3323,29.5989]],[[-95.2663,29.5946],[-95.2706,29.5949],[-95.2661,29.594],[-95.2663,29.5946]],[[-95.2163,29.5558],[-95.2006,29.5616],[-95.2183,29.5591],[-95.2331,29.4656],[-95.2163,29.5558]],[[-97.4927,30.2099],[-97.6534,30.0713],[-97.3158,29.7865],[-97.6494,30.0679],[-97.4927,30.2099]],[[-97.5977,29.6307],[-97.3179,29.7847],[-97.1305,29.6433],[-97.3158,29.7865],[-97.5977,29.6307]],[[-97.2041,29.5806],[-97.1426,29.6281],[-97.1305,29.6433],[-97.2041,29.5806]],[[-96.8739,29.6326],[-96.8742,29.6327],[-97.1426,29.6281],[-96.8739,29.6326]],[[-96.9767,29.1038],[-97.3059,28.864],[-96.9767,29.1038],[-96.9767,29.1038]],[[-97.3081,28.8661],[-97.3005,28.8441],[-97.3059,28.864],[-97.3081,28.8661]],[[-97.2361,28.864],[-97.2348,28.8644],[-97.2362,28.8649],[-97.2361,28.864]],[[-97.2276,28.8622],[-97.1953,28.8391],[-97.205,28.855],[-97.2276,28.8622]],[[-97.1616,28.7835],[-97.1876,28.8264],[-97.1905,28.8133],[-97.1616,28.7835]],[[-97.3756,28.3887],[-97.154,28.5702],[-97.3818,28.3914],[-97.3756,28.3887]],[[-97.5676,28.1297],[-97.5411,28.1647],[-97.3756,28.3887],[-97.5676,28.1297]],[[-96.9969,28.5076],[-96.9928,28.5031],[-96.9856,28.5015],[-96.9969,28.5076]],[[-96.9361,28.4907],[-96.9251,28.4883],[-96.9249,28.4886],[-96.9361,28.4907]],[[-97.1253,28.2533],[-97.1022,28.2265],[-97.0799,28.2203],[-97.1253,28.2533]],[[-97.666,27.8783],[-97.6905,27.917],[-97.6753,27.8825],[-97.666,27.8783]],[[-97.632,27.8936],[-97.6382,27.8656],[-97.6277,27.8935],[-97.632,27.8936]],[[-97.6144,27.893],[-97.6251,27.8934],[-97.5895,27.8561],[-97.6144,27.893]],[[-97.331,28.8873],[-97.34,28.8956],[-97.3841,28.9125],[-97.331,28.8873]],[[-97.4375,28.4091],[-97.4657,28.4193],[-97.4472,28.4032],[-97.4375,28.4091]],[[-97.5052,28.4337],[-97.5191,28.4387],[-97.5179,28.432],[-97.5052,28.4337]],[[-97.3345,30.4028],[-97.4341,30.4597],[-97.1989,30.3374],[-97.3345,30.4028]],[[-97.7828,32.3165],[-97.6157,32.3186],[-97.6151,32.2043],[-97.6157,32.3187],[-97.7828,32.3165]],[[-97.5196,32.135],[-97.5697,32.1513],[-97.5218,32.1348],[-97.5196,32.135]],[[-97.5677,32.175],[-97.5727,32.1751],[-97.5697,32.1513],[-97.5677,32.175]],[[-97.5902,32.1951],[-97.594,32.1964],[-97.6017,32.1757],[-97.5902,32.1951]],[[-96.5606,29.3354],[-96.9386,29.0632],[-96.6585,29.2639],[-96.5606,29.3354]],[[-96.1995,29.6565],[-96.1754,29.6338],[-96.1732,29.6334],[-96.1995,29.6565]],[[-96.0623,29.5915],[-96.0661,29.593],[-96.0612,29.5896],[-96.0623,29.5915]],[[-96.0445,29.5619],[-96.0571,29.5828],[-96.0455,29.5562],[-96.0445,29.5619]],[[-96.0476,29.5437],[-96.0558,29.5181],[-96.0522,29.5168],[-96.0476,29.5437]],[[-95.8451,29.2594],[-95.7978,29.308],[-95.8477,29.2626],[-95.8796,29.2668],[-95.8451,29.2594]],[[-96.8999,28.554],[-96.8982,28.5602],[-96.9304,28.5867],[-96.8999,28.554]],[[-96.6495,28.7204],[-96.6434,28.7121],[-96.7228,28.6698],[-96.5854,28.7247],[-96.6495,28.7204]],[[-96.7001,28.7897],[-96.7072,28.8155],[-96.7231,28.8212],[-96.7001,28.7897]],[[-96.6647,28.7412],[-96.6701,28.7612],[-96.6838,28.7674],[-96.6647,28.7412]],[[-95.6619,28.9528],[-95.6751,28.9642],[-95.7703,28.9727],[-95.6619,28.9528]],[[-95.6417,28.9037],[-95.6458,28.9389],[-95.6534,28.9454],[-95.6417,28.9037]],[[-96.5698,29.9615],[-96.5357,29.9073],[-96.622,30.0443],[-96.5698,29.9615]],[[-96.2913,30.0956],[-96.28,30.0919],[-96.2857,30.0964],[-96.2913,30.0956]],[[-96.1628,30.0529],[-96.1474,30.0688],[-96.1491,30.0766],[-96.1628,30.0529]],[[-96.1348,30.0583],[-96.1127,30.035],[-96.112,30.0463],[-96.1348,30.0583]],[[-96.1017,29.854],[-96.1221,29.8394],[-96.1172,29.8368],[-96.1017,29.854]],[[-96.0462,29.7963],[-96.0403,29.7814],[-96.0422,29.7953],[-96.0462,29.7963]],[[-96.0166,29.6801],[-96.0596,29.6793],[-96.0494,29.677],[-96.0166,29.6801]],[[-96.0325,29.7278],[-96.0334,29.7196],[-96.0046,29.7086],[-96.0325,29.7278]],[[-96.2579,29.6689],[-96.2772,29.6989],[-96.2598,29.6693],[-96.2579,29.6689]],[[-96.1056,30.2213],[-96.1137,30.2272],[-96.1203,30.2202],[-96.1056,30.2213]],[[-96.359,30.3726],[-96.3692,30.3633],[-96.3373,30.3752],[-96.359,30.3726]],[[-96.6481,30.2988],[-96.4227,30.3434],[-96.4048,30.35],[-96.6481,30.2988]],[[-96.7544,30.3292],[-96.6789,30.3077],[-96.6947,30.3202],[-96.7544,30.3292]],[[-97.3831,33.4304],[-97.3984,32.9929],[-97.3831,33.4304],[-97.3831,33.4304]],[[-97.8398,33.4337],[-97.467,33.433],[-97.4871,33.4337],[-97.8398,33.4337]],[[-95.1729,32.9618],[-95.309,32.9626],[-95.6653,32.9604],[-95.6653,32.9604],[-95.1729,32.9618]],[[-95.665,32.9579],[-95.6354,32.7235],[-95.6277,32.7181],[-95.665,32.9579]],[[-95.5243,32.6437],[-95.5964,32.6897],[-95.5109,32.6203],[-95.5243,32.6437]],[[-95.5943,32.4799],[-95.4493,32.3553],[-95.4495,32.3599],[-95.5943,32.4799]],[[-96.0522,32.006],[-95.4241,32.0839],[-95.4779,32.1462],[-95.4285,32.0845],[-96.0522,32.006]],[[-95.4379,32.0683],[-95.4251,32.045],[-95.422,32.0473],[-95.4379,32.0683]],[[-95.4367,32.0337],[-95.4386,32.0326],[-95.4244,32.0186],[-95.4367,32.0337]],[[-95.4464,31.9985],[-95.45,31.9782],[-95.4244,32.0186],[-95.4464,31.9985]],[[-95.4507,31.9747],[-95.4533,31.9596],[-95.4227,31.9248],[-95.4507,31.9747]],[[-95.2879,31.6329],[-95.2629,31.6106],[-95.2618,31.6178],[-95.2879,31.6329]],[[-95.2639,31.6031],[-95.2732,31.5929],[-95.2664,31.5861],[-95.2639,31.6031]],[[-95.6472,31.527],[-95.7392,31.5041],[-95.7407,31.4939],[-95.6472,31.527]],[[-95.7415,31.4889],[-95.7419,31.4865],[-95.7363,31.4839],[-95.7415,31.4889]],[[-95.7265,31.4743],[-95.7468,31.4582],[-95.7228,31.4706],[-95.7265,31.4743]],[[-95.7723,31.1381],[-95.7756,31.1361],[-95.7739,31.1297],[-95.7723,31.1381]],[[-95.7658,31.0995],[-95.7644,31.0942],[-95.7635,31.0941],[-95.7658,31.0995]],[[-95.6813,30.9875],[-95.6498,30.936],[-95.6445,30.935],[-95.6813,30.9875]],[[-94.9581,31.3869],[-95.6301,30.9325],[-95.6179,30.9304],[-94.9581,31.3869]],[[-94.9614,31.3492],[-94.9536,31.3847],[-95.0077,31.4432],[-95.0055,31.4211],[-94.9581,31.3869],[-94.9614,31.3492]],[[-95.3592,30.5044],[-95.3595,30.5044],[-95.308,30.4055],[-95.3592,30.5044]],[[-95.8217,30.5342],[-95.8302,30.6303],[-95.8623,30.8584],[-95.8217,30.5342]],[[-95.4493,32.3552],[-96.0759,32.3575],[-96.4493,32.3586],[-95.4493,32.3552]],[[-96.3202,31.3752],[-95.7878,31.6182],[-96.2366,31.4134],[-96.3202,31.3752]],[[-95.7567,31.6062],[-95.767,31.6043],[-95.761,31.6001],[-95.7567,31.6062]],[[-95.7534,31.6321],[-95.7534,31.6109],[-95.7487,31.6177],[-95.7534,31.6321]],[[-95.7535,31.649],[-95.7535,31.6457],[-95.7437,31.6514],[-95.7535,31.649]],[[-95.7162,31.6236],[-95.7185,31.6324],[-95.7385,31.6526],[-95.7162,31.6236]],[[-95.7112,31.6039],[-95.713,31.6108],[-95.7294,31.5831],[-95.7112,31.6039]],[[-96.1265,30.4495],[-96.0897,30.4271],[-96.0815,30.4312],[-96.1265,30.4495]],[[-95.83,30.8621],[-95.7193,30.9077],[-95.7232,30.9085],[-95.83,30.8621]],[[-95.6393,30.9013],[-95.6296,30.9001],[-95.6269,30.907],[-95.6393,30.9013]],[[-96.5969,31.2209],[-96.7536,31.1431],[-96.3219,31.3558],[-96.5969,31.2209]],[[-96.0548,32.0125],[-96.0543,32.015],[-96.4967,31.7962],[-96.0548,32.0125]],[[-95.7919,31.6469],[-95.7797,31.6846],[-95.7941,31.6603],[-95.7919,31.6469]],[[-96.9407,32.0521],[-96.8962,32.074],[-96.3829,32.3289],[-96.9407,32.0521]],[[-96.3004,32.3014],[-96.3908,32.3339],[-96.4017,32.3334],[-96.3829,32.3289],[-96.3004,32.3014]],[[-96.066,32.0858],[-96.0665,32.0378],[-96.0557,32.0233],[-96.066,32.0858]],[[-96.5291,32.5449],[-96.529,32.5453],[-96.5296,32.5453],[-96.5291,32.5449]],[[-96.452,32.3454],[-96.4377,32.342],[-96.4499,32.3558],[-96.452,32.3454]],[[-95.4337,33.3664],[-95.3364,33.3614],[-95.4149,33.3711],[-95.4337,33.3664]],[[-95.9453,32.9799],[-95.9861,32.8804],[-95.9843,32.879],[-95.9453,32.9799]],[[-95.621,33.4871],[-95.631,33.4846],[-95.6128,33.4825],[-95.621,33.4871]],[[-95.1732,29.514],[-95.1639,29.4981],[-95.152,29.5007],[-95.1732,29.514]],[[-95.1039,29.5113],[-95.0658,29.557],[-95.0683,29.5575],[-95.1039,29.5113]],[[-94.4218,29.5684],[-94.4178,29.5693],[-94.4065,29.5983],[-94.4218,29.5684]],[[-94.2925,31.205],[-94.3929,31.299],[-94.3339,31.2228],[-94.2925,31.205]],[[-94.1296,31.0993],[-94.1595,31.0929],[-94.0493,31.1172],[-94.1296,31.0993]],[[-94.0414,31.1355],[-94.039,31.1343],[-93.9111,31.1581],[-94.0414,31.1355]],[[-95.1424,30.356],[-95.2256,30.3195],[-95.1659,30.345],[-95.1424,30.356]],[[-94.7327,30.4901],[-94.5379,30.4911],[-94.8515,30.4958],[-94.7327,30.4901]],[[-94.5457,30.527],[-94.658,31.012],[-94.5379,30.4911],[-94.5457,30.527]],[[-94.0717,30.526],[-94.1184,30.425],[-94.0687,30.5283],[-94.5457,30.527],[-94.0717,30.526]],[[-94.5619,31.059],[-94.4715,31.0264],[-94.6503,31.0985],[-94.5656,31.0643],[-94.658,31.012],[-94.5619,31.059]],[[-94.1132,30.2627],[-94.1165,30.29],[-94.1194,30.2853],[-94.1132,30.2627]],[[-94.1171,30.242],[-94.0965,30.2587],[-94.1183,30.2444],[-94.1171,30.242]],[[-94.9771,29.8682],[-94.9815,29.8843],[-94.9987,29.9198],[-94.9771,29.8682]],[[-94.358,29.8875],[-94.4422,29.8895],[-94.9815,29.8843],[-94.358,29.8875]],[[-94.3992,30.0974],[-94.3593,30.105],[-94.4274,30.107],[-94.3992,30.0974]],[[-94.2052,30.1878],[-94.2096,30.1877],[-94.2361,30.1653],[-94.2052,30.1878]],[[-94.1724,30.1801],[-94.1764,30.1879],[-94.2,30.1878],[-94.1724,30.1801]],[[-94.1121,30.1672],[-94.1181,30.1609],[-94.1133,30.1509],[-94.1121,30.1672]],[[-94.0947,30.203],[-94.0999,30.2068],[-94.097,30.2008],[-94.0947,30.203]],[[-94.0275,30.0285],[-94.0286,30.0528],[-94.032,30.028],[-94.0275,30.0285]],[[-94.0293,30.0669],[-94.0921,30.0823],[-94.0292,30.0643],[-94.0293,30.0669]],[[-94.0743,30.1165],[-94.1111,30.1464],[-94.1056,30.1349],[-94.0743,30.1165]],[[-95.231,30.8411],[-95.1312,30.7817],[-95.2002,30.8246],[-95.231,30.8411]],[[-95.115,30.661],[-95.0418,30.673],[-95.0546,30.6802],[-95.115,30.661]],[[-95.0361,30.6698],[-95.039,30.6629],[-95.0091,30.6546],[-95.0361,30.6698]],[[-95.3129,30.8979],[-95.2491,30.9038],[-95.2524,30.9067],[-95.3129,30.8979]],[[-94.067,30.5319],[-94.0948,30.5755],[-94.0685,30.5287],[-94.067,30.5319]],[[-94.4423,31.03],[-94.4458,31.0307],[-94.4485,31.0033],[-94.4423,31.03]],[[-94.8942,31.2916],[-94.899,31.327],[-94.9067,31.3291],[-94.8942,31.2916]],[[-95.2085,31.5702],[-95.2636,31.5833],[-95.2564,31.5762],[-95.2085,31.5702]],[[-95.1812,32.5451],[-95.1856,32.544],[-95.1835,32.541],[-95.1812,32.5451]],[[-95.1629,32.5496],[-95.1688,32.5482],[-95.1653,32.5444],[-95.1629,32.5496]],[[-95.0992,32.5547],[-95.13,32.5511],[-95.12,32.543],[-95.0992,32.5547]],[[-95.0871,32.5561],[-95.0907,32.5556],[-95.0865,32.5537],[-95.0871,32.5561]],[[-95.0157,32.5195],[-95.0177,32.5203],[-95.0175,32.5184],[-95.0157,32.5195]],[[-94.7021,32.6523],[-94.7106,32.6549],[-94.702,32.4218],[-94.7021,32.6523]],[[-94.0925,32.7324],[-94.0989,32.7336],[-94.0933,32.7274],[-94.0925,32.7324]],[[-94.1151,32.714],[-94.0958,32.7122],[-94.0946,32.7195],[-94.1151,32.714]],[[-94.0907,32.6892],[-94.1124,32.7048],[-94.1121,32.7037],[-94.0907,32.6892]],[[-94.9854,32.3708],[-94.9862,32.3708],[-94.9848,31.8461],[-94.9854,32.3708]],[[-94.9848,31.8461],[-94.9375,31.8456],[-94.4525,31.8441],[-94.9848,31.8461]],[[-94.424,31.799],[-94.4668,31.879],[-94.5115,31.9262],[-94.4525,31.8441],[-94.424,31.799]],[[-94.5114,31.974],[-94.3025,31.9766],[-94.6,31.9732],[-94.5114,31.974]],[[-94.3991,31.6536],[-94.4144,31.751],[-94.3976,31.6438],[-94.3763,31.6369],[-94.3991,31.6536]],[[-94.3564,31.6223],[-94.307,31.5725],[-94.3109,31.589],[-94.3564,31.6223]],[[-94.3064,31.5697],[-94.3056,31.5584],[-94.3049,31.5633],[-94.3064,31.5697]],[[-94.3396,31.2633],[-94.3358,31.2518],[-94.3151,31.3084],[-94.3396,31.2633]],[[-94.5792,32.3949],[-94.6008,32.36],[-94.5557,32.4075],[-94.5792,32.3949]],[[-94.494,32.3936],[-94.5017,32.3979],[-94.517,32.3876],[-94.494,32.3936]],[[-94.6595,32.4104],[-94.6413,32.3981],[-94.6072,32.3964],[-94.6595,32.4104]],[[-95.1261,33.0346],[-95.1502,33.0144],[-95.0509,33.0633],[-95.1261,33.0346]],[[-95.0253,33.0731],[-94.9359,33.0739],[-95.0183,33.0757],[-95.0253,33.0731]],[[-94.9179,33.0462],[-94.8165,32.9792],[-94.8198,32.9829],[-94.9179,33.0462]],[[-94.8088,33.3636],[-94.8127,33.3756],[-94.8198,32.9829],[-94.8088,33.3636]],[[-94.3609,33.2649],[-94.2605,33.2392],[-94.2378,33.242],[-94.3609,33.2649]],[[-94.232,33.2427],[-94.2294,33.243],[-94.2376,33.2763],[-94.232,33.2427]],[[-94.6375,33.254],[-94.6348,33.2514],[-94.5905,33.2594],[-94.6375,33.254]],[[-94.6726,33.2876],[-94.6913,33.3078],[-94.6947,33.3078],[-94.6726,33.2876]],[[-95.0044,33.3953],[-95.0252,33.3866],[-94.9267,33.3838],[-95.0044,33.3953]]],[[[-100.0004,36.0557],[-101.0857,36.0576],[-101.0852,36.4992],[-100.0004,36.4997],[-100.0004,36.0557]]],[[[-97.286,26.5472],[-97.3259,26.5608],[-97.2719,26.5599],[-97.2016,26.3249],[-97.1537,26.0676],[-97.1693,26.0777],[-97.1973,26.278],[-97.2561,26.4973],[-97.286,26.5472]]],[[[-97.2549,26.4152],[-97.2524,26.4265],[-97.2517,26.4152],[-97.2549,26.4152]]],[[[-97.3899,27.205],[-97.356,27.3087],[-97.3618,27.3591],[-97.2401,27.6333],[-97.2107,27.6241],[-97.2155,27.6444],[-97.2035,27.6424],[-97.1512,27.7686],[-97.1215,27.7851],[-97.1212,27.8157],[-97.1354,27.8245],[-97.0448,27.8345],[-97.1409,27.7167],[-97.2227,27.5765],[-97.3036,27.4091],[-97.3476,27.278],[-97.3769,27.1026],[-97.3709,26.9109],[-97.2788,26.5646],[-97.3083,26.5646],[-97.2869,26.5762],[-97.329,26.6468],[-97.3984,26.8679],[-97.3899,27.205]]],[[[-97.4146,26.7529],[-97.4154,26.7407],[-97.4231,26.7407],[-97.4146,26.7529]]],[[[-97.3991,27.3091],[-97.4056,27.2947],[-97.4021,27.3105],[-97.3991,27.3091]]],[[[-97.3108,27.5037],[-97.3178,27.4946],[-97.3125,27.5071],[-97.3108,27.5037]]],[[[-97.2465,27.6825],[-97.2155,27.6828],[-97.2315,27.6409],[-97.2281,27.6739],[-97.2465,27.6825]]],[[[-97.1727,27.7608],[-97.1649,27.764],[-97.1676,27.7557],[-97.1727,27.7608]]],[[[-97.2203,27.8102],[-97.2041,27.8139],[-97.1968,27.8147],[-97.2044,27.808],[-97.2203,27.8102]]],[[[-97.1856,27.8128],[-97.1775,27.8175],[-97.1775,27.8146],[-97.1856,27.8128]]],[[[-97.1641,27.8206],[-97.1534,27.8219],[-97.1429,27.8204],[-97.1451,27.8166],[-97.1641,27.8206]]],[[[-97.2339,27.8289],[-97.2343,27.8358],[-97.23,27.8315],[-97.2339,27.8289]]],[[[-97.1434,27.8495],[-97.1369,27.8538],[-97.1374,27.8494],[-97.1434,27.8495]]],[[[-97.2676,27.8737],[-97.2522,27.8712],[-97.2382,27.8407],[-97.2451,27.841],[-97.2676,27.8737]]],[[[-97.1134,27.8921],[-97.1183,27.8856],[-97.1317,27.896],[-97.1134,27.8921]]],[[[-97.0496,27.8786],[-97.061,27.8471],[-97.1269,27.8379],[-97.0651,27.9131],[-97.0496,27.8786]]],[[[-97.1029,27.9034],[-97.0998,27.9016],[-97.109,27.892],[-97.1029,27.9034]]],[[[-96.9854,27.955],[-96.9844,27.9844],[-96.9255,28.0884],[-96.8805,28.106],[-96.8924,28.1136],[-96.8739,28.1335],[-96.8302,28.1109],[-96.8531,28.0608],[-96.9914,27.9226],[-97.0461,27.8395],[-97.0561,27.8497],[-97.0448,27.8912],[-96.997,27.9404],[-97.0293,27.9437],[-96.9854,27.955]]],[[[-96.7768,28.2448],[-96.8094,28.2206],[-96.7987,28.2759],[-96.7768,28.2448]]],[[[-96.3846,33.3978],[-96.3845,33.3411],[-96.2954,33.3519],[-96.2972,32.9818],[-96.8441,32.9874],[-96.8341,33.4055],[-96.3846,33.3978]]],[[[-94.789,29.3119],[-94.7666,29.3373],[-94.7272,29.3314],[-95.1221,29.0904],[-94.8744,29.2899],[-94.789,29.3119]]],[[[-94.9138,29.2699],[-94.9092,29.274],[-94.9092,29.2698],[-94.9138,29.2699]]],[[[-94.9244,29.2816],[-94.9227,29.2884],[-94.9197,29.2868],[-94.9244,29.2816]]],[[[-94.8233,29.3239],[-94.8105,29.3521],[-94.7812,29.3325],[-94.7984,29.3124],[-94.8233,29.3239]]],[[[-94.9286,29.5836],[-94.9074,29.5714],[-94.9168,29.5676],[-94.9286,29.5836]]],[[[-94.9477,29.6702],[-94.9417,29.6156],[-94.9761,29.6783],[-94.9477,29.6702]]],[[[-94.9738,29.6861],[-94.9761,29.6783],[-94.9774,29.6852],[-94.9738,29.6861]]],[[[-94.9796,29.6883],[-94.9856,29.6985],[-94.9733,29.6914],[-94.9796,29.6883]]]]}},{"type":"Feature","properties":{"StateFIPS":"31","state":"Nebraska"},"geometry":{"type":"MultiPolygon","coordinates":[[[[-102.0517,40.0031],[-102.0518,41.0024],[-103.3825,41.0022],[-103.369,41.4378],[-103.3633,42.0029],[-102.9326,42.0044],[-104.0527,42.0017],[-104.053,43.0006],[-98.4985,42.9986],[-98.4459,42.9306],[-98.1469,42.8398],[-98.0598,42.7728],[-98.013,42.7623],[-97.9367,42.7758],[-97.8886,42.8173],[-97.8753,42.8587],[-97.8453,42.8677],[-97.6865,42.8424],[-97.6118,42.8584],[-97.4423,42.8462],[-97.4083,42.8683],[-97.3596,42.8548],[-97.3067,42.8676],[-97.2188,42.8458],[-97.2101,42.8093],[-97.1508,42.7956],[-97.1313,42.7719],[-97.0158,42.7616],[-96.9689,42.7543],[-96.9635,42.7206],[-96.9068,42.7338],[-96.8062,42.7042],[-96.7932,42.666],[-96.6877,42.6531],[-96.711,42.6081],[-96.638,42.552],[-96.6315,42.5243],[-96.6035,42.5045],[-96.538,42.5181],[-96.4895,42.4801],[-96.3961,42.4841],[-96.3807,42.4464],[-96.4118,42.4109],[-96.4178,42.3514],[-96.3753,42.3183],[-96.3229,42.2336],[-96.3599,42.2105],[-96.3478,42.1668],[-96.2723,42.1184],[-96.2729,42.0473],[-96.2257,42.0352],[-96.2365,41.9964],[-96.1946,42.0087],[-96.1842,41.9767],[-96.1325,41.9746],[-96.1367,41.9208],[-96.1618,41.9018],[-96.1102,41.8488],[-96.1076,41.8207],[-96.0649,41.7962],[-96.1064,41.7379],[-96.076,41.7017],[-96.112,41.6978],[-96.1217,41.683],[-96.0954,41.6527],[-96.1179,41.6174],[-96.0834,41.5833],[-96.092,41.5339],[-96.0407,41.5071],[-96.0267,41.5404],[-96.0,41.5395],[-95.9928,41.512],[-96.0195,41.4866],[-96.0118,41.4762],[-95.9203,41.4516],[-95.9375,41.3931],[-95.9288,41.3701],[-95.9531,41.3399],[-95.8831,41.3167],[-95.8715,41.2958],[-95.9025,41.2734],[-95.9059,41.3009],[-95.9275,41.2984],[-95.9109,41.2318],[-95.9233,41.1912],[-95.8413,41.175],[-95.8835,41.1549],[-95.8626,41.0884],[-95.882,41.0535],[-95.8618,41.0394],[-95.8673,41.0016],[-95.8303,40.9783],[-95.8397,40.9328],[-95.8098,40.8954],[-95.8478,40.8643],[-95.8342,40.7838],[-95.8836,40.7478],[-95.8853,40.7211],[-95.8526,40.7023],[-95.8428,40.6775],[-95.7895,40.6594],[-95.7513,40.6091],[-95.7747,40.5736],[-95.7669,40.5316],[-95.71,40.5238],[-96.4636,40.523],[-96.4637,40.001],[-102.0517,40.0031]],[[-102.6104,41.2216],[-102.6094,41.3951],[-102.621,41.0026],[-102.6104,41.2216]],[[-97.0178,42.3513],[-97.0177,42.2645],[-97.0158,42.7616],[-97.0178,42.3513]],[[-96.9164,40.0015],[-96.9121,40.698],[-97.3684,40.6986],[-96.9135,40.6979],[-96.9164,40.0015]],[[-97.8257,40.6986],[-98.1947,40.6983],[-97.3684,40.6986],[-97.8257,40.6986]],[[-97.8263,41.0466],[-97.8276,41.0466],[-97.8257,40.6986],[-97.8263,41.0466]],[[-99.855,42.7529],[-99.8521,42.7521],[-99.8622,42.769],[-99.855,42.7529]],[[-99.8009,42.7394],[-99.793,42.7388],[-99.8309,42.7469],[-99.8009,42.7394]],[[-98.3006,42.0889],[-98.3002,42.4369],[-97.3676,42.4388],[-98.303,42.4369],[-98.3006,42.0889]],[[-97.3684,42.0909],[-97.3677,42.3519],[-97.3676,42.4388],[-97.3684,42.0909]],[[-97.0194,42.0906],[-96.5555,42.09],[-97.3684,42.0909],[-97.0194,42.0906]],[[-96.5552,41.742],[-96.5549,42.0159],[-96.5555,42.09],[-96.5552,41.742]],[[-96.6348,41.7422],[-96.4442,41.7418],[-96.5552,41.742],[-96.6348,41.7422]],[[-98.2958,41.7412],[-98.2939,41.7412],[-98.2956,41.9147],[-98.2958,41.7412]],[[-98.722,41.0466],[-98.7239,40.3504],[-98.722,41.0466],[-98.722,41.0466]],[[-102.7494,42.4399],[-102.7734,42.4399],[-103.48,42.4373],[-103.4443,42.4373],[-102.7494,42.4399]],[[-100.1833,42.781],[-100.1925,42.781],[-100.1832,42.4335],[-100.1833,42.781]],[[-102.0403,42.0967],[-100.8461,42.0882],[-100.2179,42.0861],[-102.0403,42.0967]],[[-100.8415,41.7404],[-100.2512,41.7398],[-99.212,41.7406],[-98.7522,41.7404],[-98.531,41.7408],[-100.8415,41.7404]],[[-100.2511,41.3933],[-100.2447,41.3933],[-100.2512,41.7398],[-100.2511,41.3933]],[[-100.2242,41.0465],[-100.2297,41.0465],[-100.2233,40.7003],[-100.2242,41.0465]],[[-100.3057,40.7001],[-99.9817,40.7],[-99.6993,40.7],[-100.2233,40.7003],[-100.3057,40.7001]],[[-99.6435,40.6849],[-99.6151,40.6834],[-99.6993,40.7],[-99.6435,40.6849]],[[-100.7603,40.3495],[-99.6305,40.3511],[-99.1794,40.3507],[-99.6422,40.3512],[-100.0948,40.3512],[-100.7603,40.3495]],[[-102.0556,41.2215],[-102.0518,41.0058],[-102.0553,41.3952],[-102.0556,41.2215]],[[-101.4073,41.3954],[-101.8538,41.3951],[-101.1818,41.3948],[-101.4073,41.3954]],[[-101.2502,41.0474],[-101.248,40.6984],[-101.248,40.6984],[-101.2502,41.0474]],[[-99.2076,41.047],[-100.1347,41.0466],[-98.7729,41.0467],[-99.2076,41.047]],[[-99.2033,41.3941],[-98.9791,41.3942],[-99.2098,41.3942],[-99.2076,41.047],[-99.2033,41.3941]],[[-99.4175,40.6803],[-99.4174,40.673],[-99.4141,40.6729],[-99.4175,40.6803]],[[-98.9061,40.6527],[-99.188,40.661],[-99.1792,40.6605],[-98.9061,40.6527]],[[-99.2227,42.0879],[-98.9895,42.0882],[-99.421,42.0871],[-99.2227,42.0879]],[[-97.83,41.7422],[-97.2524,41.7431],[-96.9225,41.7428],[-97.3681,41.7432],[-97.83,41.7422]],[[-97.3647,41.3974],[-97.3682,41.3964],[-97.2878,41.4006],[-97.3647,41.3974]],[[-98.2826,40.8722],[-98.2829,40.6983],[-98.2826,40.8687],[-98.2826,40.8722]],[[-97.7038,41.3949],[-97.7036,41.5268],[-97.7055,41.3091],[-97.7038,41.3949]],[[-97.8298,41.5262],[-97.886,41.518],[-97.7036,41.5268],[-97.8298,41.5262]],[[-97.8305,41.7422],[-97.8318,41.7422],[-97.8298,41.5262],[-97.8305,41.7422]],[[-97.5983,41.3331],[-97.5983,41.3331],[-97.5985,41.3951],[-97.5983,41.3331]],[[-98.2866,41.3939],[-98.2872,41.0464],[-98.3232,41.0464],[-98.2839,41.0464],[-98.2866,41.3939]],[[-98.0105,41.0728],[-98.0168,41.0677],[-98.0073,41.0738],[-98.0105,41.0728]],[[-97.6586,41.3049],[-97.7448,41.2497],[-97.7481,41.2466],[-97.6586,41.3049]],[[-97.6056,41.3134],[-97.6046,41.3159],[-97.6586,41.3049],[-97.6056,41.3134]],[[-96.9059,41.7427],[-96.9059,41.4564],[-96.9085,41.0461],[-96.9059,41.4534],[-96.9059,41.7427]],[[-96.3192,41.045],[-96.3157,41.0432],[-96.3327,41.0695],[-96.3192,41.045]],[[-96.3377,41.0786],[-96.311,41.1153],[-96.3398,41.0825],[-96.3377,41.0786]],[[-96.3256,41.1819],[-96.3274,41.19],[-96.3402,41.201],[-96.3256,41.1819]],[[-96.4293,41.3684],[-96.4707,41.3932],[-96.3417,41.3932],[-96.4845,41.394],[-96.4293,41.3684]],[[-96.3506,41.2652],[-96.3656,41.2341],[-96.3597,41.2265],[-96.3506,41.2652]],[[-96.3606,41.2804],[-96.4076,41.3146],[-96.3506,41.2652],[-96.3606,41.2804]],[[-96.4203,41.363],[-96.4241,41.3653],[-96.4076,41.3146],[-96.4203,41.363]],[[-97.2142,41.3852],[-97.1756,41.3771],[-97.1419,41.387],[-97.2142,41.3852]]],[[[-104.0532,41.0014],[-104.0523,41.3932],[-103.3776,41.3946],[-103.3825,41.0022],[-104.0532,41.0014]]],[[[-104.0523,41.3932],[-104.0527,42.0017],[-103.3633,42.0029],[-103.3705,41.3947],[-104.0523,41.3932]]],[[[-95.4216,40.059],[-95.4136,40.0384],[-95.3466,40.0283],[-95.3083,40.0],[-96.4637,40.001],[-96.4637,40.2622],[-95.5525,40.2619],[-95.486,40.2478],[-95.4697,40.2279],[-95.4763,40.182],[-95.3933,40.1192],[-95.4216,40.059]]],[[[-95.6718,40.5626],[-95.6557,40.5236],[-95.7,40.5053],[-95.6968,40.4788],[-95.6582,40.4419],[-95.6591,40.4087],[-95.6227,40.3409],[-95.6573,40.3109],[-95.6104,40.314],[-95.5587,40.2958],[-95.5525,40.2619],[-96.0667,40.262],[-96.4637,40.2622],[-96.4636,40.523],[-95.7086,40.5216],[-95.6941,40.5569],[-95.6718,40.5626]]]]}},{"type":"Feature","properties":{"StateFIPS":"26","state":"Michigan"},"geometry":{"type":"MultiPolygon","coordinates":[[[[-86.2256,42.5948],[-86.2089,42.7675],[-86.2263,42.9883],[-86.272,43.1184],[-86.3958,43.3162],[-86.5295,43.5935],[-86.5408,43.6446],[-86.5292,43.6779],[-86.4543,43.7566],[-86.4308,43.8194],[-86.4631,43.971],[-86.5147,44.0581],[-86.4299,44.1198],[-86.3888,44.1787],[-86.2687,44.3453],[-86.2215,44.5786],[-86.259,44.6637],[-86.255,44.6919],[-86.1548,44.7321],[-86.1062,44.7311],[-86.0746,44.7781],[-85.5936,44.7688],[-85.5791,44.8177],[-85.5248,44.8945],[-85.5643,44.8938],[-85.5336,44.9258],[-85.52,44.974],[-85.4749,44.9917],[-85.4667,44.9588],[-85.4875,44.9569],[-85.4997,44.8561],[-85.5559,44.8183],[-85.5766,44.7602],[-85.5272,44.7475],[-85.5067,44.7657],[-85.5074,44.7954],[-85.4629,44.8251],[-85.3958,44.931],[-85.3635,45.1116],[-85.3887,45.2078],[-85.3716,45.2708],[-85.2989,45.3218],[-85.263,45.3195],[-85.2036,45.3619],[-84.9873,45.3688],[-84.9159,45.3931],[-84.913,45.4098],[-85.0625,45.4513],[-85.0937,45.4816],[-85.1169,45.5796],[-85.0615,45.6395],[-85.007,45.6564],[-84.9446,45.709],[-84.9509,45.7373],[-85.0083,45.7617],[-84.8079,45.7449],[-84.7789,45.7661],[-84.7916,45.782],[-84.7324,45.7882],[-84.7213,45.7664],[-84.5576,45.709],[-84.4792,45.6568],[-84.4326,45.6449],[-84.4159,45.653],[-84.4284,45.6689],[-84.3761,45.6554],[-84.3295,45.6644],[-84.2045,45.6262],[-84.1288,45.5619],[-84.12,45.5177],[-84.0969,45.4974],[-83.9095,45.4858],[-83.8108,45.4206],[-83.7446,45.4036],[-83.7174,45.4143],[-83.599,45.352],[-83.5382,45.3581],[-83.4945,45.3394],[-83.4949,45.3602],[-83.4773,45.3451],[-83.4857,45.33],[-83.467,45.3324],[-83.3816,45.2698],[-83.3918,45.2526],[-83.4171,45.2569],[-83.3885,45.2071],[-83.9588,45.2015],[-83.8812,45.2021],[-83.3803,45.2038],[-83.3599,45.163],[-83.3161,45.142],[-83.3198,45.1161],[-83.3022,45.095],[-83.3199,45.087],[-83.3153,45.0526],[-83.2784,45.0458],[-83.2642,45.0236],[-83.3408,45.0423],[-83.3669,45.0762],[-83.3886,45.0766],[-83.4479,45.0449],[-83.4565,45.0172],[-83.4313,45.008],[-83.454,45.0112],[-83.4641,44.9962],[-83.433,44.9329],[-83.3662,44.8905],[-83.3156,44.8782],[-83.3164,44.8654],[-83.8885,44.8565],[-83.3215,44.8585],[-83.2937,44.8083],[-83.2943,44.7368],[-83.272,44.7086],[-83.3145,44.6087],[-83.307,44.5422],[-83.3337,44.3366],[-83.3736,44.3278],[-83.4492,44.2518],[-83.4392,44.2649],[-83.4531,44.2764],[-83.5088,44.2737],[-83.5423,44.2411],[-83.5644,44.1055],[-83.5914,44.0792],[-83.5799,44.0494],[-83.6471,44.0532],[-83.6892,44.0268],[-83.6806,43.9876],[-83.7403,44.0052],[-83.7628,43.9858],[-83.8368,43.9965],[-83.9091,43.9105],[-83.9287,43.7771],[-83.9565,43.7608],[-83.9393,43.7154],[-83.8915,43.6624],[-83.7098,43.6014],[-83.6956,43.2218],[-83.6995,43.5886],[-83.6471,43.6047],[-83.5242,43.7172],[-83.5201,43.6975],[-83.4971,43.6975],[-83.4029,43.808],[-83.3904,43.8484],[-83.3251,43.884],[-83.3294,43.9032],[-83.4046,43.9153],[-83.3092,43.9203],[-83.2625,43.9753],[-83.066,44.0034],[-83.0277,44.0462],[-82.9215,44.0679],[-82.7932,44.0232],[-82.737,43.9859],[-82.6351,43.8311],[-82.6069,43.6905],[-82.5855,43.5434],[-82.5394,43.4368],[-82.5231,43.2254],[-82.486,43.1025],[-82.4135,42.9769],[-82.4699,42.8875],[-82.4826,42.8086],[-82.4678,42.7614],[-82.5188,42.6139],[-82.584,42.554],[-82.6431,42.5543],[-82.6791,42.5222],[-82.6479,42.5593],[-82.6896,42.5598],[-82.6581,42.5908],[-82.7112,42.5909],[-82.6762,42.6162],[-82.6898,42.6271],[-82.6655,42.6242],[-82.6529,42.6506],[-82.6309,42.6421],[-82.6238,42.6654],[-82.7293,42.7061],[-82.7054,42.6867],[-82.8135,42.6408],[-82.8207,42.6153],[-82.7926,42.6048],[-82.7816,42.5707],[-82.8342,42.5678],[-82.8707,42.5289],[-82.8844,42.4766],[-82.8702,42.451],[-82.8886,42.398],[-82.9246,42.3623],[-82.9645,42.3552],[-82.9598,42.34],[-83.0636,42.3169],[-83.0996,42.2871],[-83.1264,42.2384],[-83.1344,42.1746],[-83.1192,42.1253],[-83.132,42.0902],[-83.191,42.0774],[-83.1876,42.0443],[-83.1998,42.0389],[-83.2953,42.0942],[-83.1817,42.0192],[-83.1927,42.0073],[-83.2087,42.0149],[-83.2062,41.9921],[-83.2341,41.9945],[-83.2655,41.9309],[-83.2845,41.9446],[-83.3197,41.9335],[-83.3428,41.8794],[-83.3837,41.8696],[-83.4101,41.8278],[-83.4396,41.8132],[-83.4276,41.742],[-83.4698,41.7628],[-83.4794,41.7514],[-83.4554,41.7328],[-84.806,41.6961],[-84.8059,41.7602],[-85.7913,41.7591],[-86.8248,41.7602],[-86.6218,41.8919],[-86.4852,42.1182],[-86.3643,42.2431],[-86.2738,42.4193],[-86.2256,42.5948]],[[-86.2738,42.4193],[-85.2989,42.4198],[-84.6375,42.4219],[-85.5432,42.4214],[-86.2738,42.4193]],[[-85.5456,42.7681],[-85.214,42.77],[-85.7825,42.7682],[-86.2089,42.7675],[-85.5456,42.7681]],[[-85.7904,43.293],[-85.7907,43.2052],[-85.7825,42.7682],[-85.7904,43.293]],[[-85.3124,43.2942],[-85.5625,43.2943],[-86.039,43.2935],[-85.7904,43.293],[-85.3124,43.2942]],[[-85.5623,43.4681],[-85.5624,43.8155],[-85.5625,43.2943],[-85.5623,43.4681]],[[-86.0379,43.8156],[-86.0395,43.4674],[-86.039,43.2935],[-86.0379,43.8156]],[[-86.0435,44.1671],[-85.9101,44.1665],[-86.3888,44.1787],[-86.0435,44.1671]],[[-83.8885,44.8566],[-83.8885,44.8566],[-83.8812,45.2021],[-83.8885,44.8566]],[[-83.4666,43.6676],[-83.1178,43.6755],[-82.6069,43.6905],[-83.4666,43.6676]],[[-83.0834,42.4472],[-83.3428,42.44],[-82.8702,42.451],[-83.0834,42.4472]],[[-86.2229,42.0715],[-86.2236,42.2434],[-86.2261,41.76],[-86.2229,42.0715]],[[-85.0001,45.2722],[-84.9642,45.2724],[-85.0007,45.273],[-85.0001,45.2722]],[[-84.7337,45.2019],[-84.3666,45.1987],[-84.3087,45.1991],[-84.7337,45.2019]],[[-84.884,42.7704],[-84.6028,42.7699],[-84.5814,42.7702],[-84.8371,42.7705],[-84.884,42.7704]],[[-85.334,44.5123],[-85.3328,44.8124],[-85.3425,44.8163],[-85.334,44.5123]],[[-85.5087,44.1648],[-85.2487,44.1645],[-85.3348,44.1651],[-85.5087,44.1648]],[[-84.3675,43.0955],[-84.3637,42.7735],[-83.6865,42.7833],[-84.3637,42.7758],[-84.3675,43.0955]],[[-83.6865,42.7833],[-83.6649,42.4331],[-83.6894,42.8713],[-83.6865,42.7833]],[[-84.3185,42.4236],[-84.1311,42.4246],[-84.092,42.4253],[-84.1407,42.4246],[-84.3185,42.4236]],[[-84.6852,44.1611],[-84.6081,44.1605],[-84.5075,44.1608],[-84.6852,44.1611]],[[-84.1681,43.5689],[-84.1661,44.1611],[-84.1706,43.482],[-84.1681,43.5689]],[[-84.3699,43.466],[-84.3684,43.2194],[-84.3697,43.4747],[-84.605,43.4661],[-84.3699,43.466]],[[-82.739,42.8975],[-83.4534,42.8804],[-83.4607,43.2308],[-83.6858,43.2218],[-83.4607,43.2231],[-83.4549,42.8782],[-82.739,42.8975]]],[[[-86.0778,45.0324],[-86.0971,45.0301],[-86.0922,45.0101],[-86.1157,44.9991],[-86.1543,45.0027],[-86.1179,45.0485],[-86.0778,45.0324]]],[[[-86.0587,45.1008],[-86.0645,45.1396],[-86.0444,45.1596],[-85.9894,45.1511],[-85.9747,45.1226],[-85.9828,45.0808],[-85.9609,45.0605],[-86.0075,45.0572],[-86.0587,45.1008]]],[[[-86.7583,45.4793],[-86.7835,45.5023],[-86.7575,45.5041],[-86.7583,45.4793]]],[[[-86.6599,45.5225],[-86.6671,45.5217],[-86.6612,45.533],[-86.6599,45.5225]]],[[[-86.5373,45.7084],[-86.5809,45.7119],[-86.5918,45.6654],[-86.6274,45.6599],[-86.6053,45.6078],[-86.6143,45.6001],[-86.7127,45.6574],[-86.7158,45.6839],[-86.6762,45.6919],[-86.6716,45.7208],[-86.6202,45.7604],[-86.637,45.7647],[-86.6236,45.7722],[-86.6311,45.7821],[-86.5595,45.7749],[-86.578,45.8005],[-86.528,45.8533],[-86.5352,45.8858],[-86.5677,45.9005],[-86.6244,45.8698],[-86.6476,45.8335],[-86.717,45.842],[-86.7496,45.8678],[-86.7821,45.8602],[-86.7759,45.7964],[-86.8027,45.7935],[-86.7975,45.7749],[-86.8215,45.7704],[-86.8452,45.7368],[-86.8387,45.7223],[-86.9167,45.6965],[-86.9415,45.7022],[-86.9643,45.6728],[-86.9846,45.7058],[-86.9827,45.7941],[-87.0055,45.8288],[-86.9482,45.8768],[-86.9484,45.8974],[-86.9779,45.9056],[-87.022,45.8601],[-86.999,45.8477],[-87.0574,45.8125],[-87.0643,45.7588],[-87.0373,45.7436],[-87.0844,45.7118],[-87.0642,45.7077],[-87.1745,45.6594],[-87.3331,45.4472],[-87.3277,45.4253],[-87.3921,45.3694],[-87.4365,45.2944],[-87.5998,45.1505],[-87.612,45.1234],[-87.5922,45.0948],[-87.6612,45.1083],[-87.6839,45.1441],[-87.7365,45.1734],[-87.7417,45.1982],[-87.6481,45.3394],[-87.6587,45.3697],[-87.694,45.3899],[-87.7541,45.3494],[-87.8326,45.3522],[-87.8484,45.3407],[-87.8702,45.3664],[-87.8881,45.3547],[-87.851,45.4019],[-87.8617,45.4345],[-87.813,45.4642],[-87.7928,45.5],[-87.8034,45.5383],[-87.8336,45.5625],[-87.7924,45.5631],[-87.7747,45.602],[-87.8247,45.6532],[-87.7808,45.6803],[-87.8798,45.7548],[-87.9864,45.7696],[-87.9934,45.7956],[-88.094,45.7857],[-88.1361,45.819],[-88.0711,45.8746],[-88.1018,45.8835],[-88.095,45.9158],[-88.1898,45.9522],[-88.2425,45.9504],[-88.2457,45.9627],[-88.327,45.9551],[-88.3802,45.9917],[-88.4169,45.9753],[-88.4587,45.9994],[-88.4925,45.9922],[-88.5095,46.0192],[-88.589,46.0051],[-88.5981,46.0176],[-88.6164,45.9877],[-88.6634,45.9877],[-88.6833,46.0141],[-88.74,46.0273],[-88.7821,46.0166],[-88.7792,46.0319],[-88.7962,46.0337],[-88.8135,46.0207],[-89.0916,46.1385],[-90.1205,46.3369],[-90.1188,46.3592],[-90.2166,46.5018],[-90.2653,46.5038],[-90.2771,46.5245],[-90.3139,46.5162],[-90.3109,46.5394],[-90.3319,46.5533],[-90.3933,46.5326],[-90.4181,46.5661],[-90.3374,46.6072],[-90.3066,46.6027],[-90.0279,46.6737],[-89.8292,46.8045],[-89.6734,46.8332],[-89.6298,46.8185],[-89.4152,46.844],[-89.2279,46.913],[-89.1287,46.9926],[-88.9872,46.9972],[-88.9333,47.0312],[-88.8891,47.1006],[-88.7613,47.1567],[-88.6724,47.2191],[-88.577,47.244],[-88.4245,47.3689],[-88.1818,47.4577],[-87.9383,47.4798],[-87.8012,47.4733],[-87.7159,47.4398],[-87.7124,47.4014],[-87.8154,47.3848],[-87.9571,47.3873],[-87.9656,47.3686],[-87.9388,47.3468],[-87.9464,47.3343],[-88.0601,47.2958],[-88.1664,47.2155],[-88.2984,47.1998],[-88.227,47.1999],[-88.242,47.1748],[-88.2322,47.146],[-88.2817,47.1382],[-88.2976,47.0985],[-88.35,47.0764],[-88.3676,47.0192],[-88.4101,46.98],[-88.4388,46.9819],[-88.4843,46.8325],[-88.4629,46.7866],[-88.4996,46.7591],[-88.4808,46.75],[-88.4506,46.7632],[-88.3814,46.8385],[-88.403,46.8472],[-88.3897,46.8671],[-88.3519,46.857],[-88.1898,46.9523],[-88.1329,46.9604],[-88.2341,46.8947],[-88.2834,46.823],[-88.1848,46.9046],[-88.0819,46.9205],[-87.9014,46.9098],[-87.8462,46.8839],[-87.8168,46.8912],[-87.7716,46.8632],[-87.741,46.8652],[-87.7273,46.8259],[-87.6939,46.827],[-87.6807,46.8425],[-87.6679,46.8171],[-87.6333,46.8121],[-87.5925,46.7812],[-87.5827,46.7305],[-87.5254,46.6905],[-87.503,46.6475],[-87.468,46.6356],[-87.4641,46.6148],[-87.4312,46.5904],[-87.377,46.5903],[-87.3928,46.5709],[-87.3764,46.5462],[-87.394,46.5332],[-87.3668,46.5073],[-87.2856,46.4896],[-87.1626,46.5054],[-87.1166,46.4948],[-87.0053,46.534],[-86.9645,46.5165],[-86.9471,46.4721],[-86.9037,46.4661],[-86.8752,46.4373],[-86.816,46.4379],[-86.7879,46.4777],[-86.7545,46.4796],[-86.7032,46.4394],[-86.6553,46.4425],[-86.6622,46.4187],[-86.6381,46.4117],[-86.6084,46.4527],[-86.4677,46.5525],[-86.4439,46.5473],[-86.3499,46.578],[-86.1617,46.6695],[-86.0879,46.6553],[-85.8645,46.6902],[-85.8654,45.9684],[-85.9196,45.9521],[-85.9138,45.9194],[-86.0852,45.9661],[-86.1506,45.9537],[-86.2083,45.963],[-86.2758,45.9436],[-86.3242,45.9061],[-86.3491,45.7998],[-86.416,45.7938],[-86.4366,45.7617],[-86.5324,45.7466],[-86.5217,45.7358],[-86.5373,45.7084]],[[-87.617,45.986],[-87.3678,45.9853],[-87.2429,45.9851],[-87.617,45.986]],[[-86.6156,46.1587],[-87.2415,46.1591],[-86.4901,46.1582],[-86.6156,46.1587]],[[-88.6794,46.4201],[-88.9906,46.4197],[-88.1168,46.42],[-88.6794,46.4201]]],[[[-86.6489,45.5443],[-86.6606,45.5786],[-86.6268,45.5729],[-86.6275,45.5495],[-86.6489,45.5443]]],[[[-86.6856,45.5958],[-86.7017,45.6057],[-86.6924,45.6171],[-86.6694,45.6083],[-86.6856,45.5958]]],[[[-86.7588,45.7967],[-86.7627,45.8009],[-86.7557,45.8002],[-86.7588,45.7967]]],[[[-86.8905,46.4862],[-86.8948,46.4822],[-86.8953,46.489],[-86.8905,46.4862]]],[[[-86.6478,46.4626],[-86.6359,46.4714],[-86.6876,46.4562],[-86.6847,46.4996],[-86.709,46.5452],[-86.6534,46.5607],[-86.6263,46.5349],[-86.6468,46.4875],[-86.6282,46.4778],[-86.6096,46.4935],[-86.6096,46.4687],[-86.6352,46.4535],[-86.6478,46.4626]]],[[[-86.7482,46.5156],[-86.7373,46.5111],[-86.7369,46.504],[-86.7442,46.5053],[-86.7482,46.5156]]],[[[-87.4101,46.6027],[-87.4165,46.5975],[-87.4161,46.6052],[-87.4101,46.6027]]],[[[-87.969,46.9538],[-87.9719,46.9504],[-87.9783,46.9543],[-87.969,46.9538]]],[[[-88.269,47.0761],[-88.2681,47.0712],[-88.2761,47.0726],[-88.269,47.0761]]],[[[-87.6507,47.4175],[-87.6237,47.4263],[-87.5953,47.4165],[-87.6175,47.4077],[-87.6507,47.4175]]],[[[-88.5011,48.1682],[-88.4226,48.191],[-88.4182,48.1804],[-88.5669,48.0937],[-88.5859,48.0543],[-88.6701,48.0114],[-88.8992,47.9533],[-89.0051,47.8987],[-88.9504,47.8905],[-88.8997,47.9024],[-88.9117,47.8913],[-89.162,47.8236],[-89.2345,47.8517],[-89.2038,47.8863],[-89.2255,47.8769],[-89.2628,47.8699],[-89.2241,47.8802],[-89.217,47.8922],[-89.2471,47.8885],[-89.1792,47.935],[-88.7876,48.063],[-88.6327,48.1486],[-88.547,48.1749],[-88.5011,48.1682]]],[[[-88.3363,48.2371],[-88.3578,48.2279],[-88.3525,48.2355],[-88.3363,48.2371]]],[[[-85.5706,44.8645],[-85.5802,44.8615],[-85.5747,44.8722],[-85.5706,44.8645]]],[[[-85.8699,44.939],[-85.8074,44.9498],[-85.7804,44.9779],[-85.78,45.0096],[-85.7472,45.0505],[-85.6811,45.0927],[-85.6175,45.187],[-85.586,45.1804],[-85.5407,45.2109],[-85.5267,45.1893],[-85.5617,45.1589],[-85.5582,45.1345],[-85.5702,45.1551],[-85.5866,45.154],[-85.6143,45.1276],[-85.5678,45.0419],[-85.5866,45.056],[-85.5997,45.0217],[-85.6495,44.9746],[-85.6295,44.9667],[-85.5996,44.9898],[-85.6013,44.9245],[-85.6246,44.9221],[-85.6489,44.874],[-85.6407,44.7754],[-86.0746,44.7781],[-86.071,44.8959],[-86.0438,44.9147],[-86.0094,44.8995],[-85.9802,44.9061],[-85.9316,44.9688],[-85.8699,44.939]]],[[[-85.8338,45.3796],[-85.8847,45.4448],[-85.832,45.4205],[-85.8338,45.3796]]],[[[-85.77,45.4625],[-85.793,45.482],[-85.7706,45.4865],[-85.77,45.4625]]],[[[-85.4917,45.6075],[-85.5616,45.5722],[-85.6199,45.5829],[-85.6035,45.6821],[-85.5622,45.7355],[-85.568,45.7586],[-85.5013,45.7544],[-85.5208,45.7372],[-85.4988,45.7263],[-85.4917,45.6075]]],[[[-85.8348,45.6964],[-85.839,45.7102],[-85.8352,45.7092],[-85.8348,45.6964]]],[[[-85.6805,45.6961],[-85.6976,45.6976],[-85.6871,45.7198],[-85.7008,45.7385],[-85.6449,45.7427],[-85.6805,45.6961]]],[[[-85.0196,45.7642],[-85.034,45.761],[-85.0391,45.7643],[-85.0196,45.7642]]],[[[-85.0587,45.7646],[-85.0731,45.7624],[-85.0647,45.7666],[-85.0587,45.7646]]],[[[-85.6841,45.7701],[-85.6931,45.7709],[-85.6882,45.7751],[-85.6841,45.7701]]],[[[-85.378,45.8141],[-85.3581,45.8141],[-85.3576,45.7785],[-85.3948,45.7771],[-85.3659,45.7989],[-85.378,45.8141]]],[[[-85.5299,45.8005],[-85.5168,45.8274],[-85.4537,45.7944],[-85.4652,45.789],[-85.4564,45.7768],[-85.4956,45.7734],[-85.5028,45.7981],[-85.5299,45.8005]]],[[[-85.6043,45.8118],[-85.6111,45.8074],[-85.612,45.8143],[-85.6043,45.8118]]],[[[-85.5869,45.8339],[-85.587,45.8408],[-85.5838,45.8395],[-85.5869,45.8339]]],[[[-84.2672,45.9908],[-84.2584,45.9572],[-84.3531,45.9588],[-84.3452,45.9453],[-84.391,45.9493],[-84.3881,45.9376],[-84.4203,45.9578],[-84.4125,45.9792],[-84.4293,45.9919],[-84.3953,45.9869],[-84.4227,46.002],[-84.465,46.0055],[-84.4631,45.9689],[-84.5058,45.998],[-84.5141,45.9713],[-84.5324,45.9694],[-84.5444,46.0229],[-84.6119,46.0272],[-84.6667,46.0505],[-84.6905,46.0279],[-84.6877,45.9713],[-84.723,45.9673],[-84.7401,45.9418],[-84.7136,45.9167],[-84.7366,45.9128],[-84.7204,45.8748],[-84.7299,45.8698],[-84.7015,45.8529],[-84.7524,45.8397],[-84.8314,45.872],[-84.8394,45.8976],[-84.9136,45.9259],[-85.014,46.0108],[-85.3359,46.0926],[-85.3803,46.0759],[-85.4121,46.1014],[-85.4451,46.0855],[-85.5216,46.0913],[-85.6589,45.9658],[-85.6961,45.9592],[-85.8101,45.9802],[-85.8654,45.9684],[-85.865,46.2446],[-85.8645,46.6902],[-85.5005,46.676],[-85.2379,46.7557],[-84.9562,46.7719],[-85.0076,46.7283],[-85.0301,46.6848],[-85.0255,46.5464],[-85.0561,46.5265],[-85.0498,46.504],[-85.0152,46.4797],[-84.9379,46.4862],[-84.9152,46.4675],[-84.8614,46.4699],[-84.8173,46.4443],[-84.6784,46.4877],[-84.631,46.4849],[-84.5803,46.4369],[-84.6045,46.4342],[-84.5833,46.4135],[-84.4971,46.4468],[-84.4718,46.4343],[-84.4555,46.4539],[-84.4633,46.4674],[-84.4203,46.5011],[-84.3414,46.5077],[-84.2758,46.4928],[-84.2261,46.5339],[-84.1289,46.5301],[-84.1112,46.5041],[-84.1462,46.4185],[-84.1389,46.3722],[-84.1062,46.322],[-84.1196,46.315],[-84.1156,46.2682],[-84.0978,46.2565],[-84.1484,46.2168],[-84.1759,46.246],[-84.1874,46.2348],[-84.2093,46.2471],[-84.2132,46.2316],[-84.273,46.2015],[-84.221,46.1631],[-84.1791,46.1857],[-84.1375,46.1698],[-84.1228,46.1789],[-84.0958,46.1477],[-84.0296,46.1345],[-84.0708,46.0929],[-83.9777,46.0194],[-83.9439,46.0315],[-83.9086,46.0115],[-83.8955,45.9864],[-83.9104,45.958],[-83.9787,45.9687],[-84.0031,45.948],[-84.0942,45.9678],[-84.1142,45.9852],[-84.2152,45.985],[-84.1142,45.9816],[-84.1803,45.9823],[-84.1719,45.9658],[-84.2672,45.9908]]],[[[-84.5902,45.8128],[-84.5027,45.8103],[-84.4337,45.7867],[-84.4203,45.8113],[-84.3996,45.7828],[-84.3559,45.7707],[-84.4057,45.7223],[-84.4814,45.7301],[-84.5902,45.8128]]],[[[-84.5892,45.8261],[-84.6073,45.8256],[-84.6005,45.8339],[-84.5892,45.8261]]],[[[-84.8648,45.854],[-84.88,45.8612],[-84.862,45.8602],[-84.8648,45.854]]],[[[-84.6198,45.8455],[-84.6515,45.8628],[-84.6418,45.8855],[-84.6021,45.8521],[-84.6198,45.8455]]],[[[-84.5679,45.9525],[-84.5827,45.9631],[-84.568,45.9681],[-84.5679,45.9525]]],[[[-84.6088,45.9675],[-84.6316,45.9553],[-84.6358,45.9809],[-84.6088,45.9675]]],[[[-84.422,45.9747],[-84.425,45.9738],[-84.4357,45.9816],[-84.422,45.9747]]],[[[-83.8806,46.0632],[-83.8793,46.0696],[-83.8768,46.0648],[-83.8806,46.0632]]],[[[-83.8652,46.0714],[-83.8648,46.0811],[-83.8533,46.0727],[-83.8652,46.0714]]],[[[-83.9764,46.069],[-84.0117,46.0915],[-83.9953,46.0948],[-83.9764,46.069]]],[[[-83.8181,43.6659],[-83.8321,43.6663],[-83.8223,43.6754],[-83.8181,43.6659]]],[[[-83.4682,43.7575],[-83.4749,43.7561],[-83.477,43.7615],[-83.4682,43.7575]]],[[[-83.4469,43.8229],[-83.433,43.8194],[-83.4493,43.8164],[-83.4469,43.8229]]],[[[-83.4466,43.8308],[-83.4607,43.8164],[-83.4513,43.8351],[-83.4466,43.8308]]],[[[-83.4381,43.8395],[-83.4507,43.8555],[-83.4316,43.8566],[-83.4381,43.8395]]],[[[-83.4174,43.8755],[-83.428,43.8784],[-83.4239,43.8817],[-83.4174,43.8755]]],[[[-83.4273,44.0287],[-83.4415,44.0278],[-83.4285,44.0327],[-83.4273,44.0287]]],[[[-83.2049,45.0407],[-83.2121,45.0523],[-83.1927,45.0359],[-83.2049,45.0407]]],[[[-83.2183,45.0415],[-83.227,45.0405],[-83.2181,45.0495],[-83.2183,45.0415]]],[[[-83.2986,45.0632],[-83.2909,45.0681],[-83.2917,45.0603],[-83.2986,45.0632]]],[[[-83.3249,45.1871],[-83.3299,45.1977],[-83.3199,45.1895],[-83.3249,45.1871]]],[[[-83.6774,46.073],[-83.7322,46.0869],[-83.7001,46.1039],[-83.5813,46.0896],[-83.5344,46.0077],[-83.4732,45.9844],[-83.512,45.9271],[-83.5701,45.9139],[-83.6085,45.9261],[-83.6042,45.9388],[-83.6321,45.9302],[-83.6206,45.9446],[-83.6302,45.957],[-83.6411,45.9408],[-83.7057,45.9342],[-83.7689,45.9539],[-83.7862,45.9329],[-83.8179,45.9542],[-83.8378,45.9396],[-83.8306,45.9492],[-83.8829,45.9755],[-83.8451,46.0266],[-83.8061,45.9839],[-83.7663,46.0248],[-83.6888,46.0356],[-83.6905,46.0536],[-83.6717,46.0549],[-83.6774,46.073]]],[[[-83.7227,46.0508],[-83.7187,46.0454],[-83.728,46.0464],[-83.7227,46.0508]]],[[[-83.7014,46.0489],[-83.7079,46.0489],[-83.7008,46.0519],[-83.7014,46.0489]]],[[[-83.7472,46.0348],[-83.774,46.0515],[-83.7548,46.0661],[-83.7349,46.0536],[-83.7472,46.0348]]],[[[-83.8478,46.0522],[-83.8551,46.0535],[-83.8526,46.0589],[-83.8478,46.0522]]],[[[-83.8414,46.0678],[-83.8446,46.0634],[-83.8502,46.0716],[-83.8414,46.0678]]],[[[-83.7665,46.0863],[-83.7651,46.0922],[-83.7617,46.0889],[-83.7665,46.0863]]],[[[-83.8276,46.1018],[-83.7935,46.1074],[-83.7779,46.0919],[-83.8185,46.0943],[-83.8276,46.1018]]]]}},{"type":"Feature","properties":{"StateFIPS":"12","state":"Florida"},"geometry":{"type":"MultiPolygon","coordinates":[[[[-82.7588,27.6005],[-82.7606,27.5856],[-82.7634,27.6007],[-82.7588,27.6005]]],[[[-82.8324,28.1067],[-82.8427,28.1112],[-82.8322,28.1291],[-82.8324,28.1067]]],[[[-82.8427,28.1638],[-82.848,28.1717],[-82.8404,28.1669],[-82.8427,28.1638]]],[[[-82.8404,28.212],[-82.843,28.1717],[-82.8495,28.2134],[-82.8404,28.212]]],[[[-82.7367,28.7737],[-82.7573,28.8007],[-82.7238,28.7905],[-82.7367,28.7737]]],[[[-83.0259,29.0963],[-83.0295,29.0938],[-83.0345,29.0996],[-83.0259,29.0963]]],[[[-83.0654,29.0956],[-83.076,29.1016],[-83.0618,29.1025],[-83.0654,29.0956]]],[[[-83.0345,29.1218],[-83.0278,29.127],[-83.024,29.1193],[-83.0345,29.1218]]],[[[-83.0934,29.1318],[-83.0826,29.1289],[-83.0857,29.1202],[-83.0903,29.1187],[-83.0934,29.1318]]],[[[-82.7616,29.0516],[-82.8049,29.0543],[-82.7835,29.0693],[-82.8169,29.0762],[-82.8237,29.0989],[-82.8018,29.1166],[-82.8139,29.1625],[-82.9986,29.1741],[-83.0145,29.1405],[-83.0565,29.1299],[-83.0878,29.2164],[-83.0773,29.2553],[-83.167,29.2886],[-83.1746,29.3071],[-83.1583,29.3266],[-83.2025,29.3713],[-83.2181,29.4205],[-83.2937,29.437],[-83.3144,29.4751],[-83.4003,29.5172],[-83.4096,29.6684],[-83.3883,29.6683],[-83.4554,29.6764],[-83.4837,29.6882],[-83.493,29.7127],[-83.5479,29.7281],[-83.566,29.7614],[-83.5856,29.7614],[-83.5868,29.8189],[-83.6808,29.9216],[-83.7824,29.9755],[-83.8287,29.9832],[-83.9892,30.0777],[-83.9786,30.1233],[-83.9965,30.0817],[-84.0243,30.1033],[-84.1679,30.0714],[-84.1845,30.0773],[-84.175,30.0958],[-84.2056,30.1143],[-84.2034,30.0846],[-84.2623,30.1037],[-84.2731,30.0638],[-84.3661,30.0087],[-84.3418,29.9703],[-84.4342,29.9905],[-84.4484,29.9756],[-84.4326,29.9762],[-84.4426,29.9622],[-84.3519,29.9514],[-84.3337,29.9237],[-84.3445,29.899],[-84.4332,29.9075],[-84.4517,29.9291],[-84.5359,29.9101],[-84.6565,29.8343],[-84.6921,29.8291],[-84.888,29.7224],[-84.9021,29.7353],[-84.8706,29.7971],[-84.9151,29.7833],[-84.9384,29.7502],[-84.9977,29.714],[-85.1017,29.7187],[-85.2509,29.6872],[-85.2215,29.6839],[-85.2322,29.6774],[-85.2986,29.684],[-85.3515,29.6667],[-85.3753,29.6919],[-85.3984,29.743],[-85.4167,29.8202],[-85.4118,29.8598],[-85.3913,29.8726],[-85.4097,29.8024],[-85.3608,29.6787],[-85.3098,29.6932],[-85.3008,29.799],[-85.3887,29.9244],[-85.4204,29.9472],[-85.4933,29.9629],[-85.5956,30.0506],[-85.9959,30.2691],[-86.2435,30.3497],[-86.3974,30.3787],[-86.6437,30.397],[-86.7995,30.3872],[-87.206,30.3215],[-87.2709,30.3167],[-87.3012,30.3303],[-87.5183,30.2804],[-87.4524,30.3002],[-87.4501,30.3111],[-87.5028,30.3073],[-87.5047,30.324],[-87.46,30.3363],[-87.4296,30.4065],[-87.3669,30.4405],[-87.4251,30.4656],[-87.4478,30.5119],[-87.395,30.6153],[-87.407,30.6752],[-87.5326,30.7435],[-87.545,30.7787],[-87.6349,30.8659],[-87.5921,30.9515],[-87.5989,30.9975],[-85.0025,31.0007],[-85.004,30.9735],[-84.9801,30.9613],[-84.9836,30.937],[-84.9349,30.8845],[-84.9257,30.8427],[-84.9374,30.8209],[-84.9143,30.7536],[-84.8961,30.7506],[-84.8579,30.6984],[-84.8647,30.7115],[-84.0075,30.6721],[-82.2148,30.5685],[-82.2404,30.5378],[-82.2014,30.4852],[-82.2103,30.4246],[-82.1929,30.3788],[-82.1618,30.3579],[-82.05,30.3624],[-82.0055,30.5635],[-82.0495,30.6555],[-82.0448,30.7285],[-82.0368,30.7544],[-82.0114,30.7626],[-82.022,30.7882],[-81.9777,30.7766],[-81.9639,30.8181],[-81.9388,30.8288],[-81.9109,30.8161],[-81.9048,30.8283],[-81.8683,30.7928],[-81.7926,30.7855],[-81.7822,30.7613],[-81.7617,30.7757],[-81.7199,30.7446],[-81.6728,30.7389],[-81.6831,30.7485],[-81.6633,30.7544],[-81.6531,30.7298],[-81.6244,30.7363],[-81.6107,30.7162],[-81.6009,30.7294],[-81.5384,30.7087],[-81.5334,30.7234],[-81.4895,30.7261],[-81.4258,30.7005],[-81.4376,30.5187],[-81.4596,30.5264],[-81.4132,30.4829],[-81.3799,30.2529],[-81.309,29.9694],[-81.2751,29.8988],[-81.2539,29.7769],[-80.9662,29.148],[-80.7329,28.7912],[-80.5742,28.5853],[-80.5252,28.455],[-80.5781,28.4231],[-80.5975,28.3855],[-80.6068,28.2964],[-80.5579,28.0718],[-80.3805,27.732],[-80.0799,26.9705],[-80.0314,26.7963],[-80.0389,26.5693],[-80.1179,25.9752],[-80.121,25.8132],[-80.1308,25.7644],[-80.1594,25.733],[-80.148,25.7259],[-80.1529,25.6716],[-80.1773,25.6866],[-80.1543,25.7232],[-80.2026,25.7482],[-80.2491,25.7134],[-80.272,25.6392],[-80.3054,25.6159],[-80.3027,25.5695],[-80.3405,25.4922],[-80.3204,25.4372],[-80.3279,25.3968],[-80.3054,25.3877],[-80.3423,25.3233],[-80.3706,25.3232],[-80.3724,25.2871],[-80.379,25.3017],[-80.4167,25.1987],[-80.3528,25.2076],[-80.3322,25.263],[-80.3637,25.2858],[-80.3257,25.2881],[-80.2576,25.3507],[-80.26,25.3249],[-80.3673,25.1687],[-80.3498,25.1689],[-80.3771,25.1303],[-80.4721,25.0615],[-80.5693,24.9548],[-80.6604,24.8985],[-80.6232,24.9467],[-80.5976,24.9503],[-80.5988,24.9661],[-80.561,24.9697],[-80.5438,25.014],[-80.5159,25.0147],[-80.4333,25.1078],[-80.4613,25.1325],[-80.4427,25.1916],[-80.4655,25.2118],[-80.4879,25.2082],[-80.4951,25.2261],[-80.498,25.1999],[-80.5193,25.2226],[-80.5387,25.2053],[-80.5628,25.2123],[-80.559,25.1996],[-80.5689,25.1933],[-80.5633,25.2074],[-80.5766,25.2119],[-80.5955,25.1902],[-80.609,25.2032],[-80.6522,25.1928],[-80.664,25.1767],[-80.6426,25.178],[-80.6526,25.1459],[-80.6737,25.1383],[-80.6533,25.1645],[-80.671,25.1745],[-80.6981,25.1634],[-80.7036,25.1426],[-80.7291,25.1675],[-80.7474,25.158],[-80.7216,25.1465],[-80.7423,25.1425],[-80.763,25.1626],[-80.7781,25.1382],[-80.7764,25.1606],[-80.8146,25.1827],[-80.8099,25.1689],[-80.8264,25.1606],[-80.8579,25.1766],[-80.9001,25.162],[-80.9006,25.1397],[-81.0839,25.1162],[-81.141,25.1572],[-81.1709,25.2459],[-81.1481,25.3328],[-81.1214,25.3387],[-81.123,25.3791],[-81.1505,25.3873],[-81.168,25.4695],[-81.2097,25.5065],[-81.2044,25.5389],[-81.2336,25.5689],[-81.2417,25.6065],[-81.2715,25.6143],[-81.2903,25.6875],[-81.3819,25.7492],[-81.389,25.7813],[-81.47,25.8036],[-81.4996,25.8348],[-81.53,25.8386],[-81.5342,25.8566],[-81.5644,25.8562],[-81.6386,25.9054],[-81.6721,25.8818],[-81.6848,25.8472],[-81.7531,25.9511],[-81.7382,25.9718],[-81.8017,26.0914],[-81.8458,26.3304],[-81.9128,26.4294],[-81.9639,26.4572],[-81.9695,26.4765],[-82.0127,26.4869],[-81.9981,26.5327],[-82.0387,26.5256],[-82.0581,26.5484],[-82.0716,26.5257],[-82.0569,26.4937],[-82.1057,26.4839],[-82.1021,26.5195],[-82.1426,26.6439],[-82.1836,26.695],[-82.1581,26.7073],[-82.1258,26.6995],[-82.0878,26.6472],[-82.0511,26.865],[-82.0867,26.8885],[-82.0971,26.9145],[-82.0538,26.9398],[-82.1142,26.9646],[-82.1414,26.9239],[-82.1831,26.9358],[-82.1463,26.7829],[-82.2499,26.7629],[-82.2619,26.7171],[-82.2721,26.7895],[-82.3752,26.946],[-82.522,27.2284],[-82.5689,27.2756],[-82.5601,27.2951],[-82.6901,27.4344],[-82.7457,27.5388],[-82.708,27.5231],[-82.7068,27.4984],[-82.6413,27.5255],[-82.6117,27.5853],[-82.5774,27.5996],[-82.5143,27.7056],[-82.4767,27.7237],[-82.4814,27.7434],[-82.4426,27.7575],[-82.4105,27.8107],[-82.3859,27.8197],[-82.4026,27.8826],[-82.4424,27.9153],[-82.4618,27.9097],[-82.4603,27.937],[-82.4917,27.9147],[-82.4724,27.8226],[-82.5339,27.8329],[-82.55,27.8518],[-82.5299,27.8775],[-82.542,27.8936],[-82.5334,27.9385],[-82.5539,27.967],[-82.5734,27.963],[-82.5686,27.9755],[-82.6485,28.0181],[-82.665,28.0013],[-82.6654,28.0281],[-82.6901,28.0275],[-82.6756,28.0054],[-82.7249,27.9384],[-82.6315,27.9084],[-82.6383,27.8929],[-82.5964,27.8641],[-82.5887,27.8304],[-82.6224,27.7892],[-82.6398,27.7039],[-82.7115,27.7054],[-82.7237,27.6624],[-82.708,27.6301],[-82.6982,27.6378],[-82.705,27.6253],[-82.737,27.6126],[-82.7403,27.7182],[-82.8286,27.8223],[-82.8511,27.8742],[-82.8185,28.0487],[-82.8049,27.966],[-82.7861,28.0479],[-82.8223,28.0541],[-82.8341,28.0638],[-82.8362,28.0919],[-82.8256,28.0637],[-82.7835,28.0526],[-82.7978,28.1878],[-82.7701,28.2077],[-82.7484,28.2468],[-82.7581,28.2539],[-82.7271,28.2882],[-82.7352,28.3067],[-82.7013,28.3748],[-82.7064,28.4031],[-82.6699,28.4336],[-82.6646,28.452],[-82.6805,28.4608],[-82.6645,28.4888],[-82.6782,28.4993],[-82.6443,28.5842],[-82.6777,28.6548],[-82.6551,28.6805],[-82.7208,28.7137],[-82.6901,28.7366],[-82.7025,28.7774],[-82.6915,28.7922],[-82.7387,28.8248],[-82.7279,28.8713],[-82.6898,28.8855],[-82.6889,28.9056],[-82.696,28.9308],[-82.7572,28.986],[-82.7616,29.0516]],[[-84.0747,30.4343],[-84.0755,30.2736],[-84.076,30.0955],[-84.0747,30.4343]],[[-85.5281,30.9752],[-85.5282,30.9734],[-85.498,30.9969],[-85.5281,30.9752]],[[-84.9043,30.6255],[-84.9041,30.6256],[-84.8579,30.6984],[-84.9043,30.6255]],[[-82.0494,30.1431],[-82.0492,29.7198],[-82.05,30.3624],[-82.0494,30.1431]],[[-81.6338,30.5786],[-81.6508,30.5755],[-81.6667,30.5517],[-81.6338,30.5786]],[[-81.5387,30.1037],[-81.4347,30.1053],[-81.4347,30.106],[-81.5387,30.1037]],[[-81.6802,30.1212],[-81.6889,30.0286],[-81.6865,30.0267],[-81.6802,30.1212]],[[-81.6082,29.9094],[-81.5999,29.8881],[-81.6049,29.9635],[-81.6082,29.9094]],[[-81.4353,29.3953],[-81.4509,29.3785],[-81.4207,29.3996],[-81.4788,29.3991],[-81.4353,29.3953]],[[-81.6434,29.2785],[-81.6484,29.2902],[-81.6809,29.3244],[-81.6434,29.2785]],[[-81.6566,29.3403],[-81.659,29.3467],[-81.6809,29.3244],[-81.6566,29.3403]],[[-81.3537,28.925],[-81.3514,28.9328],[-81.3533,28.9364],[-81.3537,28.925]],[[-81.4168,28.8246],[-81.3669,28.8792],[-81.3669,28.8794],[-81.4168,28.8246]],[[-81.9542,28.9601],[-81.958,28.3089],[-81.9576,28.3452],[-81.9542,28.9601]],[[-81.6587,28.9603],[-82.3102,28.9604],[-81.9542,28.9601],[-81.6587,28.9603]],[[-81.5635,27.6466],[-81.1392,27.6475],[-82.0543,27.6464],[-81.5635,27.6466]],[[-81.5635,27.6466],[-81.5626,27.0338],[-81.5657,26.7696],[-81.5635,27.6466]],[[-82.0565,27.2117],[-82.0558,27.3383],[-82.0543,27.6464],[-82.0565,27.2117]],[[-82.5936,29.03],[-82.4729,29.0512],[-82.5356,29.0449],[-82.5349,29.2147],[-82.5381,29.0422],[-82.5936,29.03]],[[-82.7361,29.0113],[-82.7011,29.0285],[-82.712,29.0308],[-82.7361,29.0113]],[[-85.5839,30.882],[-85.5897,30.8591],[-85.58,30.8861],[-85.5839,30.882]],[[-82.7151,30.3221],[-82.6842,30.338],[-82.7188,30.3266],[-82.7151,30.3221]],[[-82.794,29.9862],[-82.7946,30.3324],[-82.7995,30.3393],[-82.794,29.9862]],[[-82.7586,29.9757],[-82.7612,29.9765],[-82.7615,29.9726],[-82.7586,29.9757]],[[-82.8105,29.9285],[-82.8005,29.9321],[-82.7878,29.9453],[-82.8105,29.9285]],[[-83.3657,29.6682],[-83.3632,29.6682],[-83.3457,29.7435],[-83.3657,29.6682]],[[-82.8925,29.8285],[-83.3529,29.8222],[-82.9206,29.8241],[-82.9354,29.8095],[-82.8925,29.8285]],[[-82.8633,29.911],[-82.8807,29.8871],[-82.8925,29.8285],[-82.8633,29.911]],[[-82.9557,29.6419],[-82.9561,29.6535],[-82.9679,29.6304],[-82.9557,29.6419]],[[-82.9579,29.5889],[-82.9711,29.6241],[-82.9724,29.6215],[-82.9579,29.5889]],[[-82.9388,29.5873],[-82.9383,29.5885],[-82.9579,29.5889],[-82.9388,29.5873]],[[-84.4627,29.9874],[-84.4584,29.9752],[-84.4551,29.9753],[-84.4627,29.9874]],[[-85.0298,29.9874],[-85.1315,30.0413],[-85.0285,29.9828],[-85.0298,29.9874]],[[-85.0248,29.9729],[-85.0197,29.9535],[-85.0076,30.0139],[-85.0248,29.9729]],[[-84.5444,30.011],[-84.525,30.0052],[-84.5498,30.0144],[-84.5444,30.011]],[[-84.5217,29.9807],[-84.471,30.0006],[-84.4721,30.0024],[-84.5217,29.9807]],[[-85.0197,29.8199],[-85.0391,29.7813],[-85.0386,29.7812],[-85.0197,29.8199]],[[-85.0712,29.7782],[-85.1094,29.7768],[-85.0782,29.7686],[-85.0712,29.7782]],[[-83.0815,30.4425],[-83.1221,30.4326],[-83.1581,30.4141],[-83.0815,30.4425]],[[-83.076,30.426],[-83.0703,30.4263],[-83.0815,30.4425],[-83.076,30.426]],[[-82.8885,30.3688],[-82.8889,30.3861],[-82.8918,30.3864],[-82.8885,30.3688]],[[-82.8029,30.344],[-82.8039,30.3454],[-82.8442,30.3409],[-82.8029,30.344]],[[-83.8202,30.3035],[-83.8029,30.3182],[-83.8385,30.2804],[-83.8202,30.3035]],[[-83.233,30.292],[-83.2363,30.2757],[-83.2099,30.3119],[-83.233,30.292]],[[-83.1606,30.1098],[-83.1178,30.103],[-83.1222,30.1049],[-83.1606,30.1098]],[[-82.9538,29.9614],[-82.9631,29.993],[-82.9739,29.9975],[-82.9538,29.9614]],[[-82.946,29.9581],[-82.9291,29.9511],[-82.9308,29.9574],[-82.946,29.9581]],[[-82.9231,29.9282],[-82.9186,29.8964],[-82.9145,29.8954],[-82.9231,29.9282]],[[-82.9067,29.8935],[-82.8882,29.8889],[-82.895,29.9003],[-82.9067,29.8935]],[[-83.7938,30.3259],[-83.7871,30.3317],[-83.7965,30.3395],[-83.7938,30.3259]],[[-85.4864,30.5676],[-85.3839,30.5669],[-85.1719,30.5643],[-85.4348,30.5676],[-85.4864,30.5676]],[[-84.701,30.319],[-84.7151,30.3301],[-84.7027,30.3165],[-84.701,30.319]],[[-84.6302,30.065],[-84.6135,30.0544],[-84.6485,30.0933],[-84.6302,30.065]],[[-84.6693,30.1252],[-84.6555,30.104],[-84.6819,30.2177],[-84.6693,30.1252]],[[-84.9984,30.4491],[-84.9869,30.4657],[-85.0015,30.4498],[-84.9984,30.4491]],[[-85.0037,30.4747],[-84.9658,30.579],[-84.99,30.5248],[-85.0037,30.4747]],[[-84.5089,30.4538],[-84.4843,30.4589],[-84.4953,30.4603],[-84.5089,30.4538]],[[-84.2999,30.6426],[-84.2978,30.6775],[-84.303,30.6748],[-84.2999,30.6426]],[[-85.9866,30.4235],[-85.9875,30.4088],[-85.9829,30.4258],[-85.9866,30.4235]],[[-85.9049,30.442],[-85.9528,30.4442],[-85.9749,30.4306],[-85.9049,30.442]],[[-87.179,30.3359],[-86.9189,30.3865],[-86.9727,30.3811],[-87.179,30.3359]],[[-82.0919,28.5232],[-82.0893,28.5242],[-82.0934,28.5245],[-82.0919,28.5232]],[[-82.1539,28.5715],[-82.1562,28.5733],[-82.2137,28.5754],[-82.1539,28.5715]],[[-82.5929,29.8619],[-82.6197,29.8591],[-82.6301,29.8439],[-82.5929,29.8619]],[[-82.5307,29.9419],[-82.5306,29.9417],[-82.5305,29.9418],[-82.5307,29.9419]],[[-82.1896,30.0633],[-82.26,30.0281],[-82.2256,30.0343],[-82.1896,30.0633]],[[-82.1781,30.0759],[-82.1846,30.0673],[-82.1797,30.0712],[-82.1781,30.0759]],[[-82.1424,30.1229],[-82.152,30.1104],[-82.1424,30.1163],[-82.1424,30.1229]],[[-82.2105,29.4303],[-82.2102,29.4285],[-82.2059,29.4277],[-82.2105,29.4303]],[[-82.1796,29.4229],[-82.1485,29.4172],[-82.1397,29.4284],[-82.1796,29.4229]],[[-82.0567,29.44],[-82.0559,29.4712],[-82.0559,29.4766],[-82.0567,29.44]],[[-82.0097,29.4985],[-81.9868,29.5038],[-82.0044,29.5017],[-82.0097,29.4985]],[[-81.9225,29.5115],[-81.91,29.5049],[-81.843,29.521],[-81.9225,29.5115]],[[-82.0498,29.7197],[-82.0793,29.776],[-82.0521,29.7191],[-82.0498,29.7197]],[[-82.5553,29.9685],[-82.5699,29.9843],[-82.5693,29.975],[-82.5553,29.9685]],[[-80.8816,27.8225],[-80.5091,27.8221],[-80.8689,27.8225],[-80.8816,27.8225]],[[-80.8628,28.3472],[-80.8629,28.3474],[-80.8689,27.8225],[-80.8628,28.3472]],[[-80.8797,26.2593],[-80.8732,25.364],[-80.8798,26.2713],[-80.8797,26.2593]],[[-80.9196,27.1941],[-80.9556,27.2233],[-80.9639,27.2204],[-80.9499,27.2061],[-80.9196,27.1941]],[[-80.9781,27.2293],[-80.9834,27.238],[-80.9818,27.2316],[-80.9781,27.2293]],[[-81.0269,27.3051],[-81.0356,27.3182],[-81.0288,27.3058],[-81.0269,27.3051]],[[-81.0419,27.3298],[-81.0351,27.3596],[-81.0461,27.3375],[-81.0419,27.3298]],[[-80.9035,27.1691],[-80.8712,27.155],[-80.9058,27.183],[-80.9035,27.1691]],[[-81.1458,27.7102],[-81.1341,27.655],[-81.131,27.6593],[-81.1458,27.7102]],[[-81.3279,28.6105],[-80.968,28.6045],[-80.9873,28.613],[-81.3279,28.6105]],[[-80.9433,28.5937],[-80.9475,28.5955],[-80.9426,28.5864],[-80.9433,28.5937]],[[-80.8709,28.4717],[-80.8746,28.4814],[-80.8944,28.4671],[-80.8709,28.4717]]],[[[-85.0743,29.674],[-85.0968,29.6331],[-85.1205,29.63],[-85.2225,29.6793],[-85.1143,29.6887],[-85.0743,29.674]]],[[[-84.6949,29.7709],[-84.777,29.6922],[-84.9565,29.614],[-85.0451,29.587],[-85.0972,29.6262],[-85.027,29.5967],[-84.9815,29.6086],[-84.8676,29.671],[-84.7905,29.6895],[-84.7986,29.7021],[-84.7822,29.6926],[-84.6949,29.7709]]],[[[-84.6245,29.7901],[-84.5725,29.8285],[-84.5794,29.8079],[-84.6237,29.7885],[-84.6747,29.7862],[-84.6245,29.7901]]],[[[-82.904,29.8243],[-82.9132,29.821],[-82.9187,29.8241],[-82.904,29.8243]]],[[[-81.9682,24.5235],[-81.9785,24.5232],[-81.9709,24.527],[-81.9682,24.5235]]],[[[-81.9177,24.5305],[-81.9283,24.5266],[-81.9256,24.5329],[-81.9177,24.5305]]],[[[-81.999,24.5296],[-82.0065,24.5274],[-82.0075,24.5379],[-81.999,24.5296]]],[[[-81.917,24.5468],[-81.9249,24.54],[-81.9213,24.5485],[-81.917,24.5468]]],[[[-81.8837,24.5603],[-81.8882,24.5578],[-81.8859,24.563],[-81.8837,24.5603]]],[[[-82.1013,24.5655],[-82.1303,24.5482],[-82.1104,24.5686],[-82.1454,24.5899],[-82.1081,24.5906],[-82.1013,24.5655]]],[[[-82.1782,26.4943],[-82.0884,26.4552],[-82.0626,26.4701],[-82.0139,26.4521],[-82.0829,26.4221],[-82.1729,26.4677],[-82.2241,26.6029],[-82.1782,26.4943]]],[[[-82.2239,26.6142],[-82.2625,26.684],[-82.2461,26.7061],[-82.2239,26.6142]]],[[[-82.5736,27.6313],[-82.5726,27.6369],[-82.5693,27.6332],[-82.5736,27.6313]]],[[[-82.6951,27.6616],[-82.6879,27.668],[-82.6872,27.6626],[-82.6951,27.6616]]],[[[-82.4322,27.8223],[-82.4417,27.8235],[-82.4312,27.8386],[-82.4322,27.8223]]],[[[-82.4056,27.848],[-82.417,27.8458],[-82.406,27.85],[-82.4056,27.848]]],[[[-82.4245,27.884],[-82.4375,27.867],[-82.4354,27.8842],[-82.4245,27.884]]],[[[-81.4735,24.6123],[-81.4828,24.6181],[-81.4689,24.6085],[-81.4735,24.6123]]],[[[-81.2448,24.6692],[-81.2808,24.6556],[-81.26,24.6748],[-81.2448,24.6692]]],[[[-81.5846,24.7367],[-81.5712,24.7564],[-81.5158,24.7562],[-81.4981,24.7926],[-81.4435,24.8134],[-81.4515,24.7669],[-81.4055,24.7927],[-81.3718,24.7791],[-81.3594,24.7286],[-81.3196,24.7027],[-81.2969,24.6554],[-81.3948,24.6211],[-81.4125,24.6467],[-81.5059,24.6545],[-81.519,24.6188],[-81.6043,24.5862],[-81.6852,24.5587],[-81.812,24.5488],[-81.7995,24.5942],[-81.794,24.5757],[-81.7528,24.5802],[-81.722,24.6067],[-81.7653,24.6326],[-81.7543,24.654],[-81.5846,24.7367]]],[[[-80.9312,24.7729],[-81.0118,24.7219],[-81.0671,24.7149],[-81.0793,24.6895],[-81.108,24.6886],[-81.1248,24.7071],[-80.9312,24.7729]]],[[[-81.2993,24.7169],[-81.3306,24.7295],[-81.3284,24.7503],[-81.2993,24.7169]]],[[[-81.3309,24.7416],[-81.3341,24.7339],[-81.3359,24.745],[-81.3309,24.7416]]],[[[-81.3143,24.7508],[-81.3061,24.7571],[-81.299,24.7436],[-81.3143,24.7508]]],[[[-81.3276,24.7623],[-81.3242,24.7671],[-81.3184,24.7566],[-81.3276,24.7623]]],[[[-80.9264,24.7659],[-80.9312,24.7644],[-80.926,24.7689],[-80.9264,24.7659]]],[[[-80.9121,24.766],[-80.9232,24.7667],[-80.9088,24.7776],[-80.9121,24.766]]],[[[-81.285,24.7717],[-81.2892,24.769],[-81.2932,24.7808],[-81.285,24.7717]]],[[[-80.8102,24.8242],[-80.7869,24.8228],[-80.8482,24.8058],[-80.7905,24.8402],[-80.8102,24.8242]]],[[[-80.7033,24.8684],[-80.7411,24.8537],[-80.6914,24.8851],[-80.7033,24.8684]]],[[[-80.7237,25.0051],[-80.7263,24.9962],[-80.7301,25.0024],[-80.7237,25.0051]]],[[[-80.7355,25.0054],[-80.7384,25.0043],[-80.739,25.0105],[-80.7355,25.0054]]],[[[-80.7271,25.0651],[-80.7371,25.0655],[-80.7343,25.0722],[-80.7271,25.0651]]],[[[-80.9111,25.102],[-80.912,25.1103],[-80.9074,25.1043],[-80.9111,25.102]]],[[[-80.9325,25.1092],[-80.9392,25.1063],[-80.9353,25.1111],[-80.9325,25.1092]]],[[[-80.8754,25.1153],[-80.8761,25.1109],[-80.8808,25.1192],[-80.8754,25.1153]]],[[[-80.7809,25.1239],[-80.7867,25.1244],[-80.7893,25.132],[-80.7809,25.1239]]],[[[-80.6986,25.1271],[-80.706,25.1289],[-80.7096,25.1413],[-80.6986,25.1271]]],[[[-80.9006,25.1349],[-80.9054,25.1326],[-80.9042,25.1374],[-80.9006,25.1349]]],[[[-81.3382,25.6929],[-81.3556,25.6925],[-81.3412,25.7126],[-81.3382,25.6929]]],[[[-80.6934,24.8995],[-80.7026,24.897],[-80.697,24.9081],[-80.6934,24.8995]]],[[[-80.6614,24.9219],[-80.6664,24.9185],[-80.6652,24.9282],[-80.6614,24.9219]]],[[[-80.6553,24.996],[-80.6576,24.9878],[-80.6618,24.9953],[-80.6553,24.996]]],[[[-80.6155,25.0078],[-80.613,25.0044],[-80.6198,25.0029],[-80.6155,25.0078]]],[[[-80.6821,25.0253],[-80.6871,25.0272],[-80.6821,25.0307],[-80.6821,25.0253]]],[[[-80.6413,25.0516],[-80.6442,25.0469],[-80.6448,25.0528],[-80.6413,25.0516]]],[[[-80.4591,25.0481],[-80.4486,25.0537],[-80.4483,25.0501],[-80.4591,25.0481]]],[[[-80.6925,25.0522],[-80.6956,25.0621],[-80.6926,25.0601],[-80.6925,25.0522]]],[[[-80.5833,25.0569],[-80.5864,25.0556],[-80.5827,25.0612],[-80.5833,25.0569]]],[[[-80.6095,25.0559],[-80.6134,25.0687],[-80.6067,25.0706],[-80.6095,25.0559]]],[[[-80.496,25.0786],[-80.4985,25.0759],[-80.4991,25.0809],[-80.496,25.0786]]],[[[-80.4786,25.1017],[-80.4688,25.092],[-80.4749,25.0921],[-80.4786,25.1017]]],[[[-80.6688,25.0983],[-80.6804,25.0993],[-80.6745,25.1041],[-80.6688,25.0983]]],[[[-80.4872,25.105],[-80.4945,25.0978],[-80.4956,25.1022],[-80.4872,25.105]]],[[[-80.6406,25.0734],[-80.6587,25.1071],[-80.6375,25.1373],[-80.6406,25.0734]]],[[[-80.4823,25.1124],[-80.475,25.1098],[-80.4774,25.1079],[-80.4823,25.1124]]],[[[-80.5607,25.1074],[-80.5672,25.1083],[-80.5686,25.1188],[-80.5607,25.1074]]],[[[-80.6795,25.1232],[-80.6759,25.1145],[-80.6841,25.1229],[-80.6795,25.1232]]],[[[-80.6944,25.1199],[-80.6995,25.1159],[-80.7016,25.1226],[-80.6944,25.1199]]],[[[-80.5054,25.1378],[-80.5065,25.1317],[-80.5106,25.139],[-80.5054,25.1378]]],[[[-80.558,25.1421],[-80.5619,25.1396],[-80.565,25.1497],[-80.558,25.1421]]],[[[-80.5054,25.1487],[-80.514,25.1487],[-80.5082,25.1546],[-80.5054,25.1487]]],[[[-80.5729,25.1567],[-80.5768,25.1538],[-80.5746,25.1599],[-80.5729,25.1567]]],[[[-80.6077,25.1749],[-80.5866,25.1714],[-80.5868,25.1626],[-80.5962,25.1624],[-80.6077,25.1749]]],[[[-80.6144,25.1758],[-80.6248,25.1828],[-80.6123,25.1817],[-80.6144,25.1758]]],[[[-80.5313,25.1856],[-80.5406,25.182],[-80.5404,25.1864],[-80.5313,25.1856]]],[[[-80.2937,25.3855],[-80.295,25.3767],[-80.2982,25.3822],[-80.2937,25.3855]]],[[[-80.2314,25.3874],[-80.2393,25.3506],[-80.2586,25.3596],[-80.2554,25.3807],[-80.2366,25.3893],[-80.2495,25.395],[-80.2092,25.4144],[-80.1755,25.5164],[-80.2038,25.4145],[-80.2314,25.3874]]]]}},{"type":"Feature","properties":{"StateFIPS":"13","state":"Georgia"},"geometry":{"type":"MultiPolygon","coordinates":[[[[-84.9349,30.8845],[-84.9836,30.937],[-84.9825,30.9656],[-85.004,30.9735],[-84.9994,31.0138],[-85.0356,31.1082],[-85.1002,31.1655],[-85.0968,31.2257],[-85.1146,31.2773],[-85.0877,31.3087],[-85.0922,31.3646],[-85.0659,31.4306],[-85.0716,31.4684],[-85.0455,31.5171],[-85.0575,31.6186],[-85.1255,31.695],[-85.1189,31.7327],[-85.141,31.7805],[-85.1343,31.8915],[-85.114,31.8934],[-85.1131,31.9119],[-85.0789,31.9402],[-85.0868,31.9578],[-85.0678,31.9674],[-85.0493,32.0227],[-85.0455,32.0869],[-85.0621,32.1325],[-85.0085,32.1819],[-84.9646,32.1952],[-84.9802,32.2078],[-84.9721,32.2183],[-84.923,32.2309],[-84.9127,32.2433],[-84.923,32.2508],[-84.8891,32.2609],[-84.9338,32.2983],[-85.0071,32.3284],[-84.9692,32.3778],[-84.9886,32.3841],[-84.9688,32.393],[-84.9794,32.4122],[-84.963,32.4242],[-84.9935,32.4507],[-85.0015,32.5147],[-85.0806,32.6081],[-85.0836,32.636],[-85.1053,32.6448],[-85.0885,32.6578],[-85.117,32.692],[-85.1148,32.7381],[-85.1426,32.7607],[-85.1222,32.7734],[-85.1679,32.8116],[-85.1543,32.8475],[-85.1841,32.8705],[-85.6052,34.9847],[-83.0988,34.992],[-83.1276,34.9495],[-83.1117,34.9359],[-83.1562,34.931],[-83.2063,34.8797],[-83.2431,34.8774],[-83.2718,34.818],[-83.3031,34.8187],[-83.3263,34.7508],[-83.3547,34.7171],[-83.3382,34.6872],[-83.2313,34.6112],[-83.1643,34.6044],[-83.1703,34.5924],[-83.0514,34.4939],[-82.9992,34.4724],[-82.8874,34.481],[-82.8588,34.4552],[-82.8348,34.3663],[-82.7947,34.3406],[-82.7738,34.2887],[-82.7467,34.2664],[-82.7175,34.1505],[-82.6416,34.0921],[-82.6457,34.076],[-82.596,34.0309],[-82.5651,33.9571],[-82.5245,33.9434],[-82.4551,33.8816],[-82.3245,33.82],[-82.2475,33.7526],[-82.1799,33.6159],[-82.1335,33.5905],[-82.1062,33.5956],[-82.0282,33.5449],[-81.9859,33.4865],[-81.9341,33.4683],[-81.9148,33.4435],[-81.9317,33.4245],[-81.9124,33.4081],[-81.9431,33.409],[-81.9248,33.3741],[-81.9463,33.3706],[-81.9397,33.3449],[-81.9089,33.3463],[-81.9121,33.3191],[-81.902,33.3359],[-81.8794,33.3023],[-81.8476,33.3071],[-81.8633,33.2892],[-81.8288,33.262],[-81.8481,33.2645],[-81.84,33.2546],[-81.8583,33.2457],[-81.887,33.2618],[-81.8039,33.2113],[-81.774,33.2211],[-81.7571,33.1981],[-81.7681,33.1682],[-81.7445,33.1421],[-81.6464,33.0946],[-81.6141,33.0952],[-81.5619,33.0458],[-81.5132,33.0285],[-81.4912,32.9978],[-81.5086,32.9526],[-81.4808,32.8986],[-81.4647,32.896],[-81.4794,32.8811],[-81.4534,32.8739],[-81.4556,32.8465],[-81.4216,32.8352],[-81.4301,32.7818],[-81.4145,32.7781],[-81.4291,32.7679],[-81.4051,32.745],[-81.4267,32.7009],[-81.4058,32.6905],[-81.3938,32.6535],[-81.4181,32.6283],[-81.3893,32.5954],[-81.3286,32.5611],[-81.2813,32.5564],[-81.2799,32.5366],[-81.2334,32.518],[-81.2336,32.4985],[-81.1886,32.4653],[-81.2067,32.4481],[-81.2055,32.4236],[-81.1616,32.3504],[-81.1294,32.3416],[-81.1379,32.3287],[-81.1199,32.2862],[-81.1566,32.2439],[-81.1141,32.1939],[-81.1111,32.1727],[-81.1284,32.1644],[-81.1122,32.1493],[-81.1154,32.1147],[-81.0381,32.0837],[-81.0043,32.1024],[-80.876,32.0168],[-80.8435,32.0236],[-80.8404,32.003],[-80.8977,31.9491],[-80.928,31.9385],[-80.9427,31.9637],[-80.9843,31.9401],[-80.9685,31.9158],[-80.9301,31.9081],[-80.9927,31.8576],[-81.0653,31.8771],[-81.0591,31.8501],[-81.0758,31.829],[-81.0359,31.8104],[-81.1384,31.7209],[-81.1736,31.7586],[-81.1547,31.7262],[-81.2075,31.7302],[-81.1863,31.7015],[-81.1311,31.6958],[-81.1288,31.6314],[-81.1788,31.5582],[-81.1921,31.5944],[-81.2161,31.5584],[-81.2765,31.5485],[-81.2952,31.5215],[-81.2588,31.5291],[-81.2823,31.5044],[-81.2629,31.4958],[-81.2367,31.5292],[-81.1983,31.537],[-81.1793,31.5163],[-81.2686,31.383],[-81.2943,31.3686],[-81.2696,31.2587],[-81.2905,31.2177],[-81.4095,31.1206],[-81.4013,31.0728],[-81.4325,31.013],[-81.4454,31.0281],[-81.461,30.9991],[-81.4906,30.985],[-81.487,30.9696],[-81.4269,30.9566],[-81.4085,30.9777],[-81.4041,30.9037],[-81.4601,30.7699],[-81.4441,30.7097],[-81.4895,30.7261],[-81.5334,30.7234],[-81.5384,30.7087],[-81.6009,30.7294],[-81.6107,30.7162],[-81.6244,30.7363],[-81.6531,30.7298],[-81.6633,30.7544],[-81.6831,30.7485],[-81.6728,30.7389],[-81.7199,30.7446],[-81.7617,30.7757],[-81.7822,30.7613],[-81.7926,30.7855],[-81.8683,30.7928],[-81.9033,30.8268],[-81.9495,30.8279],[-81.9734,30.7788],[-82.0159,30.7916],[-82.0114,30.7626],[-82.0396,30.7477],[-82.0495,30.6555],[-82.0055,30.5635],[-82.0368,30.3779],[-82.0685,30.3592],[-82.1701,30.3589],[-82.1929,30.3788],[-82.2103,30.4246],[-82.2014,30.4852],[-82.2404,30.5378],[-82.2148,30.5685],[-84.8635,30.7115],[-84.9201,30.766],[-84.9374,30.8209],[-84.9257,30.8427],[-84.9349,30.8845]],[[-81.9244,33.2569],[-81.9789,33.2272],[-81.887,33.2618],[-81.9244,33.2569]],[[-83.3646,30.6553],[-83.3828,30.6633],[-83.3577,30.6374],[-83.3646,30.6553]],[[-83.8259,34.7785],[-83.7742,34.7927],[-83.7803,34.7929],[-83.8259,34.7785]],[[-83.8391,34.7274],[-83.8309,34.7299],[-83.8259,34.7785],[-83.8391,34.7274]],[[-83.9472,34.7381],[-83.8636,34.7263],[-83.8773,34.6296],[-83.8565,34.7222],[-83.8436,34.7261],[-83.9472,34.7381]],[[-83.8354,34.5257],[-83.8328,34.5323],[-83.8644,34.5506],[-83.8354,34.5257]],[[-83.8876,34.4599],[-83.8434,34.5055],[-83.8392,34.5162],[-83.8876,34.4599]],[[-83.9814,34.3578],[-83.972,34.4055],[-83.9807,34.4144],[-83.9814,34.3578]],[[-83.9571,34.334],[-83.9451,34.3294],[-83.9814,34.3578],[-83.9571,34.334]],[[-84.0751,34.1633],[-84.0931,34.1226],[-84.0413,34.1936],[-84.0751,34.1633]],[[-83.8177,34.1275],[-83.6203,34.295],[-83.8678,34.0987],[-83.8177,34.1275]],[[-83.7991,33.9298],[-83.7794,33.9125],[-83.8691,34.0043],[-83.7991,33.9298]],[[-83.9315,33.6509],[-83.9148,33.7441],[-83.9148,33.7441],[-83.9315,33.6509]],[[-84.0531,33.5355],[-84.0552,33.5188],[-84.0463,33.5278],[-84.0531,33.5355]],[[-84.0353,33.4957],[-84.0304,33.4951],[-84.0552,33.5188],[-84.0353,33.4957]],[[-83.9731,33.4076],[-83.926,33.4427],[-83.928,33.4465],[-83.9731,33.4076]],[[-84.073,33.3176],[-84.0613,33.3096],[-84.0568,33.3177],[-84.073,33.3176]],[[-84.0839,33.3005],[-84.0733,33.3018],[-84.073,33.3176],[-84.0839,33.3005]],[[-84.1508,33.313],[-84.089,33.2856],[-84.1026,33.2982],[-84.092,33.2995],[-84.1508,33.313]],[[-84.0542,32.9315],[-84.0441,32.9479],[-84.0415,33.2025],[-84.0415,33.2025],[-84.0542,32.9315]],[[-83.8244,32.7419],[-83.8164,32.7375],[-83.892,32.8196],[-83.8244,32.7419]],[[-83.5585,32.6533],[-83.5977,32.6643],[-83.6042,32.6787],[-83.6046,32.6659],[-83.5585,32.6533]],[[-83.5135,32.8449],[-83.407,32.8982],[-83.2877,32.9519],[-83.3577,32.9261],[-83.518,32.8441],[-83.4894,32.8241],[-83.5135,32.8449]],[[-83.3739,32.2497],[-83.284,32.3243],[-83.3465,32.2725],[-83.3739,32.2497]],[[-83.3493,32.1033],[-83.3195,32.0943],[-83.3373,32.1059],[-83.3089,32.1257],[-83.3493,32.1033]],[[-83.3037,32.0697],[-83.3011,32.0823],[-83.3055,32.0852],[-83.3037,32.0697]],[[-83.2969,32.0112],[-83.2896,32.0264],[-83.3004,32.041],[-83.2969,32.0112]],[[-83.2319,31.94],[-83.2386,31.9502],[-83.2465,31.9509],[-83.2319,31.94]],[[-83.1997,31.8803],[-83.2057,31.9003],[-83.219,31.9204],[-83.1997,31.8803]],[[-83.1775,31.8479],[-83.1767,31.8472],[-83.1775,31.8479],[-83.1775,31.8479]],[[-83.612,31.8541],[-83.4802,31.8473],[-83.3138,31.8498],[-83.612,31.8541]],[[-83.4543,31.752],[-83.4536,31.7579],[-83.4546,31.7611],[-83.4543,31.752]],[[-83.5007,31.594],[-83.501,31.5701],[-83.4907,31.6961],[-83.5007,31.594]],[[-83.3822,31.4872],[-83.3781,31.4851],[-83.4098,31.5427],[-83.3822,31.4872]],[[-83.341,31.466],[-83.1456,31.4723],[-83.1364,31.4739],[-83.3723,31.4821],[-83.341,31.466]],[[-83.1415,31.4039],[-83.1182,31.3828],[-83.1405,31.4204],[-83.1456,31.4723],[-83.1415,31.4039]],[[-83.3731,31.2518],[-83.3461,31.2465],[-83.4288,31.2933],[-83.3731,31.2518]],[[-83.3342,31.1915],[-83.3332,31.2393],[-83.3358,31.2407],[-83.3342,31.1915]],[[-83.3205,31.098],[-83.3045,31.1564],[-83.3073,31.1596],[-83.3205,31.098]],[[-83.4763,31.0325],[-83.4756,31.032],[-83.4021,31.0303],[-83.4763,31.0325]],[[-83.4477,30.6954],[-83.4456,30.6946],[-83.4505,30.6996],[-83.4477,30.6954]],[[-84.6186,34.8554],[-84.4197,34.8545],[-84.6228,34.8571],[-84.5822,34.8246],[-84.6186,34.8554]],[[-84.4189,34.0735],[-84.6592,34.0782],[-84.6701,34.0781],[-84.4189,34.0735]],[[-84.4189,34.0734],[-84.4184,34.109],[-84.4189,34.0735],[-84.4189,34.0734]],[[-84.3751,33.9785],[-84.4083,34.0363],[-84.4001,34.0077],[-84.3751,33.9785]],[[-84.6527,33.6836],[-84.4549,33.8284],[-84.5779,33.7437],[-84.6527,33.6836]],[[-84.8321,33.5487],[-84.7488,33.6318],[-84.8089,33.5741],[-84.8321,33.5487]],[[-84.936,33.4372],[-84.8507,33.5115],[-84.8151,33.5212],[-84.8493,33.5132],[-84.936,33.4372]],[[-84.6234,33.4486],[-84.5948,33.5186],[-84.6268,33.4752],[-84.6234,33.4486]],[[-84.4394,33.5507],[-84.4587,33.5509],[-84.5948,33.5186],[-84.4394,33.5507]],[[-84.3842,33.32],[-84.3881,33.3525],[-84.3867,33.4098],[-84.3963,33.3733],[-84.3842,33.32]],[[-84.1506,33.3356],[-84.3544,33.3525],[-84.3881,33.3525],[-84.1506,33.3356]],[[-84.531,33.0476],[-84.5115,33.086],[-84.5251,33.0785],[-84.531,33.0476]],[[-84.5165,32.9185],[-84.527,32.9705],[-84.5353,33.0251],[-84.538,33.0114],[-84.5165,32.9185]],[[-84.5004,32.8824],[-84.5086,32.8843],[-84.5074,32.8788],[-84.5004,32.8824]],[[-84.6414,32.5335],[-84.6906,32.5252],[-84.7251,32.5047],[-84.6414,32.5335]],[[-84.3976,32.4382],[-84.4078,32.4853],[-84.4084,32.444],[-84.3976,32.4382]],[[-84.4438,31.9675],[-84.4348,32.0991],[-84.4533,31.9192],[-84.4438,31.9675]],[[-84.2859,31.8538],[-84.3382,31.8736],[-84.3381,31.9162],[-84.3435,31.8745],[-84.2859,31.8538]],[[-83.9191,31.9231],[-83.9401,31.9766],[-83.9227,31.9081],[-83.9191,31.9231]],[[-83.9394,31.8479],[-83.9348,31.857],[-83.9673,31.8345],[-83.9394,31.8479]],[[-83.9934,31.65],[-84.0193,31.6542],[-84.0237,31.6486],[-83.9934,31.65]],[[-83.9994,31.335],[-83.999,31.3686],[-84.003,31.1119],[-83.9994,31.335]],[[-84.4481,31.4366],[-84.1441,31.4339],[-83.9979,31.4438],[-84.4401,31.443],[-84.4481,31.4366]],[[-85.0409,33.8475],[-85.0436,33.8114],[-85.0177,33.8072],[-85.0379,33.8119],[-85.0409,33.8475]],[[-84.5632,31.7706],[-84.5394,31.6612],[-84.5355,31.6818],[-84.5632,31.7706]],[[-84.4521,31.5949],[-84.4577,31.584],[-84.4549,31.5483],[-84.4521,31.5949]],[[-84.6376,31.4339],[-84.5365,31.4386],[-84.789,31.4364],[-84.6376,31.4339]],[[-84.5371,31.2559],[-84.6416,31.259],[-84.9174,31.256],[-84.5371,31.2559]],[[-84.4027,31.0782],[-84.5427,31.079],[-84.9047,31.0729],[-84.7309,31.0692],[-84.4027,31.0782]],[[-84.7293,32.227],[-84.6465,32.2254],[-84.6493,32.2329],[-84.7293,32.227]],[[-84.6174,32.2268],[-84.6206,32.2331],[-84.6491,32.2329],[-84.6174,32.2268]],[[-84.907,31.9245],[-84.8969,31.9243],[-84.9071,31.9245],[-84.907,31.9245]],[[-84.6311,32.1841],[-84.6343,32.1926],[-84.6325,32.1825],[-84.6311,32.1841]],[[-84.8619,32.8695],[-84.7513,32.8692],[-84.8618,32.8725],[-84.8621,33.1992],[-84.8619,32.8695]],[[-84.9466,32.3788],[-84.9363,32.3793],[-84.8747,32.4128],[-84.9466,32.3788]],[[-84.5285,33.3228],[-84.5347,33.3358],[-84.586,33.3579],[-84.5285,33.3228]],[[-84.6205,33.4268],[-84.6182,33.4081],[-84.586,33.3579],[-84.6205,33.4268]],[[-85.0618,34.5872],[-85.0692,34.5872],[-85.0635,34.5425],[-85.0618,34.5872]],[[-85.0505,34.622],[-85.0508,34.72],[-85.0579,34.6223],[-85.0505,34.622]],[[-84.9151,34.6273],[-84.9175,34.6314],[-84.9261,34.6162],[-84.9151,34.6273]],[[-84.9105,34.6814],[-84.9443,34.68],[-84.9419,34.6769],[-84.9105,34.6814]],[[-84.8885,34.6678],[-84.892,34.6713],[-84.8926,34.6703],[-84.8885,34.6678]],[[-85.1223,34.0876],[-85.1575,34.0835],[-85.1225,34.0831],[-85.1223,34.0876]],[[-85.0469,34.0914],[-85.0447,34.2136],[-85.0469,34.0964],[-85.0736,34.0933],[-85.0469,34.0914]],[[-84.8327,33.776],[-84.7241,33.7886],[-84.8511,33.7773],[-84.8327,33.776]],[[-84.7241,33.8064],[-84.7357,34.0361],[-84.7241,33.7886],[-84.7241,33.8064]],[[-85.0498,33.9526],[-85.0503,33.9045],[-85.0608,33.9041],[-85.0457,33.9043],[-85.0498,33.9526]],[[-85.1114,34.4634],[-85.092,34.4269],[-85.0906,34.4295],[-85.1114,34.4634]],[[-85.0958,34.4199],[-85.1078,34.4109],[-85.1014,34.4098],[-85.0958,34.4199]],[[-84.9498,34.3933],[-84.7341,34.3965],[-84.9472,34.3989],[-84.9498,34.3933]],[[-84.7446,34.6238],[-84.7467,34.6158],[-84.7157,34.6229],[-84.7446,34.6238]],[[-84.7719,34.6101],[-84.9082,34.6158],[-84.7797,34.6083],[-84.7719,34.6101]],[[-84.1536,31.4135],[-84.1459,31.43],[-84.1946,31.3926],[-84.1536,31.4135]],[[-84.2009,31.3565],[-84.198,31.3575],[-84.1946,31.3926],[-84.2009,31.3565]],[[-84.2741,31.8411],[-84.2614,31.7978],[-84.2623,31.8285],[-84.2741,31.8411]],[[-84.2612,31.7943],[-84.2865,31.7912],[-84.2612,31.7913],[-84.2612,31.7943]],[[-83.9799,32.044],[-83.9584,32.0232],[-83.9613,32.0306],[-83.9799,32.044]],[[-84.2001,32.6895],[-84.1964,32.6838],[-84.1724,32.6836],[-84.2001,32.6895]],[[-83.9547,32.563],[-84.0034,32.5299],[-84.036,32.5273],[-84.0021,32.5208],[-83.9547,32.563]],[[-84.0022,32.5206],[-84.0088,32.5208],[-84.012,32.5119],[-84.0022,32.5206]],[[-84.0139,32.5066],[-84.0147,32.5045],[-84.0078,32.5069],[-84.0139,32.5066]],[[-83.8276,32.4391],[-83.8278,32.4576],[-83.8484,32.4703],[-83.8462,32.4646],[-83.8276,32.4391]],[[-84.3474,32.3875],[-84.3546,32.3921],[-84.3531,32.385],[-84.3474,32.3875]],[[-84.3437,32.3978],[-84.3436,32.3891],[-84.3233,32.3978],[-84.3437,32.3978]],[[-84.2487,32.3999],[-84.2546,32.3721],[-84.2559,32.2962],[-84.2487,32.3999]],[[-84.1112,32.5141],[-84.1159,32.508],[-84.0786,32.5198],[-84.1112,32.5141]],[[-84.0441,32.5157],[-84.0532,32.5243],[-84.0698,32.5214],[-84.0441,32.5157]],[[-84.2201,32.2311],[-84.1817,32.2297],[-84.1341,32.228],[-84.2201,32.2311]],[[-84.0341,32.4974],[-84.0234,32.5013],[-84.0343,32.5089],[-84.0341,32.4974]],[[-84.2528,32.7274],[-84.3028,32.7614],[-84.2931,32.744],[-84.2528,32.7274]],[[-84.3444,32.7713],[-84.3536,32.7836],[-84.3825,32.7803],[-84.3444,32.7713]],[[-84.4149,32.8345],[-84.4186,32.8335],[-84.3825,32.7803],[-84.4149,32.8345]],[[-84.4573,32.8299],[-84.4525,32.8311],[-84.4673,32.853],[-84.4573,32.8299]],[[-84.3501,33.6479],[-84.4577,33.6485],[-84.2921,33.6474],[-84.3501,33.6479]],[[-84.0653,33.549],[-84.131,33.5646],[-84.062,33.5453],[-84.0653,33.549]],[[-84.259,34.1859],[-84.2541,34.1043],[-84.258,34.329],[-84.259,34.1859]],[[-84.1019,34.0494],[-84.1692,34.0283],[-84.1004,34.0477],[-84.1019,34.0494]],[[-84.276,33.9592],[-84.3464,33.966],[-84.2771,33.9576],[-84.276,33.9592]],[[-84.1323,34.6608],[-84.1513,34.6515],[-84.1886,34.6027],[-84.1323,34.6608]],[[-84.1939,34.6388],[-84.1968,34.6179],[-84.191,34.5392],[-84.1886,34.6027],[-84.1939,34.6388]],[[-84.1249,34.6644],[-84.1273,34.6633],[-84.0363,34.6421],[-84.1249,34.6644]],[[-83.7139,31.3317],[-83.5126,31.3274],[-83.4606,31.3263],[-83.6541,31.3307],[-83.7139,31.3317]],[[-83.5679,31.0712],[-83.5499,31.0534],[-83.5679,31.0712],[-83.5679,31.0712]],[[-83.737,31.0375],[-83.7808,31.0385],[-83.7961,31.026],[-83.737,31.0375]],[[-83.5592,31.1241],[-83.5493,31.1533],[-83.5559,31.1445],[-83.5592,31.1241]],[[-83.397,32.1326],[-83.4017,32.1307],[-83.3611,32.1241],[-83.397,32.1326]],[[-83.8439,31.8271],[-83.8027,31.8035],[-83.8027,31.8036],[-83.8439,31.8271]],[[-83.67,31.5951],[-83.6714,31.5718],[-83.6648,31.5707],[-83.67,31.5951]],[[-83.5548,32.648],[-83.5351,32.5866],[-83.5487,32.6392],[-83.5548,32.648]],[[-83.6156,32.2886],[-83.6156,32.2886],[-83.6163,32.2886],[-83.6156,32.2886]],[[-83.7139,32.9566],[-83.8919,32.8484],[-83.7118,32.9521],[-83.7139,32.9566]],[[-83.5375,34.4917],[-83.398,34.461],[-83.4584,34.4839],[-83.365,34.6753],[-83.4597,34.4813],[-83.5375,34.4917]],[[-83.6152,34.4317],[-83.6556,34.3997],[-83.5375,34.4917],[-83.6152,34.4317]],[[-83.3525,34.2294],[-83.3381,34.2594],[-83.3531,34.229],[-83.3525,34.2294]],[[-83.3638,34.1641],[-83.4024,34.1975],[-83.4792,34.2607],[-83.3638,34.1641]],[[-83.3592,34.1312],[-83.3577,34.1357],[-83.3638,34.1641],[-83.3592,34.1312]],[[-83.2565,34.0057],[-83.2633,34.0061],[-83.2642,34.0026],[-83.2565,34.0057]],[[-83.2925,33.8105],[-83.3066,33.8114],[-83.2876,33.7907],[-83.2925,33.8105]],[[-83.2803,33.7618],[-83.2832,33.773],[-83.2915,33.7343],[-83.2803,33.7618]],[[-83.3705,33.6559],[-83.4062,33.6983],[-83.4455,33.7232],[-83.3705,33.6559]],[[-83.2696,33.5344],[-83.2747,33.5384],[-83.2754,33.5245],[-83.2696,33.5344]],[[-83.2799,33.4834],[-83.2811,33.4932],[-83.5337,33.4345],[-83.2799,33.4834]],[[-83.2576,33.4567],[-83.2667,33.4621],[-83.2536,33.4411],[-83.2576,33.4567]],[[-83.1596,33.3585],[-82.9856,33.4898],[-83.1596,33.3585],[-83.1596,33.3585]],[[-83.0976,33.1515],[-83.2731,33.1908],[-83.2741,33.1872],[-83.0976,33.1515]],[[-83.1047,33.0577],[-83.1188,33.087],[-83.1062,33.0571],[-83.1047,33.0577]],[[-82.5145,32.8178],[-82.5206,32.8262],[-82.5211,32.8224],[-82.5145,32.8178]],[[-82.4325,32.7629],[-82.4449,32.7697],[-82.4341,32.7623],[-82.4325,32.7629]],[[-82.653,32.5069],[-82.5,32.4984],[-82.6745,32.5239],[-82.653,32.5069]],[[-82.3932,32.4485],[-82.398,32.4519],[-82.5,32.4984],[-82.3932,32.4485]],[[-82.359,32.3188],[-82.4091,32.3538],[-82.4091,32.3537],[-82.359,32.3188]],[[-82.6491,32.3115],[-82.6656,32.2992],[-82.4091,32.3537],[-82.6491,32.3115]],[[-82.4781,31.9679],[-82.4831,31.969],[-82.4848,31.9681],[-82.4781,31.9679]],[[-82.4947,31.4687],[-82.5975,31.4693],[-82.6282,31.4693],[-82.4947,31.4687]],[[-82.629,31.3639],[-82.6296,31.2747],[-82.6282,31.4693],[-82.629,31.3639]],[[-83.3636,33.1735],[-83.323,33.1702],[-83.3636,33.1799],[-83.3636,33.1735]],[[-83.3726,33.1751],[-83.3878,33.1854],[-83.416,33.183],[-83.3726,33.1751]],[[-83.7603,33.8958],[-83.6764,33.9176],[-83.7618,33.8972],[-83.7603,33.8958]],[[-83.361,33.8765],[-83.3327,33.8701],[-83.4219,33.9271],[-83.361,33.8765]],[[-83.3267,33.8556],[-83.3049,33.8523],[-83.3274,33.8667],[-83.3267,33.8556]],[[-83.8631,33.3683],[-83.8652,33.3704],[-83.8634,33.3423],[-83.8631,33.3683]],[[-83.822,33.1781],[-83.8079,33.1914],[-83.8223,33.1802],[-83.822,33.1781]],[[-83.8164,33.1246],[-83.7254,33.0327],[-83.816,33.1318],[-83.8184,33.144],[-83.8164,33.1246]],[[-83.4945,33.1763],[-83.5459,33.1719],[-83.816,33.1318],[-83.4945,33.1763]],[[-83.8548,33.1956],[-83.8681,33.2019],[-84.0388,33.2025],[-83.8548,33.1956]],[[-83.7422,33.6459],[-83.7219,33.6343],[-83.7344,33.6456],[-83.7422,33.6459]],[[-83.6872,33.6027],[-83.6812,33.5827],[-83.6809,33.5969],[-83.6872,33.6027]],[[-83.5024,33.8149],[-83.5066,33.8169],[-83.6809,33.5969],[-83.5024,33.8149]],[[-83.6795,33.4956],[-83.6822,33.5262],[-83.6818,33.547],[-83.6881,33.5106],[-83.6795,33.4956]],[[-83.6784,33.4836],[-83.6789,33.4891],[-83.7052,33.5008],[-83.6784,33.4836]],[[-83.4772,33.7898],[-83.4855,33.8072],[-83.4975,33.8127],[-83.4772,33.7898]],[[-83.6279,33.8865],[-83.6318,33.8905],[-83.6303,33.8866],[-83.6279,33.8865]],[[-83.5984,34.8214],[-83.5565,34.7846],[-83.5878,34.8206],[-83.5984,34.8214]],[[-83.5568,34.7579],[-83.533,34.739],[-83.5183,34.7349],[-83.5568,34.7579]],[[-83.7126,34.791],[-83.6816,34.8009],[-83.6794,34.8025],[-83.7126,34.791]],[[-83.6524,34.8252],[-83.6528,34.8223],[-83.6492,34.825],[-83.6524,34.8252]],[[-83.129,31.81],[-83.1105,31.8174],[-83.1336,31.8135],[-83.129,31.81]],[[-83.028,31.7783],[-83.017,31.7792],[-83.1105,31.8174],[-83.028,31.7783]],[[-82.9957,31.781],[-82.9783,31.7932],[-82.9965,31.7809],[-82.9957,31.781]],[[-82.7675,31.8559],[-82.7899,31.8536],[-82.7869,31.8447],[-82.7675,31.8559]],[[-82.694,31.8983],[-82.6935,31.8992],[-82.7009,31.8943],[-82.694,31.8983]],[[-82.5965,31.932],[-82.5708,31.9524],[-82.6253,31.928],[-82.5965,31.932]],[[-82.5384,31.9571],[-82.5614,31.9567],[-82.4802,31.955],[-82.5384,31.9571]],[[-82.9715,30.8693],[-82.8464,30.8349],[-82.9713,30.8694],[-82.9715,30.8693]],[[-83.0194,30.8497],[-83.0194,30.8495],[-83.0192,30.8496],[-83.0194,30.8497]],[[-83.1199,31.4768],[-83.1117,31.4782],[-83.0858,31.5219],[-83.1199,31.4768]],[[-83.0671,31.5536],[-83.06,31.5655],[-83.0588,31.6112],[-83.0671,31.5536]],[[-83.0063,31.6543],[-82.9988,31.6605],[-82.9985,31.6729],[-83.0063,31.6543]],[[-82.8718,32.1827],[-82.8848,32.1961],[-82.8583,32.1944],[-82.887,32.198],[-82.8718,32.1827]],[[-82.9279,32.1353],[-82.9346,32.1533],[-82.9398,32.1249],[-82.8718,32.1827],[-82.9279,32.1353]],[[-82.649,32.2451],[-82.6277,32.1958],[-82.6253,32.206],[-82.649,32.2451]],[[-82.947,32.7594],[-82.8025,32.8098],[-82.9477,32.7598],[-82.947,32.7594]],[[-82.9607,32.7678],[-82.9537,32.7635],[-82.958,32.7819],[-82.9607,32.7678]],[[-83.1152,32.9737],[-83.0724,32.9485],[-83.1239,32.9898],[-83.1152,32.9737]],[[-83.1412,33.0037],[-83.1474,33.0087],[-83.1795,32.9874],[-83.1412,33.0037]],[[-83.0471,33.0667],[-83.0679,33.0246],[-83.0448,33.0607],[-83.0471,33.0667]],[[-83.0676,32.9748],[-83.0701,32.9521],[-83.0491,32.9856],[-83.0676,32.9748]],[[-82.5696,33.9586],[-82.6106,33.9816],[-82.6265,33.9778],[-82.5696,33.9586]],[[-82.6122,33.6312],[-82.6183,33.631],[-82.617,33.6128],[-82.6122,33.6312]],[[-82.6525,33.611],[-82.6523,33.5962],[-82.6497,33.6088],[-82.617,33.6128],[-82.6525,33.611]],[[-82.6923,33.6176],[-82.68,33.5998],[-82.705,33.5875],[-82.6523,33.5962],[-82.6923,33.6176]],[[-82.3535,33.3123],[-82.4139,33.3249],[-82.3476,33.3093],[-82.3535,33.3123]],[[-83.1134,34.2735],[-83.1132,34.2745],[-83.1727,34.2385],[-83.1134,34.2735]],[[-83.078,34.2236],[-83.0778,34.2236],[-83.1134,34.2735],[-83.078,34.2236]],[[-83.0003,33.6955],[-82.9535,33.7295],[-82.9538,33.7298],[-83.0003,33.6955]],[[-82.8743,33.6317],[-82.884,33.6278],[-82.8794,33.6204],[-82.8743,33.6317]],[[-82.7712,33.2597],[-82.7484,33.2385],[-82.7455,33.2573],[-82.7712,33.2597]],[[-82.852,33.4435],[-82.8246,33.428],[-82.8666,33.4666],[-82.852,33.4435]],[[-82.8176,33.5187],[-82.82,33.5189],[-82.8666,33.4666],[-82.8176,33.5187]],[[-82.7999,33.3617],[-82.7824,33.2701],[-82.7742,33.2625],[-82.7999,33.3617]],[[-82.9511,34.0368],[-83.0362,34.0985],[-82.9763,34.0432],[-82.9511,34.0368]],[[-82.9036,34.0045],[-82.8643,33.9837],[-82.8471,33.9893],[-82.9036,34.0045]],[[-82.7795,33.9711],[-82.6487,33.9839],[-82.6549,33.9913],[-82.7795,33.9711]],[[-82.8746,33.9218],[-82.942,33.8493],[-82.9873,33.7807],[-82.8746,33.9218]],[[-82.2408,31.5557],[-82.2266,31.5307],[-82.2256,31.5299],[-82.2408,31.5557]],[[-82.1602,31.4754],[-82.1551,31.4711],[-82.1444,31.473],[-82.1602,31.4754]],[[-82.0979,31.4812],[-82.063,31.4634],[-82.0634,31.4664],[-82.0979,31.4812]],[[-82.0411,31.3737],[-82.0458,31.3908],[-82.0278,31.348],[-82.0411,31.3737]],[[-81.8011,31.3637],[-81.7317,31.33],[-81.7315,31.3302],[-81.8011,31.3637]],[[-81.7826,31.1725],[-81.7799,31.172],[-81.7317,31.33],[-81.7826,31.1725]],[[-81.7174,31.3445],[-81.699,31.363],[-81.692,31.4005],[-81.7174,31.3445]],[[-81.6172,31.4613],[-81.6123,31.4683],[-81.6178,31.4731],[-81.6172,31.4613]],[[-81.6352,31.4885],[-81.6494,31.5008],[-81.6472,31.495],[-81.6352,31.4885]],[[-81.4918,31.6996],[-81.4657,31.6942],[-81.6418,31.7655],[-81.4918,31.6996]],[[-81.3145,31.6594],[-81.2558,31.6442],[-81.2688,31.6522],[-81.3145,31.6594]],[[-81.2058,31.6136],[-81.1963,31.6058],[-81.1972,31.6083],[-81.2058,31.6136]],[[-81.9179,31.0937],[-81.9234,31.0797],[-81.9134,31.094],[-81.9179,31.0937]],[[-81.7759,31.1636],[-81.8188,31.1368],[-81.7759,31.1636],[-81.7759,31.1636]],[[-81.6351,31.1106],[-81.7648,31.1594],[-81.7641,31.1545],[-81.6351,31.1106]],[[-81.5715,31.0961],[-81.5636,31.1306],[-81.5727,31.0973],[-81.5715,31.0961]],[[-81.4929,31.0548],[-81.5676,31.092],[-81.5567,31.0808],[-81.4929,31.0548]],[[-81.4525,31.0364],[-81.4863,31.0346],[-81.4464,31.0292],[-81.4525,31.0364]],[[-82.4026,31.4048],[-82.4172,31.4171],[-82.4087,31.4242],[-82.4815,31.4175],[-82.4026,31.4048]],[[-82.3147,31.2259],[-82.3872,31.2971],[-82.3507,31.2556],[-82.3147,31.2259]],[[-82.1148,31.2704],[-82.0101,31.2779],[-82.0043,31.2875],[-82.1148,31.2704]],[[-81.564,31.396],[-81.5343,31.3678],[-81.5114,31.3576],[-81.564,31.396]],[[-81.3729,31.3159],[-81.3493,31.3129],[-81.3688,31.3187],[-81.3729,31.3159]],[[-82.4795,33.6395],[-82.4253,33.6506],[-82.4427,33.6307],[-82.4143,33.6601],[-82.4795,33.6395]],[[-82.0253,32.2789],[-82.0217,32.2788],[-82.2328,32.3188],[-82.0253,32.2789]],[[-81.4358,32.2413],[-81.4326,32.236],[-81.4604,32.3134],[-81.4358,32.2413]],[[-81.5269,32.4532],[-81.5359,32.4685],[-81.5354,32.4334],[-81.5269,32.4532]],[[-81.9874,31.7907],[-81.9819,31.7844],[-81.9767,31.7855],[-81.9874,31.7907]],[[-81.9754,31.791],[-81.9738,31.7861],[-81.9565,31.7897],[-81.9754,31.791]],[[-81.9799,31.8045],[-81.9771,31.796],[-81.968,31.8067],[-81.9799,31.8045]],[[-81.9125,31.8867],[-81.9372,31.8428],[-81.8925,31.8953],[-81.9125,31.8867]],[[-81.6996,32.0901],[-81.7308,32.0983],[-81.7187,32.0894],[-81.7485,32.0607],[-81.6996,32.0901]],[[-81.6927,32.0883],[-81.6967,32.0894],[-81.6195,32.0322],[-81.6927,32.0883]],[[-81.3333,31.8405],[-81.3454,31.837],[-81.3326,31.8387],[-81.3333,31.8405]],[[-81.2619,31.7567],[-81.2774,31.7946],[-81.2669,31.7585],[-81.2619,31.7567]],[[-82.3832,31.9595],[-82.3857,31.9523],[-82.3806,31.9508],[-82.3832,31.9595]],[[-82.1329,31.9074],[-82.1351,31.9071],[-82.121,31.8863],[-82.1329,31.9074]],[[-82.0521,31.8265],[-82.0539,31.8275],[-82.0743,31.8293],[-82.0521,31.8265]],[[-81.7523,31.8612],[-81.7441,31.8558],[-81.7543,31.8648],[-81.7523,31.8612]],[[-81.7663,31.8862],[-81.7639,31.8819],[-81.7468,31.969],[-81.7663,31.8862]],[[-81.1809,31.7982],[-81.1787,31.7968],[-81.1385,31.8559],[-81.1809,31.7982]],[[-81.2387,31.8871],[-81.2356,31.8895],[-81.2353,31.9101],[-81.2387,31.8871]],[[-81.2657,31.9106],[-81.2606,31.9105],[-81.258,31.9267],[-81.2657,31.9106]],[[-81.3917,32.0959],[-81.4044,32.1395],[-81.367,32.0479],[-81.3917,32.0959]],[[-81.7668,32.1246],[-81.7777,32.1466],[-81.7761,32.1314],[-81.7668,32.1246]],[[-82.4149,32.8113],[-82.3427,32.8299],[-82.4158,32.8133],[-82.4149,32.8113]],[[-82.145,32.8127],[-82.146,32.8126],[-82.0824,32.6631],[-82.145,32.8127]],[[-81.8426,32.651],[-81.8356,32.6529],[-81.8467,32.6559],[-81.8426,32.651]],[[-82.0798,32.5601],[-81.971,32.5132],[-82.0302,32.5388],[-82.0798,32.5601]],[[-82.2335,33.2285],[-82.2326,33.2312],[-82.2427,33.2417],[-82.2335,33.2285]],[[-82.2675,33.2674],[-82.2676,33.2674],[-82.2677,33.2675],[-82.2675,33.2674]],[[-82.1651,33.296],[-82.1701,33.2946],[-82.1562,33.2875],[-82.1651,33.296]],[[-82.253,33.6887],[-82.2874,33.6911],[-82.2688,33.6827],[-82.253,33.6887]]],[[[-81.2719,31.3041],[-81.2772,31.3112],[-81.2707,31.3105],[-81.2719,31.3041]]]]}},{"type":"Feature","properties":{"StateFIPS":"29","state":"Missouri"},"geometry":{"type":"Polygon","coordinates":[[[-94.6176,37.6536],[-94.6074,39.1134],[-94.5884,39.1499],[-94.6592,39.1578],[-94.6691,39.182],[-94.7365,39.1692],[-94.7815,39.2061],[-94.8317,39.2159],[-94.8315,39.2563],[-94.9053,39.312],[-94.9094,39.3543],[-94.8814,39.3704],[-94.885,39.3898],[-94.942,39.3895],[-94.9821,39.4406],[-95.0408,39.4664],[-95.0522,39.5],[-95.1029,39.5333],[-95.1075,39.5738],[-95.0569,39.5806],[-95.0276,39.6655],[-94.9713,39.6864],[-94.9704,39.7321],[-94.9553,39.7457],[-94.9026,39.7242],[-94.8701,39.7346],[-94.8671,39.7717],[-94.9123,39.7593],[-94.9358,39.7789],[-94.8841,39.7942],[-94.8766,39.8209],[-94.9426,39.8566],[-94.9345,39.8934],[-95.0187,39.8974],[-95.0378,39.8655],[-95.1282,39.8742],[-95.1497,39.9059],[-95.2019,39.9041],[-95.2044,39.9389],[-95.2503,39.9486],[-95.3025,39.9844],[-95.318,40.0132],[-95.3569,40.0315],[-95.4027,40.0306],[-95.4216,40.059],[-95.3933,40.1192],[-95.4763,40.182],[-95.4775,40.2427],[-95.5548,40.2645],[-95.5587,40.2958],[-95.6104,40.314],[-95.6515,40.3067],[-95.6537,40.3226],[-95.6237,40.3466],[-95.6591,40.4087],[-95.6582,40.4419],[-95.6931,40.4694],[-95.7,40.5053],[-95.6617,40.5173],[-95.6523,40.5381],[-95.6787,40.5626],[-95.7086,40.5216],[-95.7571,40.526],[-95.7747,40.5736],[-95.7656,40.5852],[-94.2322,40.5719],[-91.7291,40.6136],[-91.6888,40.5834],[-91.6817,40.553],[-91.619,40.5391],[-91.6214,40.5101],[-91.5747,40.4657],[-91.5239,40.4563],[-91.5246,40.4108],[-91.4878,40.4039],[-91.4845,40.3839],[-91.4639,40.3757],[-91.4194,40.3783],[-91.4621,40.3424],[-91.513,40.1811],[-91.4949,40.0365],[-91.4188,39.9221],[-91.4478,39.878],[-91.4361,39.8455],[-91.368,39.8004],[-91.37,39.7325],[-91.178,39.5982],[-91.1636,39.5586],[-91.1003,39.5387],[-91.0383,39.4484],[-90.7935,39.3095],[-90.73,39.2559],[-90.6811,39.1006],[-90.7136,39.054],[-90.6634,38.9342],[-90.6251,38.8887],[-90.5557,38.8708],[-90.5001,38.9104],[-90.4721,38.9588],[-90.4401,38.9674],[-90.2502,38.9193],[-90.1091,38.8374],[-90.1177,38.8057],[-90.1842,38.7743],[-90.1667,38.7723],[-90.2119,38.7179],[-90.1812,38.6601],[-90.1845,38.6116],[-90.2634,38.5376],[-90.2928,38.4287],[-90.3413,38.3882],[-90.3725,38.3234],[-90.3664,38.2459],[-90.3343,38.1899],[-90.2749,38.1576],[-90.256,38.1246],[-90.1772,38.0712],[-90.1308,38.0623],[-90.1105,38.0265],[-90.0594,38.0155],[-89.9971,37.9632],[-89.9408,37.971],[-89.9251,37.96],[-89.9749,37.9267],[-89.9382,37.8751],[-89.9018,37.8698],[-89.8448,37.9056],[-89.798,37.8797],[-89.7864,37.8517],[-89.7399,37.8469],[-89.6696,37.7999],[-89.6655,37.7521],[-89.6173,37.7497],[-89.5833,37.7133],[-89.5167,37.6928],[-89.5177,37.6412],[-89.476,37.5902],[-89.5165,37.5845],[-89.5276,37.5669],[-89.4211,37.3877],[-89.4328,37.3471],[-89.4865,37.3345],[-89.5183,37.2855],[-89.4937,37.2502],[-89.4582,37.2471],[-89.4676,37.2182],[-89.4561,37.1881],[-89.3787,37.0946],[-89.3847,37.0483],[-89.2921,36.9922],[-89.2662,36.9963],[-89.26,37.0233],[-89.3108,37.0579],[-89.3077,37.0697],[-89.2549,37.072],[-89.2008,37.0162],[-89.1855,36.9735],[-89.1251,36.9835],[-89.0996,36.9645],[-89.1319,36.8574],[-89.1789,36.8314],[-89.1711,36.7981],[-89.1235,36.7853],[-89.1192,36.7598],[-89.1669,36.7596],[-89.1978,36.7394],[-89.1995,36.716],[-89.1591,36.6664],[-89.2365,36.5668],[-89.2789,36.5777],[-89.3275,36.6419],[-89.3755,36.6157],[-89.4173,36.499],[-89.4642,36.4572],[-89.4932,36.4701],[-89.4659,36.5299],[-89.4791,36.5682],[-89.5425,36.5806],[-89.5668,36.5642],[-89.5603,36.5254],[-89.5195,36.4754],[-89.5453,36.4271],[-89.5097,36.3736],[-89.519,36.3486],[-89.6005,36.343],[-89.6203,36.323],[-89.5395,36.2774],[-89.5392,36.2488],[-89.6024,36.2381],[-89.6952,36.2528],[-89.7053,36.2399],[-89.607,36.1712],[-89.5921,36.1356],[-89.6725,36.0918],[-89.7069,36.001],[-90.3779,35.9957],[-90.3192,36.09],[-90.2356,36.1395],[-90.2204,36.1848],[-90.1264,36.2294],[-90.1149,36.2656],[-90.0837,36.2723],[-90.064,36.303],[-90.082,36.3221],[-90.0645,36.3821],[-90.1437,36.4244],[-90.1341,36.4366],[-90.1415,36.463],[-90.1558,36.4636],[-90.1422,36.4706],[-90.1588,36.4796],[-90.1525,36.498],[-94.6179,36.4994],[-94.6183,36.7666],[-94.6176,37.6536]],[[-94.6017,39.1596],[-94.6023,39.7472],[-94.6026,39.78],[-94.6017,39.1596]],[[-95.0716,40.2609],[-95.1806,40.2617],[-95.5548,40.2645],[-95.0716,40.2609]],[[-93.764,40.1329],[-93.7622,40.0051],[-93.7743,40.5776],[-93.764,40.1329]],[[-93.3672,40.2663],[-93.3668,40.2418],[-93.3744,40.5803],[-93.3672,40.2663]],[[-91.9527,39.9494],[-92.3447,39.9533],[-91.4355,39.9453],[-91.9527,39.9494]],[[-90.2292,38.7289],[-90.2129,38.7362],[-90.1842,38.7743],[-90.2292,38.7289]],[[-92.1036,36.7942],[-92.9093,36.8092],[-93.0752,36.8123],[-92.7649,36.8061],[-92.1123,36.7942],[-92.1204,36.4989],[-92.1036,36.7942]],[[-94.0688,36.7478],[-94.0607,37.0028],[-94.0689,36.7478],[-94.6183,36.7666],[-94.0688,36.7478]],[[-92.3459,40.0922],[-92.3478,40.3027],[-92.3493,40.3027],[-92.3459,40.0922]],[[-92.5902,40.0372],[-92.3455,40.0372],[-92.3455,40.0372],[-92.5902,40.0372]],[[-92.6921,39.6103],[-92.3009,39.6053],[-92.1867,39.6041],[-92.2993,39.6053],[-92.6921,39.6103]],[[-92.6893,39.6981],[-92.7074,39.3217],[-92.7074,39.3217],[-92.6921,39.6103],[-92.6893,39.6981]],[[-92.8579,39.7],[-93.0105,39.7011],[-92.6893,39.6981],[-92.8579,39.7]],[[-92.3145,39.2465],[-92.31,39.3478],[-92.3009,39.6053],[-92.3145,39.2465]],[[-92.4302,39.2488],[-92.1044,39.2398],[-92.3145,39.2465],[-92.4302,39.2488]],[[-92.562,39.0032],[-92.5702,38.9797],[-92.4302,39.2488],[-92.562,39.0032]],[[-92.5601,38.9705],[-92.4984,38.9221],[-92.4785,38.8913],[-92.4792,38.9079],[-92.5601,38.9705]],[[-92.3839,38.8097],[-92.3844,38.8155],[-92.4399,38.8313],[-92.3839,38.8097]],[[-92.4086,38.7702],[-92.3823,38.7916],[-92.3835,38.8056],[-92.4086,38.7702]],[[-92.6252,38.4308],[-92.4035,38.4253],[-92.4952,38.4278],[-92.6252,38.4308]],[[-92.7171,38.2202],[-92.6401,38.213],[-92.6959,38.222],[-92.7171,38.2202]],[[-92.2523,37.4729],[-92.2514,37.0597],[-92.2495,37.6045],[-92.2489,37.6485],[-92.2523,37.4729]],[[-92.6859,37.0671],[-92.9031,37.0794],[-92.9033,37.0707],[-91.6556,37.0489],[-92.6859,37.0671]],[[-91.66,36.7875],[-91.6581,36.8887],[-91.6466,37.4223],[-91.6556,37.0489],[-91.66,36.7875]],[[-91.9161,37.6007],[-92.0293,37.6025],[-92.2495,37.6045],[-91.9161,37.6007]],[[-94.5985,40.3867],[-94.2152,40.3843],[-94.6086,40.3868],[-94.5985,40.3867]],[[-94.6056,40.1263],[-95.0523,40.1359],[-95.0425,40.1231],[-94.6059,40.1261],[-94.6055,40.0851],[-94.5985,40.3867],[-94.6056,40.1263]],[[-94.2225,40.4704],[-94.2151,40.3929],[-94.2146,40.4705],[-94.2225,40.4704]],[[-93.7585,39.2077],[-93.7584,39.6114],[-93.7591,39.6799],[-93.7592,39.5246],[-93.7585,39.2077]],[[-93.2799,39.6156],[-93.2747,39.6224],[-93.7584,39.6114],[-93.2799,39.6156]],[[-93.7066,39.2094],[-93.7499,39.2074],[-93.7112,39.2063],[-93.7066,39.2094]],[[-93.5093,38.6023],[-93.4964,38.9428],[-93.4772,39.2928],[-93.4973,38.9284],[-93.5093,38.6023]],[[-94.1197,38.5687],[-93.5111,38.5562],[-93.5111,38.5562],[-94.1197,38.5687]],[[-94.1142,38.9173],[-94.1048,39.1435],[-94.1197,38.5687],[-94.1142,38.9173]],[[-94.0844,39.1426],[-94.1177,39.1552],[-94.1048,39.1435],[-94.0844,39.1426]],[[-94.0588,38.0365],[-94.0499,38.2138],[-94.061,38.0362],[-94.0588,38.0365]],[[-93.596,37.8286],[-93.8117,37.8348],[-93.6284,37.8294],[-93.596,37.8286]],[[-93.6188,37.4921],[-93.6095,37.7418],[-93.616,37.5727],[-93.6188,37.4921]],[[-94.0523,37.2901],[-93.6051,37.2815],[-94.0838,37.2909],[-94.0523,37.2901]],[[-93.0524,37.088],[-93.0653,37.0887],[-93.6081,37.0981],[-93.6081,37.0981],[-93.0524,37.088]],[[-93.0716,37.4874],[-93.0734,37.415],[-93.0653,37.0887],[-93.0716,37.4874]],[[-94.5113,39.1489],[-94.5044,39.1496],[-94.5064,39.1509],[-94.5113,39.1489]],[[-94.1749,39.2102],[-94.1858,39.181],[-94.1694,39.2106],[-94.1749,39.2102]],[[-94.0852,38.0325],[-94.07,38.0348],[-94.104,38.0476],[-94.0852,38.0325]],[[-94.0497,39.141],[-94.0456,39.1408],[-94.0242,39.1545],[-94.0497,39.141]],[[-93.94,39.1797],[-93.8994,39.1845],[-93.8642,39.2087],[-93.94,39.1797]],[[-93.8591,39.2107],[-93.7708,39.208],[-93.849,39.2145],[-93.8591,39.2107]],[[-94.2125,39.2071],[-94.2084,39.5272],[-94.2068,39.6964],[-94.2106,39.4547],[-94.2125,39.2071]],[[-94.2035,40.0345],[-94.2188,40.0349],[-94.5507,40.0386],[-94.2035,40.0345]],[[-94.2167,40.1366],[-94.216,40.2537],[-94.2188,40.0349],[-94.2167,40.1366]],[[-95.0583,40.1438],[-95.0735,40.1955],[-95.0651,40.1527],[-95.0583,40.1438]],[[-95.0401,40.0918],[-95.0412,40.1056],[-95.0587,40.0661],[-95.0401,40.0918]],[[-94.9888,39.9427],[-95.0,39.955],[-94.9973,39.9315],[-94.9888,39.9427]],[[-93.06,38.6931],[-93.0482,38.9726],[-93.0822,38.1865],[-93.0777,38.2631],[-93.06,38.6931]],[[-92.8398,38.684],[-92.6171,38.68],[-93.06,38.6931],[-92.8398,38.684]],[[-93.0095,38.1905],[-93.0062,38.186],[-93.0016,38.1896],[-93.0095,38.1905]],[[-92.7508,38.2144],[-92.7403,38.2183],[-92.749,38.2176],[-92.7508,38.2144]],[[-93.1914,37.73],[-93.1826,37.9042],[-93.1879,37.8027],[-93.1914,37.73]],[[-92.8554,37.8957],[-92.6202,37.8925],[-93.1826,37.9042],[-92.8554,37.8957]],[[-93.0591,38.1857],[-93.0652,38.0625],[-93.0724,37.9026],[-93.0591,38.1857]],[[-93.2469,39.443],[-93.244,39.4524],[-93.2478,39.4474],[-93.2469,39.443]],[[-93.2282,39.4719],[-93.2281,39.4732],[-93.2291,39.4719],[-93.2282,39.4719]],[[-93.2288,39.4363],[-93.2258,39.4363],[-93.2285,39.4387],[-93.2288,39.4363]],[[-93.2153,39.4363],[-93.2174,39.4433],[-93.2184,39.4363],[-93.2153,39.4363]],[[-93.0945,39.3789],[-93.1045,39.3837],[-93.1396,39.3786],[-93.0945,39.3789]],[[-93.1745,39.411],[-93.1787,39.4102],[-93.1396,39.3786],[-93.1745,39.411]],[[-93.0803,39.3718],[-93.0729,39.3355],[-93.063,39.3293],[-93.0803,39.3718]],[[-93.0448,39.3177],[-92.9598,39.3125],[-93.0561,39.3249],[-93.0448,39.3177]],[[-92.9152,39.2263],[-92.9121,39.2265],[-92.9153,39.2287],[-92.9152,39.2263]],[[-92.8558,39.2302],[-92.8652,39.2359],[-92.8891,39.228],[-92.8558,39.2302]],[[-92.8598,39.2148],[-92.8492,39.2262],[-92.8512,39.2274],[-92.8598,39.2148]],[[-92.9339,39.0632],[-92.9328,39.0612],[-92.9218,39.0728],[-92.9339,39.0632]],[[-92.9097,39.0855],[-92.9067,39.0886],[-92.9428,39.1035],[-92.9097,39.0855]],[[-92.6444,38.9749],[-92.7194,38.9843],[-92.7525,38.9787],[-92.6444,38.9749]],[[-93.1869,39.4087],[-93.1967,39.4068],[-93.1962,39.404],[-93.1869,39.4087]],[[-93.3681,39.2333],[-93.3283,39.2571],[-93.3698,39.2332],[-93.3681,39.2333]],[[-93.3623,39.989],[-93.362,40.0331],[-92.8534,40.0373],[-93.3631,40.0331],[-93.3623,39.989]],[[-93.2616,39.6292],[-93.2859,39.6668],[-93.2645,39.6277],[-93.2616,39.6292]],[[-92.6799,40.5055],[-92.6708,40.5195],[-92.683,40.519],[-92.6799,40.5055]],[[-92.7057,40.4655],[-92.6953,40.4815],[-92.7046,40.4742],[-92.7057,40.4655]],[[-92.7024,40.4352],[-92.7071,40.4544],[-92.7087,40.4418],[-92.7024,40.4352]],[[-91.1855,39.139],[-91.3217,39.1412],[-91.2602,39.1398],[-91.1855,39.139]],[[-91.3713,38.6996],[-91.4186,38.7098],[-91.471,38.7116],[-91.3713,38.6996]],[[-91.3676,38.2083],[-91.3676,38.2097],[-91.5353,38.2109],[-91.3676,38.2083]],[[-91.6324,38.051],[-91.6306,38.1535],[-91.5344,38.1526],[-91.6377,38.1536],[-91.6324,38.051]],[[-91.1546,37.5958],[-91.149,37.6972],[-91.1533,37.6973],[-91.1546,37.5958]],[[-91.0706,37.1776],[-91.0889,37.1742],[-91.0708,37.1726],[-91.0706,37.1776]],[[-90.9636,37.0974],[-91.0178,37.0957],[-91.2172,37.0862],[-90.9636,37.0974]],[[-92.1945,38.3355],[-92.1944,38.3326],[-92.1932,38.3708],[-92.1945,38.3355]],[[-91.6404,38.7016],[-91.6447,38.2885],[-91.6439,38.2728],[-91.6404,38.7016]],[[-91.6095,38.6936],[-91.5582,38.6766],[-91.5535,38.679],[-91.6095,38.6936]],[[-91.5026,38.7045],[-91.4873,38.7122],[-91.4906,38.7123],[-91.5026,38.7045]],[[-92.316,38.0187],[-92.0212,38.0106],[-91.9663,38.0097],[-92.1854,38.0163],[-92.316,38.0187]],[[-92.2261,38.6979],[-92.2207,38.6432],[-92.1989,38.6001],[-92.2261,38.6979]],[[-92.1586,38.5768],[-92.1419,38.5732],[-92.1989,38.6001],[-92.1586,38.5768]],[[-91.634,39.0591],[-91.6471,38.7039],[-91.6296,39.1479],[-91.634,39.0591]],[[-91.8605,38.6657],[-91.7597,38.6852],[-91.8549,38.6703],[-91.8605,38.6657]],[[-92.0433,38.5631],[-92.006,38.5652],[-91.9439,38.5971],[-92.0433,38.5631]],[[-92.0275,38.5354],[-92.0262,38.5404],[-92.0289,38.5381],[-92.0275,38.5354]],[[-92.1104,38.4574],[-92.0206,38.4763],[-92.0186,38.4801],[-92.1104,38.4574]],[[-92.0681,38.5574],[-92.0641,38.5583],[-92.0811,38.5602],[-92.0681,38.5574]],[[-90.5506,37.2726],[-90.5497,37.3176],[-90.5474,37.5984],[-90.5506,37.2726]],[[-89.8018,37.5945],[-90.1466,37.5974],[-90.1466,37.5974],[-89.8018,37.5945]],[[-89.7979,37.5942],[-89.7486,37.5902],[-89.735,37.6016],[-89.7979,37.5942]],[[-90.6797,36.8831],[-90.6786,36.9265],[-90.2894,36.9224],[-90.6876,36.9271],[-90.6797,36.8831]],[[-90.1684,36.7395],[-90.1894,36.772],[-90.2042,36.7723],[-90.1684,36.7395]],[[-90.143,36.6835],[-90.1415,36.6982],[-90.159,36.7251],[-90.143,36.6835]],[[-89.5197,36.8479],[-89.512,36.8728],[-89.5198,36.8696],[-89.5197,36.8479]],[[-89.7255,36.4272],[-89.7281,36.4265],[-89.7121,36.4199],[-89.7255,36.4272]],[[-89.6473,36.4022],[-89.6672,36.4016],[-89.6606,36.3989],[-89.6473,36.4022]],[[-89.5923,36.4038],[-89.6011,36.4035],[-89.5451,36.36],[-89.5923,36.4038]],[[-90.185,36.5846],[-90.1857,36.5485],[-90.1731,36.5975],[-90.185,36.5846]],[[-89.7521,36.3864],[-89.9725,36.3896],[-89.9613,36.3888],[-89.7521,36.3864]],[[-89.7322,36.4253],[-89.7436,36.422],[-89.7521,36.3864],[-89.7322,36.4253]],[[-89.4459,36.7676],[-89.3959,36.7158],[-89.4007,36.73],[-89.4459,36.7676]],[[-89.3834,36.7029],[-89.3385,36.6564],[-89.3737,36.7029],[-89.3834,36.7029]],[[-90.2416,36.9359],[-90.2417,36.9286],[-90.2236,36.9358],[-90.2416,36.9359]],[[-90.1112,37.0412],[-90.1485,37.0414],[-89.9957,37.0401],[-90.1112,37.0412]],[[-89.722,37.1503],[-89.7585,37.1406],[-89.7218,37.1406],[-89.722,37.1503]],[[-89.6495,37.2062],[-89.686,37.1985],[-89.6859,37.1914],[-89.6495,37.2062]],[[-90.6591,38.0913],[-90.6591,38.0975],[-90.6858,38.0885],[-90.6591,38.0913]],[[-90.64,38.0765],[-90.6378,38.0765],[-90.6592,38.0818],[-90.64,38.0765]],[[-90.3229,37.9817],[-90.416,38.0423],[-90.4163,38.0423],[-90.3229,37.9817]],[[-90.7802,38.2041],[-90.7235,38.4821],[-90.7362,38.4669],[-90.7323,38.6393],[-90.7376,38.4159],[-90.7802,38.2041]],[[-90.6605,38.6886],[-90.7424,38.6346],[-90.7736,38.5946],[-90.7323,38.6393],[-90.6605,38.6886]],[[-90.1943,38.8215],[-90.3202,38.8911],[-90.1957,38.8213],[-90.1943,38.8215]],[[-90.9329,38.535],[-90.9297,38.5362],[-90.9645,38.5475],[-91.0141,38.566],[-90.9329,38.535]],[[-90.9493,38.8938],[-90.9585,38.8709],[-90.9645,38.5475],[-90.9493,38.8938]],[[-90.6843,38.9171],[-90.6911,38.933],[-90.6966,38.9328],[-90.6843,38.9171]]]}},{"type":"Feature","properties":{"StateFIPS":"40","state":"Oklahoma"},"geometry":{"type":"MultiPolygon","coordinates":[[[[-98.395,34.1313],[-98.4116,34.0881],[-98.4863,34.0626],[-98.5606,34.1236],[-98.5528,34.1336],[-98.61,34.1572],[-98.6481,34.1644],[-98.6906,34.133],[-98.757,34.1246],[-98.813,34.1584],[-98.8681,34.1496],[-98.8748,34.1675],[-98.9524,34.2126],[-98.9741,34.2036],[-98.9873,34.2212],[-99.0435,34.1982],[-99.1921,34.2167],[-99.1963,34.2815],[-99.2135,34.3107],[-99.1972,34.3454],[-99.2292,34.3365],[-99.2429,34.3727],[-99.2749,34.3849],[-99.2613,34.4035],[-99.3196,34.4089],[-99.3696,34.4587],[-99.395,34.4421],[-99.3968,34.3794],[-99.4275,34.3851],[-99.431,34.3711],[-99.4999,34.4096],[-99.5744,34.4183],[-99.6,34.3747],[-99.695,34.3783],[-99.9293,34.5767],[-100.0004,34.5605],[-100.0004,35.8812],[-100.0032,36.5932],[-100.0026,37.0017],[-94.618,36.9989],[-94.6179,36.4994],[-94.4308,35.3935],[-94.4836,35.3694],[-94.4356,35.3861],[-94.4875,33.6289],[-94.5046,33.6207],[-94.5173,33.6327],[-94.5274,33.6158],[-94.5275,33.6413],[-94.5641,33.6263],[-94.5433,33.6557],[-94.5908,33.6456],[-94.5603,33.6666],[-94.5799,33.6662],[-94.5871,33.6858],[-94.5931,33.6654],[-94.6224,33.6824],[-94.638,33.6646],[-94.6693,33.6644],[-94.6455,33.6735],[-94.6443,33.7017],[-94.649,33.6873],[-94.7162,33.6879],[-94.7017,33.7034],[-94.7323,33.716],[-94.7166,33.6952],[-94.7359,33.6916],[-94.7533,33.7103],[-94.7352,33.7266],[-94.7521,33.7138],[-94.7514,33.7337],[-94.7883,33.7353],[-94.7601,33.7583],[-94.8023,33.7328],[-94.8253,33.7685],[-94.8225,33.7327],[-94.8607,33.7419],[-94.8771,33.7522],[-94.8681,33.7689],[-94.8765,33.7574],[-94.922,33.7916],[-94.9148,33.8245],[-94.9479,33.8084],[-94.9438,33.8293],[-94.9644,33.837],[-94.9689,33.8609],[-94.9885,33.851],[-95.0466,33.8626],[-95.0687,33.9176],[-95.0896,33.8809],[-95.1002,33.8961],[-95.0824,33.9218],[-95.1264,33.9071],[-95.1212,33.9313],[-95.2264,33.962],[-95.2502,33.9385],[-95.2527,33.8942],[-95.2786,33.9102],[-95.2893,33.8731],[-95.3264,33.8861],[-95.3625,33.8666],[-95.4409,33.8664],[-95.4623,33.8717],[-95.4595,33.8863],[-95.5023,33.8747],[-95.5107,33.8979],[-95.5452,33.8803],[-95.5545,33.9281],[-95.5967,33.9421],[-95.6268,33.9079],[-95.6655,33.909],[-95.6979,33.8861],[-95.7459,33.8963],[-95.7639,33.8733],[-95.7517,33.8556],[-95.7706,33.8453],[-95.8176,33.859],[-95.8375,33.8356],[-95.9258,33.885],[-95.9443,33.8598],[-95.9843,33.8527],[-96.0034,33.8723],[-95.9984,33.851],[-96.0196,33.8406],[-96.0239,33.8571],[-96.0488,33.8365],[-96.1001,33.848],[-96.0994,33.8305],[-96.1481,33.8378],[-96.1508,33.817],[-96.179,33.8106],[-96.1704,33.7994],[-96.1592,33.8102],[-96.1781,33.7605],[-96.229,33.748],[-96.2937,33.7694],[-96.3169,33.699],[-96.3483,33.6864],[-96.4226,33.776],[-96.5003,33.7726],[-96.5267,33.8209],[-96.5729,33.8191],[-96.6293,33.8455],[-96.5994,33.8948],[-96.6672,33.9169],[-96.6996,33.839],[-96.7616,33.8244],[-96.7943,33.8689],[-96.8322,33.8748],[-96.8506,33.8472],[-96.883,33.868],[-96.9053,33.9472],[-96.9348,33.9544],[-96.9725,33.9358],[-96.9813,33.9564],[-96.9954,33.9473],[-96.9838,33.8909],[-97.0214,33.8464],[-97.0872,33.8534],[-97.0481,33.8175],[-97.0921,33.8041],[-97.0847,33.7531],[-97.0972,33.7278],[-97.1375,33.7187],[-97.1928,33.7612],[-97.2035,33.8218],[-97.1666,33.8473],[-97.1796,33.8922],[-97.2061,33.9143],[-97.2421,33.9063],[-97.2542,33.8653],[-97.2703,33.8582],[-97.3101,33.8885],[-97.3346,33.8572],[-97.3325,33.8843],[-97.3729,33.8195],[-97.4531,33.8285],[-97.4629,33.8418],[-97.451,33.8914],[-97.484,33.9158],[-97.5583,33.8971],[-97.5607,33.984],[-97.5609,33.8996],[-97.5963,33.9138],[-97.5904,33.9541],[-97.6718,33.9914],[-97.7253,33.941],[-97.7628,33.9344],[-97.7638,33.9142],[-97.7851,33.9168],[-97.7801,33.8954],[-97.7978,33.8993],[-97.8343,33.8577],[-97.8714,33.849],[-97.9845,33.9007],[-97.9572,33.9145],[-97.9534,33.9364],[-97.9741,33.9403],[-97.9476,33.9911],[-97.9717,34.0054],[-98.0195,33.9938],[-98.0828,34.0024],[-98.1063,34.0342],[-98.0838,34.0417],[-98.121,34.0813],[-98.0898,34.1282],[-98.1095,34.1541],[-98.1691,34.1142],[-98.364,34.1571],[-98.395,34.1313]],[[-99.6056,36.5928],[-99.2953,36.5965],[-100.0032,36.5932],[-99.6056,36.5928]],[[-98.5337,36.3979],[-98.5336,36.4632],[-98.5447,36.999],[-98.5337,36.3979]],[[-98.6124,36.3933],[-98.6028,36.3908],[-98.5337,36.3979],[-98.6124,36.3933]],[[-95.0113,36.1618],[-95.1185,36.1616],[-94.5628,36.1619],[-95.0113,36.1618]],[[-94.9994,36.6706],[-94.9934,36.9499],[-95.0113,36.1618],[-94.9994,36.6706]],[[-95.3282,36.5102],[-95.4356,36.5102],[-95.0057,36.5099],[-95.3282,36.5102]],[[-98.1063,36.5936],[-98.1039,36.1649],[-98.1043,36.5936],[-97.7773,36.5936],[-98.1063,36.5936]],[[-98.1116,36.1648],[-97.9557,36.1648],[-98.1039,36.1649],[-98.1116,36.1648]],[[-97.6714,35.3359],[-97.6714,35.3351],[-97.674,35.726],[-97.6714,35.3359]],[[-98.2071,35.7252],[-98.3132,35.7247],[-97.674,35.726],[-98.2071,35.7252]],[[-98.3133,35.5515],[-98.6148,35.5515],[-98.3097,35.5513],[-98.3132,35.7247],[-98.3133,35.5515]],[[-97.1423,34.9328],[-97.1406,35.942],[-97.1429,35.9542],[-97.1411,35.7244],[-97.1423,34.9328]],[[-96.8854,34.9263],[-96.9213,34.964],[-96.9265,34.9609],[-96.8854,34.9263]],[[-96.8137,34.9431],[-96.8175,34.9463],[-96.8854,34.9263],[-96.8137,34.9431]],[[-96.7986,34.9059],[-96.7982,34.93],[-96.8108,34.9406],[-96.7986,34.9059]],[[-96.7229,34.8568],[-96.7096,34.8664],[-96.725,34.8595],[-96.7229,34.8568]],[[-96.6865,34.8832],[-96.6897,34.8874],[-96.6901,34.8806],[-96.6865,34.8832]],[[-96.5286,34.8696],[-96.5219,34.8768],[-96.5355,34.8789],[-96.5286,34.8696]],[[-96.092,34.6843],[-96.0888,35.0499],[-96.092,34.7675],[-96.092,34.6843]],[[-96.5138,34.4196],[-96.4071,34.4184],[-96.1454,34.4183],[-96.5138,34.4196]],[[-96.5132,34.5056],[-96.8273,34.5061],[-96.8808,34.5061],[-96.5138,34.5054],[-96.5138,34.4196],[-96.5132,34.5056]],[[-96.4539,34.1573],[-95.9916,34.1568],[-95.9041,34.1568],[-96.4075,34.1573],[-96.4539,34.1573]],[[-96.5885,34.1189],[-96.5852,34.1145],[-96.584,34.1145],[-96.5885,34.1189]],[[-98.9591,36.507],[-98.9591,36.5069],[-98.8437,36.5063],[-98.9591,36.507]],[[-98.7268,36.4453],[-98.7979,36.4589],[-98.7925,36.4533],[-98.7268,36.4453]],[[-97.6681,34.8552],[-96.9324,34.8545],[-96.9324,34.5933],[-96.9311,34.8546],[-97.6693,34.8552],[-97.6685,34.6813],[-97.6681,34.8552]],[[-97.6685,34.6813],[-98.1418,34.6812],[-97.563,34.6812],[-97.6685,34.6813]],[[-98.1421,34.507],[-98.1407,34.507],[-98.1418,34.6812],[-98.1421,34.507]],[[-97.5625,34.2892],[-97.5623,34.2579],[-97.563,34.6812],[-97.5625,34.2892]],[[-97.3522,34.5068],[-97.144,34.5066],[-97.5623,34.507],[-97.3522,34.5068]],[[-99.3771,35.5517],[-99.3758,35.8122],[-99.3821,36.1632],[-99.3771,35.5517]],[[-99.7829,35.0301],[-99.8885,35.03],[-99.8882,34.9439],[-99.8884,35.0299],[-99.7829,35.0301]],[[-99.3602,35.1167],[-99.7827,35.1169],[-98.7492,35.1163],[-99.3602,35.1167]],[[-98.7347,35.1018],[-98.6479,35.1212],[-98.6523,35.124],[-98.7347,35.1018]],[[-98.6286,35.1088],[-98.621,35.0982],[-98.621,35.1039],[-98.6286,35.1088]],[[-98.6233,35.4642],[-98.6225,35.4085],[-98.6255,35.5515],[-98.6233,35.4642]],[[-98.3063,35.3772],[-98.096,35.3778],[-98.0193,35.3784],[-98.3063,35.3772]],[[-98.0931,34.855],[-98.6198,34.8553],[-98.826,34.8551],[-98.0908,34.8549],[-98.096,35.3778],[-98.0931,34.855]],[[-99.6668,34.7246],[-99.6671,34.7537],[-99.6665,34.5071],[-99.6668,34.7246]],[[-99.2398,34.8169],[-99.2517,34.8253],[-99.2464,34.812],[-99.2398,34.8169]],[[-99.1851,34.8572],[-99.1907,34.8582],[-99.2269,34.8264],[-99.1851,34.8572]],[[-99.1474,34.8481],[-99.1473,34.8504],[-99.1625,34.8531],[-99.1474,34.8481]],[[-99.0834,34.6726],[-99.0433,34.6773],[-99.0459,34.684],[-99.0834,34.6726]],[[-99.0953,34.6689],[-99.1031,34.6379],[-99.0944,34.6692],[-99.0953,34.6689]],[[-99.2205,34.3769],[-99.1951,34.3497],[-99.1927,34.3549],[-99.2205,34.3769]],[[-99.2285,34.4514],[-99.2216,34.4254],[-99.2218,34.4549],[-99.2285,34.4514]],[[-99.2246,34.481],[-99.222,34.4759],[-99.222,34.4867],[-99.2246,34.481]],[[-98.662,34.4059],[-98.662,34.5075],[-98.662,34.3334],[-98.662,34.4059]],[[-99.9084,35.9281],[-99.9102,35.948],[-99.9218,35.9213],[-99.9084,35.9281]],[[-99.8275,36.0043],[-99.8379,36.0068],[-99.8944,35.9841],[-99.8275,36.0043]],[[-99.8095,35.9927],[-99.8094,36.0],[-99.8204,36.0026],[-99.8095,35.9927]],[[-99.777,35.8891],[-99.7696,35.8855],[-99.8102,35.9289],[-99.777,35.8891]],[[-99.7171,35.8598],[-99.6558,35.8493],[-99.7589,35.8802],[-99.7171,35.8598]],[[-99.6177,35.8429],[-99.5732,35.8603],[-99.6289,35.8448],[-99.6177,35.8429]],[[-99.5585,35.866],[-99.4958,35.9787],[-99.561,35.865],[-99.5585,35.866]],[[-99.0648,36.7163],[-99.0595,36.7116],[-99.0615,36.7154],[-99.0648,36.7163]],[[-97.5609,34.003],[-97.5608,34.0711],[-97.5613,34.0711],[-97.5609,34.003]],[[-96.9696,34.071],[-96.9697,34.013],[-96.9693,34.071],[-96.9696,34.071]],[[-96.9684,34.1727],[-96.928,34.1727],[-96.9335,34.1727],[-96.9684,34.1727]],[[-96.6513,34.1683],[-96.6351,34.1646],[-96.6386,34.1681],[-96.6513,34.1683]],[[-96.881,34.333],[-97.0292,34.3322],[-96.9333,34.3326],[-96.881,34.333]],[[-97.2041,34.9341],[-97.2179,34.9443],[-97.2259,34.9346],[-97.2041,34.9341]],[[-97.3338,34.9589],[-97.2739,34.963],[-97.3354,34.9639],[-97.3338,34.9589]],[[-97.358,35.0337],[-97.3447,34.9927],[-97.3542,35.0767],[-97.358,35.0337]],[[-97.5595,35.2778],[-97.557,35.2884],[-97.5605,35.29],[-97.5595,35.2778]],[[-95.9372,35.8566],[-96.0331,35.8568],[-96.1924,35.857],[-95.9372,35.8566]],[[-97.5431,36.1645],[-97.4582,36.1644],[-97.4608,36.1645],[-97.5431,36.1645]],[[-97.3539,36.1627],[-97.3539,36.1591],[-97.1407,36.1592],[-97.3539,36.1627]],[[-97.141,36.2464],[-96.819,36.2465],[-96.9251,36.2465],[-97.141,36.2464]],[[-97.0014,36.5177],[-97.0321,36.507],[-97.001,36.494],[-97.0014,36.5177]],[[-96.9888,36.4761],[-96.982,36.4661],[-96.9495,36.4595],[-96.9888,36.4761]],[[-96.9356,36.4566],[-96.9338,36.4563],[-96.8753,36.4709],[-96.9356,36.4566]],[[-96.5725,36.3326],[-96.5639,36.3061],[-96.5554,36.3047],[-96.5725,36.3326]],[[-96.2582,36.2241],[-96.244,36.197],[-96.254,36.2238],[-96.2582,36.2241]],[[-96.6237,35.4007],[-96.6212,35.7933],[-96.6301,35.3939],[-96.5997,35.397],[-96.6237,35.4007]],[[-96.6766,35.4028],[-96.6524,35.3916],[-96.6339,35.3935],[-96.6766,35.4028]],[[-96.57,36.1603],[-96.819,36.1589],[-96.6214,36.1599],[-96.57,36.1603]],[[-97.2212,35.9646],[-97.2036,35.9448],[-97.1961,35.946],[-97.2212,35.9646]],[[-97.3076,36.0098],[-97.2776,35.9738],[-97.3005,36.0093],[-97.3076,36.0098]],[[-97.3539,35.9849],[-97.3104,36.01],[-97.3236,36.0109],[-97.3539,35.9849]],[[-97.4612,36.5936],[-97.0043,36.5826],[-97.0559,36.5925],[-97.0447,36.6027],[-97.4612,36.5936]],[[-96.9173,36.5981],[-96.9205,36.6007],[-97.0043,36.5826],[-96.9173,36.5981]],[[-97.0613,36.6723],[-97.0641,36.6653],[-97.0447,36.6027],[-97.0613,36.6723]],[[-96.9026,36.5514],[-96.9022,36.5521],[-96.9096,36.5496],[-96.9026,36.5514]],[[-97.0544,36.6892],[-97.0307,36.7016],[-97.0532,36.6922],[-97.0544,36.6892]],[[-95.5145,34.5942],[-95.882,34.5935],[-95.6718,34.5937],[-95.5145,34.5942]],[[-95.1529,34.1568],[-95.1565,34.1568],[-95.156,33.9828],[-95.1529,34.1568]],[[-95.8786,33.9158],[-95.8416,33.8754],[-95.8388,33.8753],[-95.8786,33.9158]],[[-95.7898,35.8563],[-95.7661,35.8563],[-95.6504,35.8566],[-95.7898,35.8563]],[[-95.2318,35.8573],[-95.2275,35.8622],[-95.2322,35.866],[-95.2318,35.8573]],[[-95.2424,35.8745],[-95.283,35.9082],[-95.2577,35.8773],[-95.2424,35.8745]],[[-94.7735,35.351],[-94.7325,35.3519],[-94.7697,35.3553],[-94.7735,35.351]],[[-96.0123,35.1451],[-95.9301,35.1442],[-95.9831,35.1517],[-96.0123,35.1451]],[[-95.9059,35.144],[-95.9022,35.1483],[-95.9136,35.1441],[-95.9059,35.144]],[[-95.756,35.1772],[-95.7933,35.1973],[-95.8031,35.1959],[-95.756,35.1772]],[[-95.6221,35.2469],[-95.6281,35.2468],[-95.681,35.221],[-95.6221,35.2469]],[[-95.6086,35.2437],[-95.6061,35.2471],[-95.6125,35.247],[-95.6086,35.2437]],[[-95.4513,35.296],[-95.3938,35.3276],[-95.455,35.2964],[-95.4513,35.296]],[[-95.3516,35.2902],[-95.3009,35.3014],[-95.3448,35.293],[-95.3938,35.3276],[-95.3516,35.2902]],[[-95.0436,35.4551],[-95.0523,35.456],[-95.0554,35.4522],[-95.0436,35.4551]],[[-95.0065,35.4146],[-95.0249,35.4531],[-95.0339,35.4541],[-95.0065,35.4146]],[[-94.8387,35.3638],[-94.8421,35.3711],[-94.9119,35.3467],[-94.8387,35.3638]],[[-94.8136,35.3233],[-94.8097,35.3264],[-94.8148,35.3262],[-94.8136,35.3233]],[[-95.3495,35.16],[-95.3494,35.0293],[-95.3494,35.0585],[-95.3495,35.16]],[[-94.9278,35.2026],[-94.9279,35.0582],[-94.9277,34.942],[-94.9278,35.2026]],[[-95.713,35.5517],[-95.8224,35.5517],[-95.3448,35.5518],[-95.713,35.5517]],[[-95.0883,35.4648],[-95.0853,35.4643],[-95.1016,35.4833],[-95.0883,35.4648]],[[-95.1272,35.8128],[-95.1323,35.5261],[-95.1272,35.6388],[-95.1272,35.8128]],[[-95.8095,36.5975],[-95.8098,36.9419],[-95.8115,36.5975],[-95.8095,36.5975]],[[-95.44,36.0753],[-95.5715,36.0753],[-95.239,36.0748],[-95.44,36.0753]]],[[[-103.0022,37.0001],[-100.0026,37.0017],[-100.0038,36.4997],[-103.0024,36.5004],[-103.0022,37.0001]]]]}},{"type":"Feature","properties":{"StateFIPS":"50","state":"Vermont"},"geometry":{"type":"Polygon","coordinates":[[[-72.4569,43.1466],[-72.433,43.1197],[-72.4352,43.0866],[-72.4674,43.0526],[-72.4438,43.0062],[-72.4738,42.972],[-72.5322,42.9549],[-72.5242,42.9185],[-72.5528,42.885],[-72.5572,42.853],[-72.5396,42.8048],[-72.5089,42.7799],[-72.5131,42.7638],[-72.4911,42.7725],[-72.4585,42.7269],[-73.2764,42.746],[-73.2909,42.8019],[-73.2486,43.5539],[-73.2953,43.5802],[-73.3062,43.628],[-73.3725,43.6228],[-73.392,43.5699],[-73.4303,43.5905],[-73.4178,43.6206],[-73.4265,43.6426],[-73.3506,43.7719],[-73.3928,43.8222],[-73.3722,43.8453],[-73.3742,43.8742],[-73.4086,43.9329],[-73.406,44.0162],[-73.4377,44.045],[-73.3908,44.1891],[-73.3134,44.2642],[-73.3349,44.3644],[-73.2936,44.4406],[-73.3067,44.5003],[-73.3626,44.5643],[-73.3898,44.6172],[-73.3613,44.6945],[-73.3656,44.7418],[-73.3332,44.7888],[-73.3814,44.845],[-73.339,44.9177],[-73.3387,44.9659],[-73.3546,44.9874],[-73.3431,45.0108],[-71.4646,45.0136],[-71.5362,44.9946],[-71.496,44.9089],[-71.5497,44.8615],[-71.5506,44.8385],[-71.5769,44.8152],[-71.5713,44.7933],[-71.6319,44.7525],[-71.5857,44.6579],[-71.5628,44.6524],[-71.5521,44.6301],[-71.5604,44.5998],[-71.5372,44.5853],[-71.559,44.5644],[-71.5961,44.5609],[-71.5719,44.537],[-71.5943,44.5217],[-71.5768,44.5041],[-71.6449,44.4752],[-71.6597,44.4415],[-71.7022,44.4138],[-71.7939,44.3993],[-71.8144,44.3819],[-71.8124,44.3573],[-71.8725,44.3366],[-71.9094,44.3484],[-72.0328,44.3204],[-72.0327,44.3025],[-72.0684,44.2713],[-72.0479,44.2385],[-72.0662,44.1898],[-72.0334,44.1311],[-72.0551,44.1104],[-72.0309,44.0997],[-72.0444,44.086],[-72.0318,44.0785],[-72.0525,44.0767],[-72.117,43.9945],[-72.1147,43.9683],[-72.0914,43.9655],[-72.1828,43.8655],[-72.1848,43.8047],[-72.2051,43.7713],[-72.2996,43.7063],[-72.3297,43.6002],[-72.3801,43.5736],[-72.3986,43.5134],[-72.3817,43.4801],[-72.416,43.3765],[-72.3909,43.355],[-72.4104,43.3317],[-72.3955,43.313],[-72.4387,43.2529],[-72.4569,43.1466]],[[-73.2619,44.5975],[-73.2609,44.603],[-73.3626,44.5643],[-73.2619,44.5975]],[[-72.9238,44.6334],[-72.9101,44.6312],[-72.9273,44.6457],[-72.9238,44.6334]],[[-72.8653,43.8617],[-72.791,43.9622],[-72.7434,44.0281],[-72.7434,44.0281],[-72.8653,43.8617]],[[-72.8481,43.2628],[-72.6854,43.2226],[-72.8196,43.256],[-72.8481,43.2628]],[[-73.2589,44.7741],[-73.256,44.7692],[-73.2518,44.7816],[-73.2589,44.7741]],[[-72.3987,44.5519],[-72.3739,44.5842],[-72.2629,44.5425],[-72.372,44.588],[-72.3987,44.5519]]]}},{"type":"Feature","properties":{"StateFIPS":"17","state":"Illinois"},"geometry":{"type":"MultiPolygon","coordinates":[[[[-90.3413,38.3882],[-90.2928,38.4287],[-90.2638,38.5205],[-90.1918,38.599],[-90.1812,38.6601],[-90.2099,38.726],[-90.1231,38.798],[-90.1094,38.8435],[-90.2757,38.9234],[-90.4401,38.9674],[-90.4721,38.9588],[-90.544,38.875],[-90.5834,38.869],[-90.6635,38.9274],[-90.6782,38.9919],[-90.7136,39.054],[-90.6811,39.1006],[-90.7091,39.1551],[-90.727,39.2512],[-91.0594,39.4689],[-91.1003,39.5387],[-91.1536,39.5482],[-91.1859,39.6051],[-91.2293,39.6209],[-91.37,39.7325],[-91.368,39.8004],[-91.4295,39.8378],[-91.4464,39.8704],[-91.4194,39.9277],[-91.4949,40.0365],[-91.505,40.1999],[-91.4448,40.3632],[-91.3757,40.3919],[-91.3818,40.4426],[-91.3642,40.5],[-91.4069,40.5476],[-91.3487,40.6097],[-91.2479,40.6384],[-91.1846,40.6385],[-91.1196,40.6759],[-91.093,40.8211],[-91.0095,40.9006],[-90.9629,40.925],[-90.9423,41.0347],[-90.9466,41.0966],[-90.9897,41.1557],[-91.0415,41.1661],[-91.1136,41.2414],[-91.072,41.3334],[-90.4344,41.327],[-91.0719,41.3336],[-91.0478,41.4109],[-90.9752,41.434],[-90.93,41.4214],[-90.8466,41.4551],[-90.6558,41.4621],[-90.5562,41.5242],[-90.4614,41.5235],[-90.4128,41.5653],[-90.3432,41.5878],[-90.3435,41.647],[-90.3147,41.6948],[-90.3152,41.7343],[-90.182,41.8071],[-90.1518,41.9289],[-90.1641,41.9562],[-90.1401,42.0033],[-90.1645,42.0421],[-90.1629,42.1167],[-90.2014,42.1309],[-90.2161,42.1567],[-90.357,42.2054],[-90.4193,42.2545],[-90.4307,42.2842],[-90.4159,42.3227],[-90.4439,42.3552],[-90.555,42.4161],[-90.5652,42.4387],[-90.6467,42.4719],[-90.6559,42.4917],[-90.6428,42.5085],[-87.8021,42.4926],[-87.8033,42.3905],[-87.8348,42.3015],[-87.8018,42.2106],[-87.6815,42.0784],[-87.6499,41.9785],[-87.6324,41.9653],[-87.6229,41.902],[-87.6024,41.8963],[-87.6165,41.8824],[-87.6094,41.8452],[-87.5246,41.7235],[-87.5264,40.4912],[-87.5332,39.883],[-87.5317,39.4771],[-87.5316,39.3481],[-87.5849,39.3373],[-87.6212,39.3042],[-87.5984,39.3001],[-87.6099,39.2814],[-87.5935,39.2475],[-87.5713,39.2514],[-87.577,39.2111],[-87.6404,39.1667],[-87.6294,39.1575],[-87.6587,39.136],[-87.6351,39.1223],[-87.6528,39.1068],[-87.6149,39.1027],[-87.616,39.0826],[-87.5726,39.0573],[-87.5789,39.0024],[-87.5604,38.9924],[-87.5765,38.9867],[-87.5133,38.956],[-87.5225,38.9024],[-87.5441,38.8951],[-87.5349,38.8789],[-87.5521,38.8645],[-87.5321,38.8525],[-88.3618,38.8521],[-87.5259,38.8488],[-87.5273,38.8181],[-87.4959,38.7854],[-87.5144,38.7692],[-87.4982,38.7683],[-87.4965,38.7393],[-87.5312,38.684],[-87.5877,38.67],[-87.6173,38.6422],[-87.6273,38.6054],[-87.6145,38.5875],[-87.6348,38.5927],[-87.6515,38.5682],[-87.6701,38.5452],[-87.6453,38.5102],[-87.7446,38.4773],[-87.7559,38.4559],[-87.7307,38.4429],[-87.7453,38.409],[-87.8234,38.346],[-87.8435,38.2782],[-87.863,38.2802],[-87.8705,38.3122],[-87.9111,38.268],[-87.9095,38.2961],[-87.9336,38.2959],[-87.9602,38.2371],[-87.9861,38.2647],[-88.1464,38.2563],[-87.9877,38.2569],[-87.9758,38.1978],[-87.9312,38.1563],[-87.9229,38.1733],[-87.9106,38.1666],[-87.9455,38.1266],[-87.9658,38.1326],[-87.9753,38.1101],[-88.0167,38.0973],[-88.0047,38.084],[-87.9605,38.0991],[-87.9672,38.0671],[-88.0421,38.0463],[-88.0089,38.0319],[-88.0258,38.0072],[-88.0129,37.9665],[-88.0368,37.9568],[-88.0353,37.9255],[-88.0696,37.9268],[-88.0225,37.9148],[-88.0152,37.8908],[-88.0945,37.906],[-88.0929,37.8917],[-88.1359,37.9159],[-88.3745,37.9084],[-88.3704,38.2553],[-88.3745,37.9077],[-88.3755,37.5996],[-88.18,37.5992],[-88.0722,37.5288],[-88.0626,37.496],[-88.0818,37.473],[-88.2817,37.4526],[-88.3712,37.4027],[-88.4153,37.4237],[-88.4702,37.3963],[-88.5159,37.284],[-88.4244,37.1524],[-88.4606,37.0743],[-88.5665,37.0758],[-88.6259,37.1195],[-88.7321,37.144],[-88.8057,37.1886],[-88.9833,37.2287],[-89.03,37.2111],[-89.1772,37.0714],[-89.179,37.0209],[-89.1327,36.9822],[-89.1855,36.9735],[-89.2008,37.0162],[-89.2549,37.072],[-89.3077,37.0697],[-89.3074,37.0504],[-89.26,37.0233],[-89.2786,36.9887],[-89.3783,37.0396],[-89.3787,37.0946],[-89.4619,37.1995],[-89.4582,37.2471],[-89.4887,37.2515],[-89.5183,37.2855],[-89.4865,37.3345],[-89.4328,37.3471],[-89.4225,37.3971],[-89.5164,37.5356],[-89.5165,37.5845],[-89.476,37.5902],[-89.5177,37.6412],[-89.512,37.6855],[-89.5833,37.7133],[-89.6173,37.7497],[-89.6655,37.7521],[-89.6604,37.7863],[-89.6807,37.8227],[-89.6744,37.803],[-89.7399,37.8469],[-89.7864,37.8517],[-89.798,37.8797],[-89.8448,37.9056],[-89.9018,37.8698],[-89.9382,37.8751],[-89.9749,37.9267],[-89.9251,37.96],[-89.9408,37.971],[-89.9971,37.9632],[-90.0594,38.0155],[-90.1105,38.0265],[-90.1308,38.0623],[-90.2053,38.0867],[-90.3596,38.2245],[-90.3725,38.3234],[-90.3413,38.3882]],[[-89.7069,38.655],[-89.5951,38.6559],[-90.1812,38.6601],[-89.7069,38.655]],[[-89.7033,38.2203],[-89.7042,38.4158],[-89.7069,38.655],[-89.7033,38.2203]],[[-89.6289,41.93],[-89.6854,41.9303],[-90.1518,41.9289],[-89.6289,41.93]],[[-88.1996,42.1543],[-88.2305,42.1542],[-87.7591,42.1523],[-88.1996,42.1543]],[[-88.1179,40.4879],[-87.9353,40.4859],[-87.5264,40.4912],[-88.1179,40.4879]],[[-87.9602,39.4813],[-88.0139,39.4808],[-87.5317,39.4771],[-87.9602,39.4813]],[[-87.9688,39.7923],[-87.9663,39.686],[-87.9602,39.4813],[-87.9688,39.7923]],[[-88.0139,39.4808],[-88.0078,39.1744],[-88.0078,39.1744],[-88.0139,39.4808]],[[-88.3607,39.1711],[-88.3617,38.9108],[-88.3618,38.8521],[-88.3607,39.1711]],[[-88.1194,39.1733],[-88.4709,39.1715],[-88.3607,39.1711],[-88.1194,39.1733]],[[-88.4709,39.2462],[-88.4709,39.215],[-88.4709,39.1715],[-88.4709,39.2462]],[[-87.9123,38.5701],[-87.9266,38.57],[-87.6515,38.5682],[-87.9123,38.5701]],[[-88.1663,38.2562],[-88.7024,38.2567],[-88.3704,38.2553],[-88.1663,38.2562]],[[-88.7022,38.2757],[-88.7046,38.1252],[-88.7059,37.9636],[-88.7024,38.2567],[-88.7022,38.2757]],[[-89.1498,38.1251],[-89.1296,38.1248],[-88.7046,38.1252],[-89.1498,38.1251]],[[-89.1348,38.1017],[-89.124,38.0973],[-89.1296,38.1248],[-89.1348,38.1017]],[[-88.9397,42.1523],[-88.9387,41.6298],[-88.9387,41.6298],[-88.9397,42.1523]],[[-88.5887,42.1536],[-88.3368,42.1541],[-88.9397,42.1523],[-88.5887,42.1536]],[[-88.9293,40.7533],[-88.9309,41.1059],[-88.9314,40.9277],[-88.9293,40.7533]],[[-88.9869,40.7523],[-88.5843,40.7576],[-88.9293,40.7533],[-88.9869,40.7523]],[[-89.2637,40.3253],[-89.2626,40.2809],[-89.2686,40.5559],[-89.2637,40.3253]],[[-89.7149,40.3192],[-89.603,40.3201],[-89.2637,40.3253],[-89.7149,40.3192]],[[-89.6017,40.1224],[-89.6011,40.0923],[-89.603,40.3201],[-89.6017,40.1224]],[[-89.1435,39.9176],[-89.1448,40.0489],[-89.1488,40.2811],[-89.1435,39.9176]],[[-89.405,39.9182],[-89.2178,39.917],[-89.1435,39.9176],[-89.405,39.9182]],[[-89.0254,39.3459],[-89.0257,39.6542],[-88.8107,39.6532],[-89.0257,39.6545],[-89.0254,39.3459]],[[-89.1398,39.3466],[-89.1395,39.2178],[-89.2505,39.2175],[-89.0568,39.217],[-89.1394,39.2172],[-89.1398,39.3466]],[[-89.5969,38.7432],[-89.1397,38.7364],[-89.1397,38.7364],[-89.2542,38.742],[-89.5969,38.7432]],[[-89.1182,38.0626],[-89.1171,38.0639],[-89.1178,38.0674],[-89.1182,38.0626]],[[-89.1774,37.9505],[-89.1508,37.9502],[-89.1751,37.9523],[-89.1774,37.9505]],[[-89.1536,37.6002],[-89.1512,37.862],[-89.1508,37.9502],[-89.1536,37.6002]],[[-89.4532,37.6001],[-89.0414,37.5966],[-88.7085,37.5993],[-89.1536,37.6002],[-89.4532,37.6001]],[[-89.0448,37.3297],[-89.0447,37.2941],[-89.0414,37.5966],[-89.0448,37.3297]],[[-88.7107,37.3371],[-88.7085,37.5991],[-88.7085,37.6019],[-88.7085,37.5993],[-88.7107,37.3371]],[[-88.9288,37.3028],[-88.9277,37.3034],[-89.0035,37.3112],[-88.9288,37.3028]],[[-90.1855,41.5846],[-89.8624,41.584],[-89.1667,41.5853],[-89.6315,41.5849],[-90.1855,41.5846]],[[-90.166,41.5942],[-90.1854,41.5889],[-90.1965,41.5401],[-90.1855,41.5846],[-90.166,41.5942]],[[-89.867,41.2344],[-89.6387,41.2339],[-89.8576,41.2345],[-89.8624,41.584],[-89.867,41.2344]],[[-89.6387,40.9737],[-89.6385,41.1485],[-89.6387,41.2339],[-89.6387,40.9737]],[[-89.6387,40.9737],[-89.9852,40.9745],[-89.4477,40.9732],[-89.6387,40.9737]],[[-89.3293,41.1479],[-89.4661,41.1485],[-89.6385,41.1485],[-89.3293,41.1479]],[[-90.4375,41.1515],[-89.9846,41.1494],[-89.8682,41.1495],[-90.4375,41.1515]],[[-89.9247,40.4359],[-89.9137,40.4521],[-89.9482,40.4228],[-89.9247,40.4359]],[[-89.9951,40.1089],[-89.9631,40.143],[-89.9968,40.1089],[-89.9951,40.1089]],[[-89.9847,39.7181],[-89.9945,39.9016],[-89.9944,39.8729],[-89.9847,39.7181]],[[-90.2442,39.5206],[-89.7017,39.5233],[-89.5335,39.5246],[-90.2442,39.5206]],[[-89.5308,39.3489],[-89.535,39.6411],[-89.5335,39.5246],[-89.5308,39.3489]],[[-89.8609,38.9991],[-90.146,38.9993],[-90.274,38.999],[-89.8609,38.9991]],[[-89.5861,38.9995],[-89.664,38.9991],[-89.6393,38.9991],[-89.5861,38.9995]],[[-90.9043,40.6364],[-90.912,40.1931],[-90.9122,40.1644],[-90.9098,40.2844],[-90.9043,40.6364]],[[-90.6304,40.0237],[-90.6113,40.0285],[-90.6117,40.0329],[-90.6304,40.0237]],[[-90.611,40.025],[-90.619,40.0153],[-90.6095,40.0086],[-90.611,40.025]],[[-90.5149,39.9847],[-90.5415,39.914],[-90.5143,39.985],[-90.5149,39.9847]],[[-90.3957,40.0767],[-90.3655,40.1239],[-90.3743,40.1212],[-90.3957,40.0767]],[[-90.2681,40.1546],[-90.363,40.1247],[-90.3148,40.1157],[-90.3545,40.1242],[-90.2681,40.1546]],[[-90.2889,40.0587],[-90.2293,40.0541],[-90.2188,40.055],[-90.2889,40.0587]],[[-90.1718,40.0591],[-90.1348,40.0623],[-90.1146,40.0723],[-90.1718,40.0591]],[[-90.6036,39.1176],[-90.6145,39.1423],[-90.6031,39.1158],[-90.6036,39.1176]],[[-90.587,39.0559],[-90.5744,39.0031],[-90.5722,39.0008],[-90.587,39.0559]],[[-90.4784,38.9638],[-90.5322,38.9587],[-90.5299,38.9563],[-90.4784,38.9638]],[[-90.5861,39.8714],[-90.5714,39.839],[-90.5828,39.8745],[-90.5861,39.8714]],[[-90.6182,39.6426],[-90.5776,39.5511],[-90.5766,39.5595],[-90.6182,39.6426]],[[-90.607,39.7747],[-90.6458,39.7046],[-90.6444,39.7016],[-90.607,39.7747]],[[-90.4379,41.1324],[-90.4394,41.064],[-90.4459,40.6035],[-90.4443,40.7149],[-90.4379,41.1324]],[[-90.1996,40.1838],[-90.2096,40.1531],[-90.1961,40.186],[-90.1996,40.1838]],[[-89.1847,37.0742],[-89.1994,37.0889],[-89.254,37.0994],[-89.1847,37.0742]],[[-89.2652,37.2238],[-89.2519,37.1909],[-89.264,37.2263],[-89.2652,37.2238]],[[-89.6983,39.9753],[-89.4838,39.9767],[-89.5783,39.9761],[-89.6983,39.9753]],[[-89.5536,40.7023],[-89.5534,40.7476],[-89.5595,40.7991],[-89.5536,40.7023]],[[-89.6696,40.5592],[-89.6679,40.5593],[-89.6675,40.561],[-89.6696,40.5592]],[[-88.2629,41.9864],[-88.2636,42.0669],[-88.262,41.7247],[-88.2629,41.9864]],[[-88.6019,41.7196],[-88.2613,41.7247],[-88.0304,41.7289],[-88.262,41.7247],[-88.6019,41.7196]],[[-88.602,42.0665],[-88.6022,41.6314],[-88.5863,41.1101],[-88.6019,41.7196],[-88.602,42.0665]],[[-88.0277,41.6415],[-88.029,41.6852],[-88.0304,41.7289],[-88.0277,41.6415]],[[-88.2473,40.9946],[-88.2515,41.1142],[-88.2349,40.6182],[-88.2473,40.9946]],[[-88.4603,40.3117],[-88.46,40.3988],[-88.4595,40.6171],[-88.4595,40.6171],[-88.4603,40.3117]],[[-88.472,39.6455],[-88.4721,39.6516],[-88.4732,39.7918],[-88.472,39.6455]],[[-88.2828,38.7277],[-88.2578,38.7309],[-88.2835,38.7318],[-88.2828,38.7277]],[[-88.6975,38.606],[-88.254,38.5995],[-88.2573,38.6016],[-88.6975,38.606]],[[-88.1509,38.2562],[-88.1478,38.569],[-88.1482,38.598],[-88.1509,38.2562]],[[-88.5749,40.2815],[-88.4605,40.2819],[-88.7061,40.2816],[-88.5749,40.2815]],[[-88.6936,38.9114],[-88.6952,38.8263],[-88.6956,38.7831],[-88.6936,38.9114]],[[-88.7587,39.7921],[-88.4863,39.7918],[-88.7457,39.7921],[-88.7587,39.7921]],[[-87.9689,39.1747],[-87.9504,39.1749],[-87.7462,39.1792],[-87.9689,39.1747]]],[[[-88.028,37.7992],[-88.0596,37.7426],[-88.125,37.7071],[-88.1582,37.6645],[-88.1343,37.5746],[-88.18,37.5992],[-88.3754,37.5996],[-88.3745,37.9077],[-88.1359,37.9159],[-88.0282,37.8386],[-88.0438,37.8215],[-88.0918,37.8221],[-88.0677,37.8006],[-88.0376,37.8099],[-88.028,37.7992]]]]}},{"type":"Feature","properties":{"StateFIPS":"51","state":"Virginia"},"geometry":{"type":"MultiPolygon","coordinates":[[[[-81.9341,36.5942],[-83.6754,36.6008],[-83.5319,36.665],[-83.461,36.6649],[-83.1946,36.7395],[-83.1364,36.7431],[-83.1332,36.7832],[-83.0726,36.8546],[-83.0061,36.8479],[-82.8782,36.8928],[-82.858,36.9295],[-82.8692,36.9742],[-82.8286,37.0057],[-82.7821,37.0082],[-82.7225,37.0451],[-82.7221,37.1202],[-82.5539,37.2028],[-82.3553,37.2652],[-82.3069,37.3017],[-81.968,37.538],[-81.9278,37.5122],[-81.9956,37.4698],[-81.9353,37.4364],[-81.9285,37.3606],[-81.8603,37.3157],[-81.8536,37.2877],[-81.7576,37.274],[-81.7421,37.2346],[-81.6782,37.2015],[-81.5536,37.2084],[-81.5088,37.2326],[-81.5032,37.2526],[-81.4167,37.2732],[-81.3943,37.3164],[-81.3622,37.3377],[-81.2274,37.2366],[-81.1126,37.2785],[-80.9796,37.3023],[-81.0145,37.2754],[-80.8495,37.3469],[-80.8832,37.3839],[-80.8596,37.4296],[-80.7842,37.3946],[-80.7701,37.3724],[-80.5114,37.4817],[-80.4385,37.3319],[-80.4728,37.4238],[-80.2998,37.5083],[-80.2824,37.5335],[-80.3303,37.5362],[-80.3124,37.5462],[-80.3285,37.5643],[-80.2213,37.6276],[-80.2675,37.6461],[-80.2961,37.6918],[-80.2531,37.7259],[-80.2574,37.7561],[-80.2157,37.7775],[-80.2271,37.7989],[-80.1622,37.8751],[-80.0025,37.9928],[-79.9263,38.1072],[-79.9448,38.1316],[-79.9187,38.1548],[-79.9212,38.1804],[-79.7957,38.2662],[-79.7898,38.2812],[-79.8101,38.305],[-79.7644,38.3565],[-79.7256,38.3638],[-79.7263,38.3871],[-79.6897,38.4314],[-79.6976,38.4872],[-79.6621,38.5155],[-79.673,38.5287],[-79.6491,38.5915],[-79.5369,38.5509],[-79.4766,38.4572],[-79.3132,38.4111],[-79.283,38.4181],[-79.2243,38.4777],[-79.1311,38.6532],[-79.093,38.6595],[-79.0873,38.7201],[-79.055,38.7857],[-79.0273,38.7921],[-78.994,38.8501],[-78.8692,38.7631],[-78.788,38.8851],[-78.7389,38.9273],[-78.7185,38.9343],[-78.7162,38.9048],[-78.6805,38.9253],[-78.6296,38.9809],[-78.6017,38.9646],[-78.5505,39.0181],[-78.5719,39.032],[-78.4037,39.1675],[-78.4387,39.198],[-78.3998,39.2441],[-78.4194,39.2575],[-78.339,39.3499],[-78.3669,39.3593],[-78.3432,39.3888],[-78.3594,39.4125],[-78.3471,39.466],[-77.8328,39.1353],[-77.7349,39.3124],[-77.6771,39.3241],[-77.6159,39.3027],[-77.5666,39.3061],[-77.5432,39.2669],[-77.4602,39.2284],[-77.4786,39.1892],[-77.5106,39.1785],[-77.5273,39.1462],[-77.5199,39.1209],[-77.4858,39.1093],[-77.4626,39.0762],[-77.3283,39.0578],[-77.246,39.0249],[-77.2557,39.0024],[-77.2348,38.9763],[-77.1377,38.9553],[-77.0406,38.8712],[-77.0345,38.8405],[-77.0857,38.844],[-77.0445,38.8396],[-77.0415,38.7259],[-77.122,38.6858],[-77.1302,38.635],[-77.202,38.6177],[-77.2149,38.6379],[-77.1978,38.6562],[-77.2339,38.6613],[-77.2239,38.646],[-77.2467,38.6352],[-77.247,38.5906],[-77.2653,38.5803],[-77.257,38.5612],[-77.3263,38.4436],[-77.3173,38.3836],[-77.2871,38.3488],[-77.2401,38.331],[-77.1627,38.346],[-77.1382,38.3679],[-77.0848,38.3683],[-77.0534,38.3988],[-77.0185,38.3819],[-77.0149,38.3328],[-77.0578,38.3206],[-76.9621,38.2565],[-76.9623,38.2141],[-76.8753,38.1722],[-76.7602,38.1666],[-76.7286,38.1317],[-76.6897,38.1601],[-76.6397,38.122],[-76.6434,38.1482],[-76.6121,38.1487],[-76.6009,38.1101],[-76.5354,38.0736],[-76.5214,38.0464],[-76.6178,38.0004],[-76.5556,38.0262],[-76.4767,38.0143],[-76.4632,38.0051],[-76.4728,37.9842],[-76.3438,37.9473],[-76.237,37.8905],[-76.2661,37.8174],[-76.3122,37.8141],[-76.3153,37.782],[-76.2855,37.7841],[-76.316,37.7636],[-76.3072,37.7313],[-76.3221,37.737],[-76.3024,37.6909],[-76.3318,37.6853],[-76.3761,37.7132],[-76.3251,37.6749],[-76.3399,37.656],[-76.3318,37.6298],[-76.3059,37.6411],[-76.2794,37.6182],[-76.3437,37.6238],[-76.3623,37.6104],[-76.4521,37.6488],[-76.4724,37.6658],[-76.4543,37.6772],[-76.4687,37.6957],[-76.5102,37.6423],[-76.5342,37.6609],[-76.5372,37.6989],[-76.5858,37.7716],[-76.6358,37.7895],[-76.5856,37.8118],[-76.6514,37.7962],[-76.6802,37.8257],[-76.7261,37.8362],[-76.7792,37.9115],[-76.8366,37.9342],[-76.853,37.9746],[-76.8982,37.9924],[-76.9311,38.0748],[-76.9172,38.0296],[-76.9306,38.0243],[-76.9179,38.0028],[-76.9274,37.9818],[-76.8774,37.9705],[-76.8882,37.9519],[-76.7946,37.8952],[-76.7343,37.7987],[-76.677,37.7561],[-76.6167,37.7419],[-76.5794,37.6733],[-76.5897,37.6658],[-76.5427,37.6169],[-76.4334,37.6129],[-76.4374,37.5969],[-76.4151,37.5805],[-76.298,37.5576],[-76.3287,37.5481],[-76.3319,37.5263],[-76.3383,37.543],[-76.3608,37.5284],[-76.3564,37.5081],[-76.3233,37.4853],[-76.2977,37.5154],[-76.281,37.5078],[-76.2719,37.4864],[-76.3103,37.4911],[-76.2561,37.4526],[-76.2479,37.3944],[-76.2747,37.3496],[-76.278,37.3105],[-76.3378,37.3658],[-76.3853,37.3843],[-76.399,37.4168],[-76.427,37.4186],[-76.4145,37.4136],[-76.4099,37.3687],[-76.4548,37.3882],[-76.4696,37.3706],[-76.4037,37.3387],[-76.4386,37.3138],[-76.3947,37.3129],[-76.3829,37.2863],[-76.3546,37.2723],[-76.5063,37.2434],[-76.5394,37.2681],[-76.494,37.2254],[-76.3869,37.2261],[-76.4106,37.1464],[-76.4057,37.16],[-76.3707,37.1503],[-76.3487,37.1687],[-76.2993,37.1301],[-76.2714,37.0876],[-76.3043,37.0014],[-76.3407,37.0152],[-76.411,36.963],[-76.4645,37.0275],[-76.5263,37.0629],[-76.5603,37.1113],[-76.5571,37.0762],[-76.6255,37.1273],[-76.5958,37.1773],[-76.6128,37.1712],[-76.6299,37.2067],[-76.6598,37.2232],[-76.7582,37.2155],[-76.735,37.2032],[-76.7505,37.1901],[-76.7989,37.2347],[-76.8695,37.2422],[-76.8768,37.2602],[-76.9439,37.2347],[-76.9724,37.2485],[-76.9025,37.1998],[-76.801,37.206],[-76.7373,37.1462],[-76.7153,37.148],[-76.6866,37.1973],[-76.6638,37.1739],[-76.6993,37.0584],[-76.6716,37.1421],[-76.6569,37.1098],[-76.6699,37.0599],[-76.6591,37.0424],[-76.5865,37.0287],[-76.5802,36.997],[-76.5512,36.9989],[-76.4865,36.9565],[-76.4997,36.9168],[-76.4824,36.9174],[-76.4931,36.8918],[-76.4815,36.8783],[-76.4547,36.8841],[-76.4416,36.9061],[-76.3907,36.8957],[-76.3841,36.9244],[-76.3545,36.9228],[-76.3418,36.8601],[-76.374,36.8366],[-76.3114,36.8518],[-76.327,36.8736],[-76.3141,36.9025],[-76.2879,36.9034],[-76.326,36.9037],[-76.3257,36.9632],[-76.2799,36.9684],[-76.0905,36.9078],[-76.0383,36.9312],[-75.9963,36.922],[-75.8676,36.5504],[-76.9309,36.5596],[-76.9161,36.5438],[-77.3405,36.5521],[-77.2969,36.5447],[-79.47,36.541],[-80.0535,36.5425],[-81.6775,36.5881],[-81.6109,36.617],[-81.9226,36.6162],[-81.9341,36.5942]],[[-82.2648,37.2823],[-82.2925,37.3058],[-82.3069,37.3017],[-82.2648,37.2823]],[[-77.1943,38.8861],[-77.1723,38.8932],[-77.1198,38.9344],[-77.1943,38.8861]],[[-76.6383,37.9656],[-76.6563,37.9822],[-76.7647,38.002],[-76.556,37.9315],[-76.6342,37.9666],[-76.6178,38.0004],[-76.6383,37.9656]],[[-76.3618,37.7368],[-76.3656,37.7586],[-76.3761,37.7132],[-76.3618,37.7368]],[[-78.0007,37.0245],[-78.0353,37.0184],[-78.0036,37.0228],[-78.0462,36.5442],[-78.0007,37.0245]],[[-79.5941,37.0422],[-79.5643,37.0347],[-79.5942,37.043],[-79.7148,36.542],[-79.5941,37.0422]],[[-81.6032,36.6389],[-81.619,36.634],[-81.6059,36.6381],[-81.6109,36.617],[-81.6032,36.6389]],[[-82.3321,36.709],[-82.3642,36.781],[-82.2941,36.5957],[-82.3321,36.709]],[[-78.4183,39.0857],[-78.4255,39.0814],[-78.4541,39.0278],[-78.4183,39.0857]],[[-78.3416,39.1014],[-78.3424,39.1025],[-78.3916,39.1019],[-78.3416,39.1014]],[[-78.3335,38.9995],[-78.1642,39.0179],[-78.3141,39.008],[-78.3335,38.9995]],[[-77.9579,39.0127],[-77.6552,38.9427],[-77.6176,38.9222],[-77.6375,38.9417],[-77.9579,39.0127]],[[-78.0043,38.9794],[-78.0753,38.9119],[-77.9844,38.9937],[-78.0043,38.9794]],[[-78.1526,38.8544],[-78.1292,38.8633],[-78.1297,38.8639],[-78.1526,38.8544]],[[-78.0069,38.7194],[-78.0004,38.7173],[-78.0281,38.7575],[-78.0069,38.7194]],[[-77.9354,38.6958],[-77.9061,38.6959],[-77.964,38.7053],[-77.9354,38.6958]],[[-78.1721,38.5243],[-78.1688,38.5238],[-78.0901,38.5968],[-78.1721,38.5243]],[[-78.0918,38.3905],[-78.0961,38.4043],[-78.1069,38.4145],[-78.0918,38.3905]],[[-78.118,38.3688],[-78.1153,38.3657],[-78.0918,38.3905],[-78.118,38.3688]],[[-78.1052,38.3121],[-78.0945,38.3112],[-78.0399,38.3116],[-78.1052,38.3121]],[[-77.9465,38.12],[-77.9927,38.128],[-77.8382,38.1062],[-77.9465,38.12]],[[-77.9091,37.7763],[-77.8782,37.756],[-77.8067,37.7346],[-77.9091,37.7763]],[[-77.9469,37.8526],[-77.9696,37.8552],[-77.925,37.8314],[-77.9469,37.8526]],[[-78.04,37.8927],[-78.3054,38.0059],[-78.3054,38.0059],[-78.04,37.8927]],[[-78.1608,37.7478],[-78.1363,37.7346],[-78.1593,37.7485],[-78.1608,37.7478]],[[-78.0944,37.7043],[-78.0927,37.7082],[-78.0975,37.7111],[-78.0944,37.7043]],[[-78.1104,37.6779],[-78.1059,37.6755],[-78.1015,37.6864],[-78.1104,37.6779]],[[-78.0722,37.6574],[-77.9567,37.6251],[-78.0872,37.6654],[-78.0722,37.6574]],[[-78.2394,37.1201],[-78.2312,37.2962],[-78.2356,37.3373],[-78.2394,37.1201]],[[-79.4811,38.2165],[-79.5122,38.1804],[-79.5319,38.1525],[-79.4811,38.2165]],[[-79.6213,37.9164],[-79.5344,38.003],[-79.6092,37.9356],[-79.6213,37.9164]],[[-79.6062,37.8618],[-79.6476,37.8745],[-79.6533,37.8707],[-79.6062,37.8618]],[[-79.6742,37.7631],[-79.6888,37.7347],[-79.6062,37.8618],[-79.6742,37.7631]],[[-79.4427,37.5669],[-79.4768,37.5461],[-79.4411,37.5634],[-79.4427,37.5669]],[[-79.4369,37.6171],[-79.3452,37.6606],[-79.4453,37.6182],[-79.4369,37.6171]],[[-79.4045,37.6075],[-79.4149,37.6053],[-79.3803,37.5906],[-79.4045,37.6075]],[[-79.2005,37.4759],[-79.212,37.4846],[-79.2095,37.4775],[-79.2005,37.4759]],[[-79.2677,37.438],[-79.1867,37.4655],[-79.2666,37.4484],[-79.2677,37.438]],[[-79.2414,37.4191],[-79.2509,37.4295],[-79.2679,37.4355],[-79.2684,37.4313],[-79.2414,37.4191]],[[-82.2668,36.9958],[-82.2582,36.9893],[-82.195,37.0259],[-82.2668,36.9958]],[[-82.1572,37.0418],[-82.1489,37.0423],[-82.1457,37.0466],[-82.1572,37.0418]],[[-81.9903,37.1287],[-81.9307,37.127],[-81.9204,37.1324],[-81.9903,37.1287]],[[-81.7805,36.9586],[-81.784,36.9566],[-81.7088,36.977],[-81.7805,36.9586]],[[-81.6757,36.9367],[-81.6739,36.9345],[-81.5761,36.9897],[-81.6757,36.9367]],[[-81.3878,36.9609],[-81.3269,36.8995],[-81.3794,36.9524],[-81.3878,36.9609]],[[-80.5514,36.9871],[-80.546,36.9907],[-80.5657,37.0475],[-80.5514,36.9871]],[[-80.1781,37.1134],[-80.1742,37.1141],[-80.1912,37.2329],[-80.1781,37.1134]],[[-80.086,37.162],[-80.1308,37.1216],[-80.1285,37.122],[-80.086,37.162]],[[-79.8569,37.2185],[-79.8441,37.2211],[-79.846,37.2274],[-79.8569,37.2185]],[[-79.7766,37.2026],[-79.7215,37.1904],[-79.7224,37.1923],[-79.7766,37.2026]],[[-79.6671,37.1453],[-79.6611,37.1378],[-79.6647,37.144],[-79.6671,37.1453]],[[-79.6278,37.0956],[-79.6173,37.0823],[-79.6116,37.0865],[-79.6278,37.0956]],[[-79.5984,37.0584],[-79.596,37.0553],[-79.5957,37.0561],[-79.5984,37.0584]],[[-81.2598,36.7627],[-81.262,36.763],[-81.264,36.7626],[-81.2598,36.7627]],[[-81.0865,36.7875],[-81.0424,36.8064],[-80.8185,36.8616],[-81.0303,36.8145],[-81.0865,36.7875]],[[-80.9146,36.6459],[-80.9311,36.6253],[-80.916,36.6293],[-80.9146,36.6459]],[[-79.9998,36.8307],[-80.0202,36.7905],[-80.012,36.7896],[-79.9998,36.8307]],[[-80.4538,36.7004],[-80.4568,36.7029],[-80.4873,36.6538],[-80.4538,36.7004]],[[-80.0744,36.8466],[-80.2355,36.8721],[-80.2432,36.8693],[-80.0744,36.8466]],[[-80.0415,36.7944],[-80.0396,36.7936],[-80.0727,36.8233],[-80.0415,36.7944]],[[-80.0132,36.7837],[-80.0214,36.7882],[-80.022,36.787],[-80.0132,36.7837]],[[-82.6986,36.8168],[-82.6941,36.8212],[-82.7481,36.8326],[-82.6986,36.8168]],[[-80.1065,37.0253],[-80.1158,37.0663],[-80.1228,37.0556],[-80.1065,37.0253]],[[-82.2248,36.7627],[-82.2849,36.7326],[-82.1039,36.7982],[-82.2248,36.7627]],[[-80.5008,37.2756],[-80.3248,37.3688],[-80.4343,37.3232],[-80.5008,37.2756]],[[-80.1712,37.3807],[-80.2003,37.3784],[-80.2622,37.3415],[-80.1712,37.3807]],[[-80.0741,37.4225],[-80.0659,37.432],[-80.1002,37.4113],[-80.0741,37.4225]],[[-81.4576,37.039],[-81.4563,37.0372],[-81.2701,37.093],[-81.4576,37.039]],[[-80.5676,37.1898],[-80.5886,37.1857],[-80.586,37.1828],[-80.5676,37.1898]],[[-80.5152,37.1998],[-80.5199,37.1989],[-80.5195,37.1976],[-80.5152,37.1998]],[[-80.5651,37.1741],[-80.5283,37.1931],[-80.5488,37.1926],[-80.5651,37.1741]],[[-80.5248,37.1479],[-80.5298,37.1338],[-80.5179,37.1428],[-80.5248,37.1479]],[[-80.5085,37.1357],[-80.5155,37.1409],[-80.5252,37.125],[-80.5085,37.1357]],[[-80.5403,37.1154],[-80.5803,37.0898],[-80.5803,37.0898],[-80.5403,37.1154]],[[-80.5601,37.0823],[-80.5803,37.0896],[-80.5757,37.0786],[-80.5601,37.0823]],[[-80.5952,37.1251],[-80.5924,37.1185],[-80.5536,37.1467],[-80.5952,37.1251]],[[-80.0745,37.2571],[-80.0631,37.2587],[-80.0807,37.2683],[-80.0745,37.2571]],[[-80.0222,37.3083],[-79.982,37.3306],[-80.0296,37.3158],[-80.0143,37.271],[-80.0222,37.3083]],[[-79.9668,37.3354],[-79.9781,37.3319],[-79.959,37.3201],[-79.9668,37.3354]],[[-79.8786,37.2919],[-79.8793,37.304],[-79.8842,37.2837],[-79.8786,37.2919]],[[-82.1389,37.0557],[-82.1366,37.0589],[-82.1582,37.1109],[-82.1389,37.0557]],[[-82.2363,37.212],[-82.2499,37.2697],[-82.254,37.2732],[-82.2363,37.212]],[[-80.0311,37.4724],[-79.9691,37.5444],[-80.0095,37.5108],[-80.0311,37.4724]],[[-79.9176,37.7018],[-79.8167,37.801],[-79.9228,37.6991],[-79.9176,37.7018]],[[-79.3228,38.4028],[-79.3093,38.3822],[-79.3166,38.4081],[-79.3228,38.4028]],[[-79.1369,37.8134],[-79.1708,37.8006],[-79.2024,37.7909],[-79.1986,37.788],[-79.1369,37.8134]],[[-79.1668,37.8133],[-79.1444,37.8561],[-79.1494,37.8694],[-79.1668,37.8133]],[[-79.1546,37.8835],[-79.1574,37.891],[-79.1677,37.8972],[-79.1546,37.8835]],[[-78.8737,38.0286],[-78.9069,37.9875],[-78.8231,38.0571],[-78.8737,38.0286]],[[-78.612,37.7563],[-78.6623,37.7227],[-78.6439,37.7331],[-78.6559,37.7039],[-78.612,37.7563]],[[-78.4967,37.794],[-78.4995,37.7616],[-78.4913,37.797],[-78.3839,37.9189],[-78.4967,37.794]],[[-78.2397,37.6905],[-78.249,37.6355],[-78.2251,37.7081],[-78.2397,37.6905]],[[-78.4687,37.3413],[-78.3952,37.3053],[-78.4651,37.3397],[-78.249,37.6355],[-78.4687,37.3413]],[[-78.2159,37.7191],[-78.1913,37.7334],[-78.2124,37.7234],[-78.2159,37.7191]],[[-79.4079,37.0623],[-79.4078,37.0634],[-79.414,37.0621],[-79.4079,37.0623]],[[-79.3437,37.1342],[-79.3448,37.1349],[-79.3815,37.1201],[-79.3437,37.1342]],[[-79.2429,37.1154],[-79.2519,37.1324],[-79.2559,37.1299],[-79.2429,37.1154]],[[-79.219,37.1183],[-79.2279,37.0985],[-79.2146,37.1159],[-79.219,37.1183]],[[-79.1913,37.0546],[-79.2052,37.1108],[-79.2118,37.1144],[-79.1913,37.0546]],[[-79.0923,37.0615],[-79.0704,37.0536],[-79.1271,37.0899],[-79.0923,37.0615]],[[-79.0094,37.0314],[-79.0071,37.0324],[-79.0261,37.0375],[-79.0094,37.0314]],[[-78.8046,37.2035],[-78.7773,37.2291],[-78.8061,37.2037],[-78.8046,37.2035]],[[-78.4809,37.0852],[-78.5287,37.1411],[-78.5375,37.1411],[-78.4809,37.0852]],[[-78.4436,37.0794],[-78.4035,37.0922],[-78.4809,37.0852],[-78.4436,37.0794]],[[-78.2843,37.1015],[-78.28,37.1033],[-78.2935,37.1021],[-78.2843,37.1015]],[[-79.4902,36.5806],[-79.4565,36.577],[-79.5089,36.598],[-79.4902,36.5806]],[[-79.5177,36.606],[-79.5163,36.6047],[-79.501,36.6181],[-79.5177,36.606]],[[-79.4287,36.5989],[-79.4271,36.6016],[-79.501,36.6181],[-79.4287,36.5989]],[[-79.3981,36.644],[-79.3998,36.6409],[-79.3694,36.6351],[-79.3981,36.644]],[[-79.331,36.6017],[-79.3649,36.6077],[-79.3298,36.5929],[-79.331,36.6017]],[[-78.7404,37.0016],[-78.7431,37.0022],[-78.7273,36.9384],[-78.7404,37.0016]],[[-78.75,36.9203],[-78.6678,36.8476],[-78.6715,36.858],[-78.75,36.9203]],[[-78.6658,36.8418],[-78.6672,36.8458],[-78.6873,36.8252],[-78.6658,36.8418]],[[-78.5617,36.6426],[-78.6888,36.7361],[-78.6229,36.672],[-78.5617,36.6426]],[[-78.1714,37.0545],[-78.0831,37.0117],[-78.0821,37.0118],[-78.1714,37.0545]],[[-79.0442,37.4259],[-79.0709,37.4213],[-79.0486,37.416],[-79.0442,37.4259]],[[-79.0207,37.4299],[-79.023,37.4295],[-79.0217,37.4292],[-79.0207,37.4299]],[[-78.9497,37.2925],[-78.9426,37.2878],[-79.0217,37.4292],[-78.9497,37.2925]],[[-78.8309,37.5356],[-78.8774,37.5417],[-78.8984,37.5314],[-78.8309,37.5356]],[[-78.4885,37.3366],[-78.5481,37.3465],[-78.5119,37.3305],[-78.4885,37.3366]],[[-78.278,37.3467],[-78.3224,37.3091],[-78.2694,37.3449],[-78.278,37.3467]],[[-78.2591,37.3606],[-78.259,37.3519],[-78.2424,37.3631],[-78.2591,37.3606]],[[-79.1436,37.4329],[-79.1821,37.462],[-79.1268,37.4026],[-79.1436,37.4329]],[[-79.1157,37.3704],[-79.0906,37.3923],[-79.1294,37.3738],[-79.1157,37.3704]],[[-79.2154,37.3329],[-79.1752,37.3421],[-79.1443,37.3667],[-79.2154,37.3329]],[[-78.9226,37.2521],[-78.9217,37.2459],[-78.919,37.2457],[-78.9226,37.2521]],[[-78.6604,37.6778],[-78.6422,37.683],[-78.6435,37.6849],[-78.6604,37.6778]],[[-78.967,37.6765],[-78.9832,37.6907],[-78.8974,37.547],[-78.967,37.6765]],[[-78.9958,37.7017],[-79.0581,37.7179],[-78.9898,37.6964],[-78.9958,37.7017]],[[-79.0738,37.7759],[-79.0744,37.7812],[-79.1102,37.7846],[-79.0738,37.7759]],[[-78.6561,38.2757],[-78.2094,38.1311],[-78.369,38.1841],[-78.6561,38.2757]],[[-78.112,38.2887],[-78.1025,38.301],[-78.1534,38.282],[-78.112,38.2887]],[[-78.7881,38.1264],[-78.7814,38.0828],[-78.7789,38.0844],[-78.7881,38.1264]],[[-78.5489,38.7385],[-78.6418,38.6047],[-78.6913,38.51],[-78.5489,38.7385]],[[-78.4883,38.4218],[-78.5478,38.4262],[-78.4915,38.4169],[-78.4883,38.4218]],[[-78.4525,38.4771],[-78.4598,38.465],[-78.4528,38.4755],[-78.4525,38.4771]],[[-78.6542,38.2826],[-78.5701,38.3266],[-78.6512,38.2935],[-78.6542,38.2826]],[[-78.5562,38.3339],[-78.5516,38.3363],[-78.5445,38.3625],[-78.5562,38.3339]],[[-78.5228,38.3695],[-78.5004,38.4034],[-78.5445,38.3625],[-78.5228,38.3695]],[[-78.2904,38.2722],[-78.2953,38.2769],[-78.3101,38.2719],[-78.2904,38.2722]],[[-78.3324,38.2716],[-78.3265,38.2717],[-78.3446,38.2793],[-78.3324,38.2716]],[[-78.4044,38.3358],[-78.3658,38.3174],[-78.4296,38.3674],[-78.4044,38.3358]],[[-78.2958,38.7826],[-78.3947,38.8228],[-78.3947,38.8228],[-78.2958,38.7826]],[[-78.2848,38.7593],[-78.3188,38.7379],[-78.2009,38.7767],[-78.2848,38.7593]],[[-78.323,38.6436],[-78.3156,38.6516],[-78.3185,38.6639],[-78.323,38.6436]],[[-77.5019,36.6705],[-76.9515,36.9454],[-77.4301,36.7077],[-77.5019,36.6705]],[[-76.8656,36.7896],[-76.8649,36.7946],[-76.9014,36.7574],[-76.8656,36.7896]],[[-76.9676,36.6945],[-76.9675,36.6966],[-76.9694,36.6961],[-76.9676,36.6945]],[[-76.8993,36.6346],[-76.9123,36.6566],[-76.9623,36.6675],[-76.8993,36.6346]],[[-76.9095,36.5792],[-76.9013,36.624],[-76.9119,36.6171],[-76.9095,36.5792]],[[-77.5112,38.8414],[-77.536,38.8474],[-77.5525,38.8563],[-77.5296,38.837],[-77.5112,38.8414]],[[-77.1409,38.8269],[-77.1108,38.8434],[-77.0878,38.8274],[-77.1234,38.8552],[-77.1102,38.8448],[-77.1409,38.8269]],[[-77.0755,38.1411],[-77.0719,38.1465],[-77.0846,38.1602],[-77.0755,38.1411]],[[-77.089,38.0136],[-77.1294,38.0161],[-77.0783,38.0013],[-77.089,38.0136]],[[-77.0727,37.9947],[-77.0761,37.9987],[-77.0727,37.9862],[-77.0727,37.9947]],[[-77.0728,37.965],[-77.0727,37.9712],[-77.1099,37.9684],[-77.0728,37.965]],[[-77.184,37.9414],[-77.1568,37.9649],[-77.167,37.9641],[-77.184,37.9414]],[[-77.1819,37.9015],[-77.1754,37.9054],[-77.184,37.9414],[-77.1819,37.9015]],[[-77.2088,37.8857],[-77.1495,37.8821],[-77.1816,37.8961],[-77.2088,37.8857]],[[-77.1012,37.7907],[-77.0935,37.8101],[-77.1068,37.7943],[-77.1012,37.7907]],[[-77.0745,37.7479],[-77.0811,37.7506],[-77.0822,37.7471],[-77.0745,37.7479]],[[-76.976,37.7085],[-77.0485,37.7375],[-77.0333,37.7208],[-76.976,37.7085]],[[-76.8145,37.5447],[-76.7895,37.5039],[-76.7771,37.5507],[-76.7866,37.5224],[-76.8145,37.5447]],[[-76.742,37.4671],[-76.7287,37.4532],[-76.7895,37.5039],[-76.742,37.4671]],[[-76.8574,37.5229],[-76.82,37.5491],[-76.8241,37.5524],[-76.8574,37.5229]],[[-76.8597,37.5762],[-76.8778,37.5304],[-76.8536,37.5726],[-76.8597,37.5762]],[[-76.882,37.5765],[-76.8641,37.5788],[-76.8685,37.5814],[-76.882,37.5765]],[[-76.8939,37.5457],[-76.8747,37.5525],[-76.8946,37.547],[-76.8939,37.5457]],[[-76.9302,37.5644],[-76.9153,37.5671],[-76.917,37.5696],[-76.9302,37.5644]],[[-76.9443,37.5509],[-76.9384,37.5612],[-76.9427,37.5596],[-76.9443,37.5509]],[[-76.953,37.5358],[-76.9525,37.5367],[-76.9587,37.538],[-76.953,37.5358]],[[-76.9763,37.5448],[-76.9723,37.5432],[-76.9551,37.5638],[-76.9763,37.5448]],[[-77.1432,37.591],[-77.1237,37.6269],[-77.1206,37.6345],[-77.1432,37.591]],[[-77.162,37.4848],[-77.1927,37.5055],[-77.1773,37.4906],[-77.162,37.4848]],[[-76.904,37.3779],[-76.9064,37.355],[-76.8922,37.3834],[-76.904,37.3779]],[[-77.0817,37.0848],[-77.1541,37.1132],[-77.1554,37.112],[-77.0817,37.0848]],[[-77.3985,36.993],[-77.6165,36.8792],[-77.1554,37.112],[-77.3985,36.993]],[[-77.851,37.4197],[-77.8666,37.4568],[-77.8581,37.4187],[-77.851,37.4197]],[[-77.6308,37.7057],[-77.6106,37.7104],[-77.7117,37.7063],[-77.6308,37.7057]],[[-77.5055,37.6982],[-77.4776,37.6809],[-77.4949,37.7015],[-77.5055,37.6982]],[[-77.5955,37.5557],[-77.5298,37.5592],[-77.6554,37.564],[-77.5955,37.5557]],[[-77.6502,37.2579],[-77.636,37.2674],[-77.6506,37.2651],[-77.6675,37.2925],[-77.6502,37.2579]],[[-77.3887,37.2385],[-77.4165,37.2332],[-77.4787,37.2238],[-77.4474,37.2231],[-77.3887,37.2385]],[[-77.6416,36.8794],[-77.6497,36.8981],[-77.6449,36.8767],[-77.6416,36.8794]],[[-77.7154,36.9163],[-77.658,36.8945],[-77.6558,36.7135],[-77.6497,36.8981],[-77.7154,36.9163]],[[-77.6381,36.886],[-77.6384,36.8819],[-77.6349,36.8847],[-77.6381,36.886]],[[-77.3504,36.5537],[-77.3574,36.6008],[-77.3551,36.5545],[-77.3504,36.5537]],[[-77.3354,37.3109],[-77.3376,37.3108],[-77.334,37.2962],[-77.3354,37.3109]],[[-77.281,37.3173],[-77.2819,37.316],[-77.2795,37.3161],[-77.281,37.3173]],[[-77.2693,37.3338],[-77.2707,37.3208],[-77.2515,37.3089],[-77.2693,37.3338]],[[-77.0882,37.3131],[-77.1718,37.3109],[-77.1251,37.3029],[-77.0882,37.3131]],[[-77.3409,37.3106],[-77.3832,37.24],[-77.3743,37.2423],[-77.3409,37.3106]],[[-77.326,37.2639],[-77.3253,37.2609],[-77.2524,37.2935],[-77.326,37.2639]],[[-77.3728,37.2969],[-77.3997,37.2719],[-77.3701,37.2931],[-77.3728,37.2969]],[[-77.3623,37.2822],[-77.3688,37.2914],[-77.3736,37.2724],[-77.3623,37.2822]],[[-77.3857,37.2412],[-77.3803,37.2455],[-77.395,37.2405],[-77.3857,37.2412]],[[-77.8738,37.3637],[-77.8738,37.3624],[-77.8697,37.3608],[-77.8738,37.3637]],[[-77.2263,37.38],[-77.2217,37.3843],[-77.2508,37.3923],[-77.2263,37.38]],[[-77.2837,37.3551],[-77.2726,37.3533],[-77.2508,37.3923],[-77.2837,37.3551]],[[-77.2206,37.3854],[-77.2152,37.3904],[-77.226,37.4054],[-77.2206,37.3854]],[[-77.305,37.3585],[-77.2952,37.357],[-77.3049,37.3625],[-77.305,37.3585]],[[-77.4269,37.4261],[-77.3983,37.42],[-77.4255,37.4308],[-77.4269,37.4261]],[[-77.4475,37.4592],[-77.4594,37.4643],[-77.4683,37.4621],[-77.4475,37.4592]],[[-77.5074,37.4676],[-77.5038,37.4671],[-77.5086,37.4713],[-77.5074,37.4676]],[[-77.3855,37.5352],[-77.4025,37.5537],[-77.3893,37.5216],[-77.3855,37.5352]],[[-77.6182,38.3627],[-77.6202,38.3672],[-77.6395,38.359],[-77.6182,38.3627]],[[-77.6338,38.4669],[-77.6349,38.4102],[-77.6341,38.408],[-77.6338,38.4669]],[[-77.4768,38.5923],[-77.5321,38.5577],[-77.6338,38.4669],[-77.4768,38.5923]],[[-77.5767,37.9581],[-77.6162,37.949],[-77.5747,37.9544],[-77.5767,37.9581]],[[-77.3596,37.788],[-77.3456,37.7922],[-77.2503,37.8724],[-77.3596,37.788]],[[-77.824,37.6147],[-77.8224,37.6101],[-77.8187,37.6101],[-77.824,37.6147]],[[-77.1103,37.6596],[-77.1092,37.6623],[-77.1486,37.6747],[-77.1103,37.6596]],[[-77.2714,38.2488],[-77.2674,38.2493],[-77.2706,38.2498],[-77.2714,38.2488]],[[-77.2387,38.2445],[-77.2293,38.2401],[-77.2247,38.2422],[-77.2387,38.2445]],[[-77.6045,38.3374],[-77.6032,38.3331],[-77.5706,38.348],[-77.6045,38.3374]],[[-77.5117,38.28],[-77.4738,38.2702],[-77.4632,38.2759],[-77.5117,38.28]],[[-77.4174,38.2563],[-77.4671,38.3187],[-77.4528,38.2815],[-77.4174,38.2563]],[[-77.3703,38.2466],[-77.3216,38.2439],[-77.4174,38.2563],[-77.3703,38.2466]],[[-77.3301,38.334],[-77.3474,38.2722],[-77.3438,38.2675],[-77.3301,38.334]],[[-77.3354,38.7195],[-77.3388,38.7188],[-77.3338,38.7169],[-77.3354,38.7195]],[[-77.8717,38.6485],[-77.8841,38.6666],[-77.9013,38.6655],[-77.8717,38.6485]],[[-77.4403,38.7835],[-77.4206,38.7623],[-77.423,38.7769],[-77.4403,38.7835]],[[-77.4763,38.7804],[-77.4679,38.7852],[-77.5226,38.737],[-77.4763,38.7804]],[[-77.454,38.736],[-77.4542,38.7376],[-77.4939,38.7255],[-77.454,38.736]],[[-77.5067,38.7318],[-77.515,38.7358],[-77.5062,38.7061],[-77.5067,38.7318]],[[-77.5227,38.7279],[-77.5228,38.7191],[-77.5062,38.7061],[-77.5227,38.7279]],[[-76.9246,36.7077],[-76.9161,36.6723],[-76.9122,36.6984],[-76.9246,36.7077]],[[-76.2916,36.7999],[-76.29,36.822],[-76.2982,36.8336],[-76.2916,36.7999]],[[-76.2002,36.8279],[-76.1974,36.8308],[-76.2261,36.8399],[-76.2002,36.8279]],[[-76.1795,36.8497],[-76.1805,36.8516],[-76.1868,36.842],[-76.1795,36.8497]],[[-76.4204,36.8663],[-76.3919,36.8534],[-76.3985,36.8659],[-76.4204,36.8663]],[[-76.4152,36.8783],[-76.4575,36.8148],[-76.4204,36.8663],[-76.4152,36.8783]],[[-76.4037,36.814],[-76.3835,36.8375],[-76.3887,36.8475],[-76.4037,36.814]],[[-76.0779,36.7011],[-76.0692,36.6774],[-76.068,36.6926],[-76.0779,36.7011]],[[-76.7047,37.448],[-76.7096,37.4333],[-76.6834,37.4533],[-76.7047,37.448]],[[-76.5828,37.1867],[-76.5913,37.2132],[-76.6013,37.2376],[-76.5828,37.1867]],[[-76.4219,37.0983],[-76.4591,37.101],[-76.4377,37.094],[-76.4219,37.0983]],[[-76.3675,37.113],[-76.3958,37.1072],[-76.4048,37.1231],[-76.4002,37.1042],[-76.3675,37.113]],[[-76.7297,37.3059],[-76.7405,37.3058],[-76.7187,37.2854],[-76.7297,37.3059]],[[-76.7148,37.2818],[-76.7101,37.2774],[-76.6819,37.2926],[-76.7148,37.2818]],[[-76.6809,37.2606],[-76.6772,37.2581],[-76.6811,37.268],[-76.6809,37.2606]],[[-76.6731,37.2477],[-76.6745,37.2512],[-76.7361,37.2572],[-76.6731,37.2477]],[[-77.0273,37.9077],[-77.0316,37.9215],[-77.0728,37.9464],[-77.0273,37.9077]],[[-77.0231,37.8837],[-77.0202,37.8853],[-77.0237,37.8962],[-77.0231,37.8837]],[[-77.0412,37.869],[-77.0343,37.8631],[-77.04,37.8697],[-77.0412,37.869]],[[-77.0033,37.836],[-76.9452,37.8282],[-77.0115,37.8432],[-77.0033,37.836]],[[-76.9426,37.7848],[-76.9401,37.785],[-76.9452,37.8282],[-76.9426,37.7848]],[[-76.6476,37.4829],[-76.6501,37.4787],[-76.6468,37.4812],[-76.6476,37.4829]],[[-76.5958,37.5881],[-76.6071,37.5839],[-76.5748,37.5706],[-76.5958,37.5881]],[[-76.4376,37.5144],[-76.4276,37.5138],[-76.5532,37.5618],[-76.4376,37.5144]],[[-76.4041,37.5355],[-76.4181,37.5132],[-76.4136,37.5129],[-76.4041,37.5355]],[[-76.4484,37.4274],[-76.4489,37.4353],[-76.4499,37.428],[-76.4484,37.4274]],[[-76.6954,37.6384],[-76.749,37.7253],[-76.718,37.6577],[-76.6954,37.6384]],[[-76.367,37.7668],[-76.3681,37.7734],[-76.4011,37.7802],[-76.367,37.7668]],[[-76.5099,37.8404],[-76.5112,37.8497],[-76.5482,37.869],[-76.5099,37.8404]],[[-76.4604,37.8204],[-76.4776,37.8374],[-76.4866,37.8362],[-76.4604,37.8204]],[[-76.937,38.0771],[-76.984,38.0875],[-76.9319,38.0759],[-76.937,38.0771]],[[-77.034,38.0944],[-77.0324,38.0951],[-77.0355,38.0982],[-77.034,38.0944]]],[[[-75.9672,37.0846],[-75.981,37.0971],[-75.9429,37.098],[-75.9672,37.0846]]],[[[-75.7972,37.2544],[-75.8185,37.2442],[-75.8014,37.2205],[-75.8293,37.2071],[-75.8206,37.193],[-75.921,37.1118],[-75.9115,37.1229],[-75.9278,37.1303],[-75.9701,37.1172],[-76.0258,37.2574],[-76.0122,37.3338],[-75.9675,37.3998],[-75.98,37.4046],[-75.9796,37.4383],[-75.9339,37.5523],[-75.9412,37.5638],[-75.9054,37.6261],[-75.8928,37.6044],[-75.8773,37.6116],[-75.8873,37.6532],[-75.8501,37.6662],[-75.8359,37.7098],[-75.795,37.7267],[-75.832,37.7281],[-75.7873,37.7571],[-75.8123,37.7947],[-75.7846,37.8068],[-75.7334,37.7859],[-75.7029,37.8497],[-75.6782,37.8375],[-75.6723,37.8509],[-75.6929,37.8678],[-75.6789,37.8883],[-75.6982,37.8919],[-75.6884,37.899],[-75.7569,37.9016],[-75.7362,37.9022],[-75.7435,37.9121],[-75.7122,37.9381],[-75.643,37.9363],[-75.6482,37.9668],[-75.6243,37.9942],[-75.2425,38.027],[-75.3586,37.865],[-75.3848,37.8515],[-75.3946,37.8722],[-75.3625,37.8672],[-75.3462,37.8913],[-75.4064,37.8994],[-75.5268,37.7887],[-75.5894,37.6912],[-75.6145,37.6093],[-75.6001,37.5713],[-75.6624,37.4907],[-75.6848,37.4874],[-75.6833,37.456],[-75.661,37.4548],[-75.7436,37.3285],[-75.7976,37.2961],[-75.7972,37.2544]],[[-75.8128,37.4739],[-75.7935,37.4888],[-75.7968,37.4965],[-75.8128,37.4739]],[[-75.8024,37.4624],[-75.79,37.4618],[-75.8128,37.4739],[-75.8024,37.4624]],[[-75.7881,37.5289],[-75.8349,37.5541],[-75.8383,37.554],[-75.7881,37.5289]]],[[[-75.857,37.6896],[-75.8578,37.6834],[-75.8631,37.6908],[-75.857,37.6896]]],[[[-75.8502,37.6999],[-75.8565,37.7029],[-75.8508,37.7055],[-75.8502,37.6999]]],[[[-75.7331,37.8028],[-75.7405,37.8012],[-75.7387,37.809],[-75.7331,37.8028]]],[[[-75.9735,37.8335],[-75.9958,37.8126],[-75.9969,37.8504],[-75.9735,37.8335]]],[[[-76.0002,37.8638],[-76.0023,37.862],[-76.0081,37.8728],[-76.0002,37.8638]]],[[[-76.0168,37.9465],[-76.0294,37.9217],[-76.0289,37.951],[-76.0465,37.9536],[-75.9939,37.9535],[-76.0168,37.9465]]]]}},{"type":"Feature","properties":{"StateFIPS":"37","state":"North Carolina"},"geometry":{"type":"MultiPolygon","coordinates":[[[[-84.1884,35.24],[-84.1257,35.2428],[-84.0291,35.2922],[-84.0039,35.2363],[-84.0383,35.3478],[-84.0076,35.3717],[-84.0231,35.4097],[-83.9611,35.4638],[-83.9335,35.452],[-83.9529,35.4606],[-83.9118,35.476],[-83.8826,35.5172],[-83.8256,35.5238],[-83.7717,35.5621],[-83.6089,35.5795],[-83.582,35.5627],[-83.4983,35.563],[-83.4458,35.6118],[-83.3966,35.6227],[-83.335,35.6655],[-83.2972,35.6577],[-83.2556,35.6961],[-83.2555,35.7151],[-83.1857,35.7299],[-83.1592,35.7649],[-83.1202,35.7662],[-83.0787,35.7895],[-83.0015,35.7738],[-82.9166,35.8414],[-82.9206,35.8685],[-82.8963,35.8803],[-82.92,35.9284],[-82.8526,35.9491],[-82.8219,35.9218],[-82.805,35.9272],[-82.7749,35.972],[-82.7856,35.9778],[-82.776,36.0001],[-82.6323,36.0657],[-82.5908,36.0319],[-82.6139,36.0047],[-82.6109,35.9674],[-82.5579,35.9539],[-82.4607,36.0078],[-82.4167,36.0728],[-82.3552,36.1156],[-82.2895,36.1357],[-82.2475,36.1309],[-82.2221,36.1569],[-82.1768,36.1422],[-82.1479,36.1495],[-82.1306,36.1064],[-82.0287,36.1243],[-81.9181,36.2871],[-81.8008,36.3581],[-81.7649,36.3387],[-81.7074,36.3352],[-81.7387,36.3948],[-81.7149,36.4572],[-81.6953,36.4679],[-81.708,36.5362],[-81.6775,36.5881],[-80.0273,36.5425],[-77.1697,36.5473],[-77.1484,36.525],[-77.1644,36.5463],[-75.8676,36.5504],[-75.7733,36.2315],[-75.5369,35.7889],[-75.5631,35.7993],[-75.6229,35.8923],[-75.6154,35.9264],[-75.6445,35.9644],[-75.6823,35.9958],[-75.7276,36.0034],[-75.7064,36.0392],[-75.7371,36.0408],[-75.7459,36.1441],[-75.7724,36.2175],[-75.8109,36.2491],[-75.8068,36.2849],[-75.8453,36.3056],[-75.8459,36.3326],[-75.8221,36.328],[-75.8289,36.3657],[-75.8486,36.3802],[-75.8433,36.42],[-75.8883,36.4416],[-75.8999,36.4821],[-75.9769,36.4876],[-76.0026,36.5371],[-76.0307,36.5388],[-76.0264,36.5165],[-76.0426,36.5106],[-76.0123,36.4475],[-75.972,36.4372],[-75.9563,36.4008],[-75.9407,36.3987],[-75.9245,36.4254],[-75.9233,36.3619],[-75.8834,36.2847],[-75.8568,36.278],[-75.8723,36.2547],[-75.8639,36.2293],[-75.8301,36.1965],[-75.8429,36.1993],[-75.8403,36.1772],[-75.7898,36.079],[-75.8493,36.1048],[-75.875,36.1841],[-75.9233,36.2459],[-75.9586,36.2597],[-75.9484,36.2853],[-75.9689,36.2642],[-75.9479,36.2244],[-75.96,36.1989],[-75.9134,36.1654],[-76.017,36.1864],[-76.054,36.2348],[-76.0796,36.2382],[-76.131,36.291],[-76.2133,36.2999],[-76.1443,36.2589],[-76.1172,36.2135],[-76.0801,36.1994],[-76.0593,36.1493],[-76.1875,36.1254],[-76.2491,36.1849],[-76.2735,36.1908],[-76.2907,36.2235],[-76.2771,36.1807],[-76.1917,36.1072],[-76.2387,36.0986],[-76.3233,36.1348],[-76.3736,36.1382],[-76.4499,36.1934],[-76.458,36.1853],[-76.382,36.1229],[-76.3464,36.121],[-76.304,36.0945],[-76.4621,36.0823],[-76.4081,36.068],[-76.4603,36.0241],[-76.5141,36.0065],[-76.5804,36.0106],[-76.6108,36.0555],[-76.6398,36.0359],[-76.6765,36.0436],[-76.6919,36.0663],[-76.6886,36.107],[-76.705,36.1099],[-76.7214,36.1478],[-76.7143,36.2153],[-76.6722,36.272],[-76.6995,36.2985],[-76.6978,36.2717],[-76.7499,36.2114],[-76.7542,36.1475],[-76.7038,36.0106],[-76.6819,35.9896],[-76.7328,35.9367],[-76.5538,35.9402],[-76.3996,35.9821],[-76.3662,35.9348],[-76.1705,35.9945],[-76.0625,35.9907],[-76.025,35.9698],[-76.0128,35.9219],[-76.0654,35.8339],[-76.0505,35.8067],[-76.0483,35.7371],[-76.0609,35.7168],[-76.0364,35.6884],[-76.0518,35.6663],[-76.038,35.6458],[-76.013,35.6689],[-75.9829,35.7726],[-75.9941,35.8125],[-75.976,35.8385],[-75.9861,35.889],[-75.9216,35.9359],[-75.9473,35.9598],[-75.8709,35.9786],[-75.8094,35.9593],[-75.7495,35.8841],[-75.7519,35.851],[-75.728,35.8245],[-75.7386,35.7494],[-75.7172,35.6937],[-75.7329,35.6815],[-75.7578,35.706],[-75.7781,35.6935],[-75.7649,35.6564],[-75.7349,35.6302],[-75.7851,35.5955],[-75.778,35.5798],[-75.8269,35.571],[-75.8135,35.5917],[-75.8528,35.5847],[-75.9013,35.669],[-75.8837,35.6289],[-75.8974,35.5981],[-75.8824,35.5761],[-75.9784,35.513],[-75.9631,35.4939],[-75.9888,35.4849],[-76.0227,35.4122],[-76.0587,35.4346],[-76.0539,35.4212],[-76.0834,35.391],[-76.0618,35.3832],[-76.0708,35.3706],[-76.1369,35.358],[-76.1519,35.3314],[-76.1742,35.347],[-76.2211,35.3404],[-76.2498,35.3677],[-76.2681,35.34],[-76.3449,35.3925],[-76.3575,35.3836],[-76.3416,35.3423],[-76.376,35.3356],[-76.3772,35.3584],[-76.4119,35.3464],[-76.4243,35.365],[-76.4129,35.3757],[-76.3637,35.3642],[-76.396,35.4011],[-76.3853,35.415],[-76.3955,35.4317],[-76.4176,35.4251],[-76.4383,35.3883],[-76.4808,35.4045],[-76.4723,35.3714],[-76.5403,35.4107],[-76.5331,35.4323],[-76.5655,35.4495],[-76.5457,35.4609],[-76.5871,35.5089],[-76.4908,35.5044],[-76.4552,35.5492],[-76.4705,35.557],[-76.5199,35.5307],[-76.5992,35.5398],[-76.6379,35.513],[-76.5974,35.4819],[-76.607,35.4555],[-76.5776,35.3876],[-76.6479,35.4034],[-76.6629,35.4255],[-76.7592,35.4189],[-76.8172,35.452],[-76.906,35.4594],[-76.9792,35.4834],[-77.0532,35.5352],[-77.0213,35.4985],[-77.0451,35.5033],[-76.9864,35.4725],[-76.9662,35.434],[-76.925,35.4488],[-76.6707,35.3456],[-76.6163,35.3427],[-76.6122,35.2793],[-76.6112,35.3355],[-76.4842,35.3136],[-76.4989,35.3059],[-76.4982,35.2796],[-76.4771,35.2867],[-76.4674,35.2613],[-76.4907,35.2627],[-76.4792,35.2473],[-76.5034,35.2407],[-76.496,35.217],[-76.5655,35.2292],[-76.521,35.2061],[-76.5267,35.1848],[-76.5864,35.202],[-76.6341,35.1743],[-76.6337,35.1607],[-76.5866,35.1544],[-76.58,35.1741],[-76.5395,35.1546],[-76.5695,35.0985],[-76.7116,35.0045],[-76.8036,34.9638],[-76.9876,35.0656],[-77.0304,35.1331],[-77.0603,35.1408],[-76.9893,35.0438],[-76.9774,35.0049],[-76.8892,34.9482],[-76.8112,34.9392],[-76.7608,34.9159],[-76.7266,34.9279],[-76.7076,34.9542],[-76.6772,34.9577],[-76.6526,34.9376],[-76.6769,34.9688],[-76.6311,34.9887],[-76.5785,34.9762],[-76.5797,34.9901],[-76.5116,35.0051],[-76.4842,34.9881],[-76.4975,35.0082],[-76.4858,35.0406],[-76.4647,35.0467],[-76.4775,35.0584],[-76.4704,35.0757],[-76.4358,35.0579],[-76.424,35.029],[-76.4404,35.0146],[-76.4255,35.0015],[-76.4228,34.9507],[-76.4031,34.9634],[-76.3984,34.9455],[-76.3874,34.9511],[-76.3827,34.9782],[-76.3195,34.9659],[-76.3641,35.0366],[-76.2439,34.9969],[-76.2624,34.9753],[-76.2881,34.9963],[-76.3057,34.9914],[-76.2779,34.9607],[-76.2795,34.9414],[-76.2976,34.9237],[-76.3408,34.9334],[-76.3368,34.9098],[-76.3141,34.9063],[-76.3822,34.857],[-76.4024,34.8866],[-76.4121,34.8322],[-76.4495,34.8148],[-76.4854,34.7549],[-76.5141,34.7543],[-76.4984,34.7321],[-76.5127,34.7203],[-76.5757,34.7217],[-76.5859,34.7567],[-76.5757,34.7684],[-76.6044,34.7899],[-76.6173,34.7879],[-76.6194,34.7042],[-76.7685,34.7244],[-76.9027,34.7265],[-77.0927,34.6729],[-77.1129,34.6849],[-77.2048,34.6334],[-77.2424,34.6],[-77.2337,34.593],[-77.307,34.5451],[-77.5184,34.4409],[-77.7204,34.296],[-77.839,34.1479],[-77.9372,33.9292],[-77.9605,33.8432],[-78.0083,33.8642],[-77.9898,33.888],[-77.9959,33.9056],[-78.0207,33.8883],[-78.2392,33.9175],[-78.3871,33.902],[-78.5405,33.8527],[-79.4616,34.6303],[-79.6753,34.8047],[-79.6929,34.805],[-79.6642,34.8151],[-80.7975,34.8198],[-80.782,34.9358],[-80.935,35.1074],[-81.0415,35.0447],[-81.058,35.0732],[-81.0328,35.108],[-81.0512,35.1332],[-81.0242,35.1532],[-81.9693,35.1872],[-82.3768,35.1844],[-82.3904,35.2154],[-82.4396,35.1659],[-82.4571,35.1639],[-82.4601,35.1781],[-82.53,35.1556],[-82.5533,35.1617],[-82.6624,35.1181],[-82.6814,35.1279],[-82.6977,35.0957],[-82.727,35.0941],[-82.7577,35.068],[-82.7774,35.0641],[-82.7879,35.085],[-83.1086,35.0014],[-84.3219,34.9884],[-84.2902,35.2256],[-84.2237,35.2691],[-84.1884,35.24]],[[-79.5324,36.2415],[-79.5417,35.8999],[-79.5558,35.515],[-79.5424,35.8433],[-79.5319,36.2497],[-79.5136,36.5408],[-79.5324,36.2415]],[[-79.6451,35.5134],[-79.3501,35.518],[-79.5558,35.515],[-79.6451,35.5134]],[[-79.3121,35.5305],[-79.3177,35.5363],[-79.3501,35.518],[-79.3121,35.5305]],[[-79.258,36.2434],[-79.1782,36.2424],[-79.5319,36.2497],[-79.258,36.2434]],[[-77.9201,36.4361],[-77.8956,36.5041],[-77.8998,36.5447],[-77.9201,36.4361]],[[-80.6698,36.251],[-80.6602,36.2562],[-80.6846,36.2688],[-80.6698,36.251]],[[-80.6285,36.273],[-80.6282,36.2879],[-80.6451,36.2642],[-80.6285,36.273]],[[-80.4377,36.2302],[-80.4519,36.2614],[-80.4525,36.2453],[-80.4377,36.2302]],[[-78.7513,36.0708],[-78.7334,36.073],[-78.7565,36.0724],[-78.7513,36.0708]],[[-78.7591,35.9184],[-78.7417,35.9339],[-78.739,35.9389],[-78.7591,35.9184]],[[-78.9161,35.5841],[-78.8453,35.5627],[-78.995,35.6102],[-78.9161,35.5841]],[[-78.593,35.406],[-78.6606,35.4962],[-78.6822,35.5067],[-78.593,35.406]],[[-78.5356,35.3414],[-78.5352,35.345],[-78.5452,35.3523],[-78.5356,35.3414]],[[-78.6171,35.2457],[-78.6332,35.2137],[-78.5846,35.2733],[-78.6171,35.2457]],[[-79.1002,35.1947],[-79.0985,35.1816],[-79.0958,35.1921],[-79.1002,35.1947]],[[-78.8544,34.7357],[-78.902,34.8353],[-78.9408,34.9034],[-78.8544,34.7357]],[[-78.847,34.506],[-78.8444,34.5081],[-78.8628,34.5604],[-78.847,34.506]],[[-78.9074,34.4557],[-78.869,34.4848],[-78.8658,34.4831],[-78.8687,34.4864],[-78.9074,34.4557]],[[-81.2597,36.3678],[-81.2435,36.3661],[-81.2721,36.4468],[-81.2471,36.3757],[-81.2597,36.3678]],[[-80.9067,35.5148],[-80.2954,35.5029],[-80.1834,35.5041],[-80.9067,35.5148]],[[-80.9579,35.4946],[-80.9555,35.5325],[-80.9635,35.506],[-80.9486,35.4718],[-80.9473,35.4885],[-80.9067,35.5148],[-80.9579,35.4946]],[[-80.9506,35.4451],[-80.9621,35.3921],[-80.9544,35.3962],[-80.9506,35.4451]],[[-80.9823,35.3687],[-80.9827,35.3695],[-80.9837,35.3684],[-80.9823,35.3687]],[[-80.9795,35.3393],[-80.923,35.3599],[-80.9727,35.3503],[-80.9795,35.3393]],[[-81.0151,35.2687],[-80.9952,35.3144],[-81.0009,35.3054],[-81.0151,35.2687]],[[-81.0058,35.157],[-81.0067,35.1677],[-81.0105,35.156],[-81.0058,35.157]],[[-82.899,35.6859],[-82.8517,35.6173],[-82.8839,35.6782],[-82.899,35.6859]],[[-82.7701,35.5729],[-82.7684,35.56],[-82.7659,35.5676],[-82.7701,35.5729]],[[-82.7982,35.4698],[-82.7817,35.4395],[-82.76,35.4297],[-82.7982,35.4698]],[[-82.7525,35.4263],[-82.7451,35.423],[-82.6732,35.4595],[-82.7525,35.4263]],[[-82.2463,35.4678],[-82.2425,35.4678],[-82.2243,35.4983],[-82.2463,35.4678]],[[-82.2315,35.5199],[-82.163,35.5245],[-82.1693,35.5278],[-82.2315,35.5199]],[[-81.8143,35.5803],[-81.7988,35.58],[-81.7534,35.6136],[-81.8143,35.5803]],[[-81.692,35.58],[-81.7029,35.3573],[-81.6902,35.5821],[-81.7534,35.6136],[-81.692,35.58]],[[-81.5347,35.5676],[-81.5519,35.5639],[-81.5225,35.5594],[-81.5347,35.5676]],[[-83.8361,35.2548],[-83.8452,35.2552],[-83.9671,35.2179],[-83.8361,35.2548]],[[-83.7555,35.2431],[-83.7354,35.25],[-83.8191,35.254],[-83.7555,35.2431]],[[-83.6905,35.2348],[-83.7027,35.2485],[-83.7041,35.2485],[-83.6905,35.2348]],[[-83.6756,35.2798],[-83.6803,35.2794],[-83.7027,35.2485],[-83.6756,35.2798]],[[-83.3609,35.423],[-83.347,35.4677],[-83.3517,35.4681],[-83.3609,35.423]],[[-83.1863,35.5144],[-83.2364,35.5245],[-83.1415,35.4935],[-83.1842,35.5107],[-83.156,35.5539],[-83.1863,35.5144]],[[-82.9209,35.292],[-82.9196,35.2924],[-82.9647,35.3153],[-82.9209,35.292]],[[-82.7715,35.3912],[-82.7878,35.381],[-82.8316,35.3186],[-82.7715,35.3912]],[[-83.3212,35.312],[-83.3396,35.331],[-83.3186,35.2889],[-83.3212,35.312]],[[-83.2871,35.2341],[-83.2961,35.2437],[-83.2912,35.2338],[-83.2871,35.2341]],[[-82.3104,35.3147],[-82.2731,35.3744],[-82.3461,35.286],[-82.3104,35.3147]],[[-82.2655,35.4002],[-82.2613,35.3932],[-82.228,35.3985],[-82.2655,35.4002]],[[-81.5092,35.5504],[-81.5152,35.5544],[-81.513,35.5233],[-81.5092,35.5504]],[[-81.4588,35.4237],[-81.4558,35.4201],[-81.513,35.5233],[-81.4588,35.4237]],[[-83.8097,35.4441],[-83.9083,35.4665],[-83.8646,35.4483],[-83.8097,35.4441]],[[-83.6187,35.3484],[-83.5933,35.3767],[-83.5909,35.3953],[-83.6187,35.3484]],[[-82.1501,35.8415],[-82.1439,35.8337],[-82.1457,35.932],[-82.1501,35.8415]],[[-82.1344,35.8217],[-82.1302,35.8253],[-82.1371,35.8252],[-82.1344,35.8217]],[[-81.9546,35.9266],[-81.9595,35.9355],[-81.982,35.9114],[-81.9546,35.9266]],[[-81.8207,35.965],[-81.8085,35.9597],[-81.7357,36.0676],[-81.8072,35.962],[-81.8207,35.965]],[[-81.8105,36.1115],[-81.8115,36.1115],[-81.7357,36.0676],[-81.8105,36.1115]],[[-81.7756,35.9269],[-81.7525,35.9244],[-81.7779,35.9398],[-81.7756,35.9269]],[[-81.3992,35.7586],[-81.3905,35.7608],[-81.446,35.7852],[-81.3992,35.7586]],[[-81.3674,35.7669],[-81.361,35.7745],[-81.3717,35.7657],[-81.3674,35.7669]],[[-81.1476,35.8263],[-81.1496,35.829],[-81.2994,35.8025],[-81.1476,35.8263]],[[-81.1286,35.7898],[-81.1113,35.779],[-81.1369,35.8123],[-81.1286,35.7898]],[[-82.3942,35.8174],[-82.4088,35.8192],[-82.4232,35.8139],[-82.3942,35.8174]],[[-82.3489,35.8117],[-82.3507,35.8119],[-82.3485,35.8101],[-82.3489,35.8117]],[[-82.2949,35.6839],[-82.2754,35.7044],[-82.2572,35.6993],[-82.2773,35.7122],[-82.2949,35.6839]],[[-82.1595,35.7843],[-82.1938,35.7351],[-82.1605,35.7743],[-82.1595,35.7843]],[[-81.0671,35.7368],[-81.0809,35.7498],[-81.0602,35.7103],[-81.0671,35.7368]],[[-81.0018,35.7082],[-81.0042,35.7082],[-80.9863,35.6905],[-81.0018,35.7082]],[[-80.9395,35.5992],[-80.9255,35.6209],[-80.9435,35.6049],[-80.9395,35.5992]],[[-80.9515,35.5803],[-80.9507,35.5816],[-80.9513,35.5813],[-80.9515,35.5803]],[[-82.4228,35.8657],[-82.4236,35.8694],[-82.4487,35.8969],[-82.4228,35.8657]],[[-81.2026,36.0362],[-81.2344,36.0308],[-81.0981,36.0282],[-81.2026,36.0362]],[[-81.3277,35.9968],[-81.3435,36.0228],[-81.3283,35.9966],[-81.3277,35.9968]],[[-81.2685,36.025],[-81.309,36.0039],[-81.2412,36.0296],[-81.2685,36.025]],[[-81.9112,36.2293],[-81.8937,36.2638],[-81.8972,36.2671],[-81.9112,36.2293]],[[-81.9025,36.209],[-81.9011,36.2056],[-81.8854,36.1895],[-81.9025,36.209]],[[-80.0452,35.9696],[-80.0668,35.5062],[-80.0469,35.9207],[-80.0452,35.9696]],[[-79.2942,35.5496],[-79.2895,35.5466],[-79.2846,35.555],[-79.2942,35.5496]],[[-79.2676,35.5327],[-79.2422,35.569],[-79.2446,35.5693],[-79.2676,35.5327]],[[-80.2768,35.1957],[-80.2531,35.2109],[-80.3576,35.1649],[-80.2768,35.1957]],[[-80.1148,35.1943],[-80.0697,35.1153],[-80.0652,35.1128],[-80.0754,35.1431],[-80.1148,35.1943]],[[-79.6614,35.1677],[-79.6421,35.1577],[-79.6208,35.1623],[-79.6233,35.1644],[-79.6614,35.1677]],[[-79.58,35.098],[-79.5748,35.124],[-79.5849,35.1325],[-79.58,35.098]],[[-79.5759,35.0699],[-79.5702,35.0695],[-79.577,35.0773],[-79.5759,35.0699]],[[-79.361,34.9576],[-79.4588,35.0436],[-79.3592,34.9494],[-79.361,34.9576]],[[-80.0507,35.105],[-80.0229,35.09],[-80.0045,35.0873],[-80.0507,35.105]],[[-79.9993,35.0865],[-79.9929,35.0856],[-79.9705,35.1039],[-79.9993,35.0865]],[[-79.9461,35.1186],[-79.9538,35.1139],[-79.924,35.1154],[-79.9461,35.1186]],[[-79.1057,35.198],[-79.1598,35.2303],[-79.1516,35.214],[-79.1057,35.198]],[[-80.5167,36.084],[-80.4963,36.0465],[-80.6914,36.0512],[-80.4872,36.0432],[-80.4788,36.0502],[-80.4931,36.044],[-80.5167,36.084]],[[-80.4185,36.0164],[-80.4592,36.0586],[-80.4597,36.0584],[-80.4185,36.0164]],[[-80.4225,35.9896],[-80.4111,35.9826],[-80.4185,36.0164],[-80.4225,35.9896]],[[-80.4068,35.98],[-80.3929,35.9714],[-80.3649,35.9837],[-80.4068,35.98]],[[-80.4506,35.766],[-80.4588,35.7432],[-80.4534,35.7345],[-80.4506,35.766]],[[-80.3742,35.9531],[-80.3768,35.9557],[-80.3652,35.8934],[-80.3742,35.9531]],[[-80.416,35.8833],[-80.4129,35.8814],[-80.3652,35.8934],[-80.416,35.8833]],[[-80.3884,35.8455],[-80.3897,35.8676],[-80.3936,35.8466],[-80.3884,35.8455]],[[-80.466,35.8113],[-80.4874,35.8336],[-80.4673,35.8086],[-80.466,35.8113]],[[-80.4396,36.1386],[-80.5065,36.1086],[-80.4394,36.1369],[-80.4396,36.1386]],[[-80.4374,36.2295],[-80.4377,36.2136],[-80.4322,36.218],[-80.4374,36.2295]],[[-79.2682,35.9092],[-79.2373,35.8442],[-79.2495,35.8768],[-79.0185,35.8634],[-79.256,35.8863],[-79.2682,35.9092]],[[-78.4658,36.1732],[-78.5083,36.183],[-78.4966,36.1752],[-78.4658,36.1732]],[[-78.3781,36.2351],[-78.4205,36.1702],[-78.4121,36.1696],[-78.3781,36.2351]],[[-78.2772,36.3061],[-78.3381,36.2344],[-78.307,36.2662],[-78.2772,36.3061]],[[-77.819,36.5007],[-77.8549,36.5023],[-77.7679,36.48],[-77.819,36.5007]],[[-77.3284,36.1919],[-77.3836,36.209],[-77.3181,36.1817],[-77.3284,36.1919]],[[-77.2982,36.2077],[-77.3008,36.1745],[-77.2919,36.1708],[-77.2982,36.2077]],[[-77.2416,36.111],[-77.2477,36.1147],[-77.2495,36.1138],[-77.2416,36.111]],[[-77.2306,36.1043],[-77.2338,36.1063],[-77.3132,36.0892],[-77.2306,36.1043]],[[-77.4026,36.005],[-77.3201,36.0674],[-77.3132,36.0892],[-77.4026,36.005]],[[-76.8348,35.8829],[-76.8331,35.8522],[-76.8299,35.8819],[-76.8348,35.8829]],[[-76.7578,35.8677],[-76.7913,35.8743],[-76.7622,35.8654],[-76.7578,35.8677]],[[-76.7833,35.8467],[-76.7815,35.8506],[-76.7835,35.8492],[-76.7833,35.8467]],[[-76.9858,35.6588],[-76.8473,35.72],[-76.8446,35.7057],[-76.793,35.7899],[-76.8313,35.7307],[-76.9858,35.6588]],[[-77.2598,35.7652],[-77.1787,35.7394],[-77.1703,35.719],[-77.1609,35.7359],[-77.2598,35.7652]],[[-77.1671,35.4969],[-77.1762,35.5191],[-77.1744,35.4709],[-77.1671,35.4969]],[[-77.1891,35.4184],[-77.1856,35.4309],[-77.1997,35.4],[-77.1891,35.4184]],[[-76.8453,35.2161],[-76.9588,35.301],[-76.8959,35.2539],[-76.8453,35.2161]],[[-77.1958,34.8094],[-77.1562,34.7655],[-77.127,34.7578],[-77.1707,34.784],[-77.1958,34.8094]],[[-77.1106,34.695],[-77.1066,34.7123],[-77.127,34.7578],[-77.1106,34.695]],[[-77.9297,35.1736],[-77.8971,35.1484],[-77.8939,35.1499],[-77.9297,35.1736]],[[-77.5272,35.243],[-77.4577,35.2207],[-77.4737,35.229],[-77.5272,35.243]],[[-77.1138,35.0679],[-77.0989,35.0272],[-77.1096,35.0685],[-77.1138,35.0679]],[[-78.2722,34.5384],[-78.2553,34.5081],[-78.254,34.5074],[-78.2722,34.5384]],[[-78.2557,34.5566],[-78.2576,34.5609],[-78.2722,34.5384],[-78.2557,34.5566]],[[-78.127,34.6984],[-78.1565,34.6791],[-78.23,34.5849],[-78.127,34.6984]],[[-78.1124,34.7145],[-78.1137,34.7142],[-78.1137,34.713],[-78.1124,34.7145]],[[-78.0062,34.3195],[-78.0107,34.3218],[-78.0171,34.2928],[-78.0062,34.3195]],[[-78.2025,34.3533],[-78.1624,34.357],[-78.1357,34.3715],[-78.2025,34.3533]],[[-78.0289,34.3312],[-78.0308,34.3309],[-78.0212,34.3272],[-78.0289,34.3312]],[[-77.8111,34.358],[-77.7392,34.2928],[-77.7274,34.2948],[-77.8111,34.358]],[[-77.6545,34.9309],[-77.6801,34.7206],[-77.6511,34.9235],[-77.6545,34.9309]],[[-78.4498,34.8135],[-78.463,34.8225],[-78.39,34.7448],[-78.4498,34.8135]],[[-78.2676,34.584],[-78.3122,34.6127],[-78.2631,34.5736],[-78.2676,34.584]],[[-78.256,35.8181],[-78.2596,35.8262],[-78.4716,35.7049],[-78.256,35.8181]],[[-78.2327,35.7513],[-78.2015,35.7345],[-78.2366,35.7625],[-78.2327,35.7513]],[[-78.1613,35.7129],[-78.1906,35.7297],[-78.1917,35.7292],[-78.1613,35.7129]],[[-77.8284,35.8672],[-77.698,36.1531],[-77.8447,35.8376],[-77.8284,35.8672]],[[-77.6685,36.145],[-77.6757,36.1506],[-77.698,36.1531],[-77.6685,36.145]],[[-77.3566,35.3301],[-77.3504,35.3284],[-77.2943,35.3791],[-77.3566,35.3301]],[[-77.2453,35.3582],[-77.2495,35.3564],[-77.2467,35.355],[-77.2453,35.3582]],[[-77.2343,35.3912],[-77.2362,35.379],[-77.2305,35.3922],[-77.2343,35.3912]],[[-78.269,35.3228],[-78.2725,35.3196],[-78.1532,35.3507],[-78.269,35.3228]],[[-78.0648,35.5853],[-78.1549,35.4178],[-78.058,35.5978],[-78.0648,35.5853]],[[-77.8055,35.4075],[-77.8267,35.4241],[-77.8058,35.3916],[-77.8055,35.4075]],[[-77.8062,35.3688],[-77.8062,35.3723],[-77.8242,35.3438],[-77.8062,35.3688]],[[-77.4488,35.3008],[-77.4313,35.3298],[-77.4491,35.3018],[-77.4488,35.3008]],[[-77.4332,35.2523],[-77.427,35.2559],[-77.4464,35.2932],[-77.4332,35.2523]],[[-77.7486,35.6208],[-77.6947,35.6467],[-77.7004,35.6521],[-77.7486,35.6208]],[[-78.4269,35.975],[-78.6832,36.0745],[-78.699,36.074],[-78.4269,35.975]],[[-78.278,35.8673],[-78.2919,35.8755],[-78.2689,35.847],[-78.278,35.8673]],[[-77.4237,36.0052],[-77.4749,36.0378],[-77.4279,36.0053],[-77.4237,36.0052]],[[-76.737,35.8788],[-76.7156,35.9097],[-76.7474,35.8733],[-76.737,35.8788]],[[-76.406,35.6976],[-76.4763,35.6989],[-76.2692,35.6908],[-76.406,35.6976]],[[-76.5596,36.3511],[-76.4537,36.3781],[-76.5569,36.3552],[-76.5941,36.3248],[-76.5596,36.3511]],[[-76.4533,36.3775],[-76.4914,36.4686],[-76.4537,36.3781],[-76.4533,36.3775]],[[-76.64,36.3294],[-76.6509,36.323],[-76.6361,36.329],[-76.64,36.3294]],[[-76.5901,36.2389],[-76.5731,36.1118],[-76.5705,36.1111],[-76.5901,36.2389]],[[-76.3676,36.4314],[-76.3649,36.4311],[-76.3757,36.4366],[-76.3676,36.4314]]],[[[-77.1814,34.6207],[-77.2269,34.5967],[-77.2024,34.6128],[-77.1814,34.6207]]],[[[-77.1104,34.6451],[-77.1692,34.6224],[-77.1212,34.648],[-77.1104,34.6451]]],[[[-76.5287,34.6334],[-76.6655,34.6897],[-76.5893,34.672],[-76.5287,34.6334]]],[[[-77.0146,34.676],[-76.8222,34.7047],[-76.6969,34.7113],[-76.6778,34.6992],[-76.8474,34.6908],[-77.0985,34.6469],[-77.0146,34.676]]],[[[-76.5816,34.6991],[-76.5863,34.7139],[-76.5606,34.71],[-76.5257,34.6852],[-76.5816,34.6991]]],[[[-76.5195,34.7071],[-76.544,34.7012],[-76.5383,34.712],[-76.5195,34.7071]]],[[[-76.4026,34.7914],[-76.3373,34.8367],[-76.4881,34.671],[-76.5355,34.5916],[-76.5536,34.6232],[-76.5322,34.6105],[-76.5031,34.6725],[-76.4026,34.7914]]],[[[-76.3271,34.8451],[-76.1518,34.9868],[-76.0759,35.0699],[-76.0378,35.0619],[-76.3271,34.8451]]],[[[-75.9822,35.1204],[-75.9582,35.1154],[-75.7736,35.1873],[-76.0153,35.0707],[-75.9822,35.1204]]],[[[-76.2624,35.3139],[-76.2815,35.3173],[-76.2735,35.328],[-76.2624,35.3139]]],[[[-75.5218,35.2718],[-75.4714,35.6217],[-75.5234,35.7736],[-75.4859,35.6985],[-75.4606,35.577],[-75.5278,35.2277],[-75.6022,35.2326],[-75.7325,35.2004],[-75.681,35.2333],[-75.6772,35.2194],[-75.6413,35.2287],[-75.5955,35.2693],[-75.5218,35.2718]]],[[[-75.6634,35.8698],[-75.7268,35.9358],[-75.6911,35.9369],[-75.6451,35.9058],[-75.6168,35.8563],[-75.6205,35.8093],[-75.6751,35.8302],[-75.6601,35.8386],[-75.6634,35.8698]]]]}},{"type":"Feature","properties":{"StateFIPS":"05","state":"Arkansas"},"geometry":{"type":"Polygon","coordinates":[[[-92.9888,33.0173],[-94.043,33.0192],[-94.0434,33.5516],[-94.0004,33.5644],[-94.0619,33.5498],[-94.0737,33.5583],[-94.0561,33.5673],[-94.0826,33.5755],[-94.1199,33.567],[-94.1269,33.5506],[-94.1343,33.5692],[-94.1515,33.5684],[-94.1419,33.5796],[-94.1839,33.5947],[-94.2172,33.5807],[-94.1944,33.5737],[-94.1964,33.5551],[-94.2081,33.5669],[-94.2502,33.5568],[-94.2402,33.5895],[-94.2791,33.557],[-94.2909,33.5589],[-94.2891,33.5821],[-94.3096,33.5517],[-94.3455,33.5673],[-94.3559,33.5432],[-94.3895,33.5468],[-94.4016,33.5594],[-94.3796,33.5806],[-94.4132,33.5694],[-94.43,33.5911],[-94.4722,33.6042],[-94.4486,33.6428],[-94.4859,33.6379],[-94.4703,34.1902],[-94.4546,34.7289],[-94.4479,34.9341],[-94.4269,35.4127],[-94.4308,35.3935],[-94.6179,36.4994],[-90.1525,36.498],[-90.1588,36.4796],[-90.1422,36.4706],[-90.1558,36.4636],[-90.1415,36.463],[-90.1341,36.4366],[-90.1437,36.4244],[-90.0645,36.3821],[-90.082,36.3221],[-90.064,36.303],[-90.0837,36.2723],[-90.1149,36.2656],[-90.1264,36.2294],[-90.2293,36.1736],[-90.2356,36.1395],[-90.3192,36.09],[-90.386,35.9885],[-90.3873,35.9647],[-90.3779,35.9957],[-89.7331,36.0008],[-89.7185,35.9631],[-89.6443,35.9209],[-89.642,35.8956],[-89.6691,35.8745],[-89.7431,35.9112],[-89.7725,35.8651],[-89.6974,35.8367],[-89.6965,35.8206],[-89.7282,35.8027],[-89.7817,35.8052],[-89.7996,35.7883],[-89.799,35.7594],[-89.8255,35.7452],[-89.912,35.7583],[-89.9583,35.7266],[-89.9557,35.6901],[-89.9345,35.6649],[-89.8989,35.6509],[-89.8586,35.6689],[-89.8539,35.6383],[-89.9566,35.5906],[-89.942,35.5569],[-89.9107,35.5475],[-89.9089,35.5142],[-89.9587,35.5238],[-89.9585,35.5417],[-89.9894,35.56],[-90.0398,35.5471],[-90.0477,35.5026],[-90.0027,35.4305],[-90.0481,35.4117],[-90.0449,35.393],[-90.0695,35.4081],[-90.0678,35.4662],[-90.088,35.4786],[-90.1144,35.4725],[-90.1689,35.4219],[-90.1783,35.3821],[-90.1355,35.3767],[-90.1462,35.3995],[-90.1293,35.4138],[-90.0786,35.3806],[-90.11,35.305],[-90.1573,35.3015],[-90.1689,35.282],[-90.1521,35.256],[-90.1051,35.2544],[-90.0864,35.2382],[-90.0755,35.214],[-90.1174,35.1901],[-90.0687,35.156],[-90.0665,35.1368],[-90.0897,35.1181],[-90.1418,35.133],[-90.1674,35.1236],[-90.1812,35.0539],[-90.2073,35.0258],[-90.297,35.0382],[-90.3073,34.9919],[-90.2459,34.9487],[-90.2413,34.919],[-90.2579,34.8934],[-90.3177,34.8711],[-90.3027,34.8544],[-90.3113,34.8442],[-90.3384,34.8585],[-90.4079,34.8268],[-90.4387,34.8252],[-90.4497,34.8399],[-90.4294,34.8666],[-90.4401,34.8854],[-90.4813,34.8811],[-90.4554,34.8208],[-90.4765,34.7936],[-90.4484,34.7391],[-90.475,34.7239],[-90.5242,34.7314],[-90.4928,34.7725],[-90.5111,34.7983],[-90.5442,34.7917],[-90.5394,34.7553],[-90.5719,34.7128],[-90.5324,34.6962],[-90.4742,34.7053],[-90.4637,34.6926],[-90.4688,34.67],[-90.5245,34.6285],[-90.5541,34.6409],[-90.54,34.6768],[-90.5701,34.6934],[-90.5872,34.6109],[-90.5405,34.5579],[-90.5927,34.4906],[-90.5777,34.431],[-90.5862,34.4092],[-90.6585,34.3757],[-90.6614,34.3154],[-90.6931,34.3226],[-90.6786,34.3711],[-90.7573,34.3674],[-90.7687,34.3478],[-90.7352,34.3026],[-90.7529,34.2746],[-90.8296,34.2786],[-90.8471,34.2061],[-90.8966,34.2258],[-90.9063,34.2444],[-90.9355,34.2378],[-90.9255,34.207],[-90.8876,34.1824],[-90.8124,34.1808],[-90.8076,34.1618],[-90.8303,34.1398],[-90.91,34.1655],[-90.9586,34.1355],[-90.9556,34.1189],[-90.8711,34.0812],[-90.8963,34.0252],[-90.9882,34.0192],[-90.9615,33.9799],[-90.9709,33.9619],[-91.0001,33.9664],[-91.0189,34.0032],[-91.0487,33.9927],[-91.0862,34.0064],[-91.0878,33.9593],[-91.0102,33.9316],[-91.0698,33.8727],[-91.0702,33.8453],[-91.0491,33.816],[-90.9885,33.7845],[-91.0184,33.7641],[-91.1294,33.7837],[-91.1488,33.7314],[-91.1262,33.7092],[-91.0605,33.7151],[-91.0304,33.6878],[-91.0368,33.6713],[-91.0914,33.6578],[-91.1604,33.7066],[-91.2239,33.6937],[-91.2245,33.6652],[-91.16,33.6429],[-91.1295,33.6016],[-91.1715,33.5683],[-91.2424,33.5615],[-91.2458,33.5172],[-91.2338,33.5613],[-91.1826,33.4992],[-91.2352,33.439],[-91.1765,33.4446],[-91.168,33.4983],[-91.1212,33.4675],[-91.1319,33.4301],[-91.2087,33.4087],[-91.1663,33.3797],[-91.1138,33.3931],[-91.087,33.4513],[-91.0598,33.4503],[-91.0644,33.4185],[-91.1422,33.349],[-91.1416,33.2995],[-91.1008,33.2383],[-91.0785,33.2833],[-91.0436,33.2746],[-91.0707,33.2273],[-91.1003,33.2194],[-91.0808,33.1822],[-91.0857,33.1372],[-91.1281,33.1289],[-91.1837,33.1417],[-91.202,33.1231],[-91.196,33.1046],[-91.1246,33.0641],[-91.1283,33.0343],[-91.1661,33.0043],[-92.069,33.0082],[-92.9888,33.0173]],[[-94.0897,34.1866],[-94.2438,34.1925],[-94.4703,34.1902],[-94.0897,34.1866]],[[-90.4004,35.1482],[-90.4085,34.904],[-90.4079,34.8268],[-90.4004,35.1482]],[[-91.11,34.119],[-91.1176,34.1124],[-90.9556,34.1189],[-91.11,34.119]],[[-91.4535,33.5637],[-91.4503,33.7805],[-91.4604,33.0059],[-91.4535,33.5637]],[[-91.5577,33.7833],[-91.9759,33.7917],[-91.4503,33.7805],[-91.5577,33.7833]],[[-91.9764,33.9773],[-91.9759,33.7307],[-91.9759,33.7917],[-91.9764,33.9773]],[[-92.9514,35.725],[-92.9446,36.1152],[-92.9447,36.1152],[-92.9514,35.725]],[[-93.3148,35.3327],[-93.2883,35.318],[-93.2989,35.3271],[-93.3148,35.3327]],[[-92.9009,35.17],[-92.9312,35.164],[-92.8551,35.1738],[-93.0066,35.1676],[-92.9009,35.17]],[[-93.0692,35.0626],[-93.0748,35.0559],[-93.0639,35.0625],[-93.0692,35.0626]],[[-93.0928,35.034],[-93.0873,35.0339],[-93.0872,35.0408],[-93.0928,35.034]],[[-93.1814,34.9763],[-93.1926,34.9649],[-93.1602,34.9838],[-93.1814,34.9763]],[[-93.2095,34.9477],[-93.2005,34.9476],[-93.2002,34.9571],[-93.2095,34.9477]],[[-93.2242,34.9327],[-93.2175,34.9327],[-93.2174,34.9396],[-93.2242,34.9327]],[[-93.3057,34.8755],[-93.2883,34.8753],[-93.2709,34.894],[-93.3057,34.8755]],[[-93.3945,34.7724],[-93.1437,34.7723],[-93.2878,34.7732],[-93.3945,34.7724]],[[-92.4735,34.947],[-92.5505,34.9558],[-92.5442,34.9529],[-92.4735,34.947]],[[-92.4646,34.8628],[-92.4568,34.8573],[-92.463,34.8676],[-92.4646,34.8628]],[[-92.1215,35.0125],[-92.1197,35.0666],[-92.1116,35.3618],[-92.1215,35.0125]],[[-91.9026,35.0277],[-91.8853,35.0282],[-91.9285,35.0391],[-91.9026,35.0277]],[[-91.8025,35.0307],[-91.7015,35.063],[-91.8469,35.0294],[-91.8025,35.0307]],[[-91.5158,34.1455],[-91.5141,34.1458],[-91.5365,34.2231],[-91.5158,34.1455]],[[-91.4435,34.1064],[-91.4461,34.128],[-91.4501,34.1279],[-91.4435,34.1064]],[[-91.4623,34.0855],[-91.4451,34.0806],[-91.4366,34.05],[-91.4408,34.0842],[-91.4623,34.0855]],[[-91.6668,34.1506],[-91.6489,34.1382],[-91.64,34.1369],[-91.6668,34.1506]],[[-91.7167,34.1762],[-91.7274,34.1753],[-91.7141,34.1748],[-91.7167,34.1762]],[[-91.9537,34.0642],[-91.953,33.9772],[-91.9537,34.0934],[-91.9537,34.0642]],[[-92.2333,34.0624],[-92.4716,34.0571],[-91.9537,34.0642],[-92.2333,34.0624]],[[-92.002,33.4155],[-91.9869,33.3872],[-91.9599,33.379],[-91.9902,33.3983],[-91.9956,33.4415],[-92.002,33.4155]],[[-91.9852,33.303],[-91.9773,33.3024],[-91.9783,33.3062],[-91.9852,33.303]],[[-92.0284,33.2828],[-92.0058,33.2825],[-92.003,33.2947],[-92.0284,33.2828]],[[-92.0421,33.2764],[-92.0447,33.2566],[-92.0321,33.281],[-92.0421,33.2764]],[[-92.074,33.2501],[-92.0828,33.2374],[-92.0447,33.2566],[-92.074,33.2501]],[[-92.1723,33.1646],[-92.1341,33.1609],[-92.1375,33.1629],[-92.1723,33.1646]],[[-92.1169,33.1338],[-92.1083,33.1458],[-92.1137,33.1489],[-92.1169,33.1338]],[[-94.4206,35.4434],[-94.4217,35.4378],[-94.4017,35.4456],[-94.4206,35.4434]],[[-94.3838,35.4477],[-94.3875,35.4473],[-94.3384,35.4112],[-94.3838,35.4477]],[[-94.0395,35.4645],[-94.077,35.4452],[-94.0744,35.445],[-94.0395,35.4645]],[[-93.8972,35.7522],[-93.9019,35.7452],[-93.8929,35.7451],[-93.8972,35.7522]],[[-93.9108,35.7598],[-94.1243,35.7648],[-94.1245,35.7594],[-93.9016,35.7594],[-93.9106,35.7743],[-93.9108,35.7598]],[[-93.6891,35.377],[-93.71,35.3752],[-93.7502,35.3648],[-93.6891,35.377]],[[-93.5261,35.4117],[-93.613,35.3821],[-93.6087,35.3804],[-93.5261,35.4117]],[[-93.4444,35.43],[-93.4982,35.3955],[-93.4386,35.4268],[-93.4444,35.43]],[[-93.4231,35.4184],[-93.4322,35.4233],[-93.4248,35.4073],[-93.4231,35.4184]],[[-93.4194,35.3296],[-93.4199,35.3307],[-93.4218,35.3294],[-93.4194,35.3296]],[[-93.3342,35.3395],[-93.3602,35.3355],[-93.331,35.3383],[-93.3342,35.3395]],[[-92.8975,33.8084],[-92.6578,33.8037],[-92.9045,33.8127],[-92.8975,33.8084]],[[-92.9349,33.8119],[-92.9252,33.8177],[-92.9316,33.8192],[-92.9349,33.8119]],[[-92.9928,33.7774],[-92.973,33.7892],[-93.0311,33.7698],[-92.9928,33.7774]],[[-93.119,33.3803],[-93.1044,33.7771],[-93.1163,33.4529],[-93.119,33.3803]],[[-93.2211,33.4551],[-93.2212,33.4494],[-93.1163,33.4529],[-93.2211,33.4551]],[[-93.8207,34.1838],[-93.8316,33.7482],[-93.8231,34.0089],[-93.8207,34.1838]],[[-93.9589,33.7511],[-94.0418,33.7533],[-93.8316,33.7482],[-93.9589,33.7511]],[[-93.5289,33.944],[-93.4598,33.9606],[-93.4777,33.9613],[-93.5289,33.944]],[[-93.4567,33.9568],[-93.3735,33.9571],[-93.457,33.9605],[-93.4839,33.4474],[-93.4567,33.9568]],[[-93.3736,33.9576],[-93.3832,33.9928],[-93.4138,34.0271],[-93.3736,33.9576]],[[-93.4441,34.0797],[-93.4361,34.0658],[-93.451,34.1268],[-93.4441,34.0797]],[[-93.4524,34.136],[-93.4442,34.1483],[-93.4604,34.1905],[-93.4524,34.136]],[[-93.4785,34.3408],[-93.4571,34.3405],[-93.9354,34.3502],[-93.4785,34.3408]],[[-93.8512,33.6094],[-93.8601,33.6107],[-93.864,33.6075],[-93.8512,33.6094]],[[-93.8263,33.6131],[-93.8442,33.6145],[-93.8378,33.6114],[-93.8263,33.6131]],[[-93.8178,33.6092],[-93.8171,33.6123],[-93.8194,33.6125],[-93.8178,33.6092]],[[-93.8274,33.5761],[-93.8255,33.5752],[-93.8242,33.5809],[-93.8274,33.5761]],[[-93.8098,33.5462],[-93.8045,33.5482],[-93.8009,33.5648],[-93.8098,33.5462]],[[-93.7646,33.5153],[-93.7477,33.5276],[-93.7475,33.5344],[-93.7646,33.5153]],[[-93.8486,33.1402],[-93.8629,33.0943],[-93.8432,33.1397],[-93.8486,33.1402]],[[-93.8155,33.1369],[-93.8188,33.1372],[-93.8162,33.1358],[-93.8155,33.1369]],[[-93.7296,33.2755],[-93.7084,33.2527],[-93.7256,33.2812],[-93.7296,33.2755]],[[-93.7208,33.2883],[-93.7244,33.283],[-93.6894,33.278],[-93.7208,33.2883]],[[-93.7053,33.3392],[-93.6649,33.3295],[-93.706,33.343],[-93.7053,33.3392]],[[-93.7082,33.3533],[-93.7072,33.3487],[-93.7035,33.3565],[-93.7082,33.3533]],[[-93.7054,33.3806],[-93.6718,33.3778],[-93.6867,33.3887],[-93.7054,33.3806]],[[-93.7235,33.3822],[-93.7194,33.3818],[-93.7196,33.383],[-93.7235,33.3822]],[[-94.0501,33.8849],[-94.0489,33.8822],[-94.0228,33.8742],[-94.0501,33.8849]],[[-93.9732,34.6821],[-94.0352,34.6929],[-94.3176,34.6975],[-93.9732,34.6821]],[[-93.9302,34.666],[-93.8793,34.6656],[-93.93,34.6745],[-93.9302,34.666]],[[-94.0289,35.2142],[-94.0312,35.1409],[-94.0281,35.2313],[-94.0289,35.2142]],[[-94.056,35.2034],[-94.047,35.1995],[-94.0468,35.207],[-94.056,35.2034]],[[-94.0822,35.2148],[-94.0646,35.2071],[-94.0643,35.2145],[-94.0822,35.2148]],[[-93.6117,36.1866],[-93.6183,36.2589],[-93.6201,36.2012],[-93.6117,36.1866]],[[-93.8151,36.3066],[-93.869,36.3074],[-93.6576,36.303],[-93.8239,36.3125],[-93.8151,36.3066]],[[-92.6672,33.3576],[-92.6627,33.3562],[-92.65,33.3593],[-92.6672,33.3576]],[[-92.5691,33.37],[-92.57,33.3669],[-92.534,33.3563],[-92.5691,33.37]],[[-92.4884,33.3251],[-92.459,33.3187],[-92.4784,33.3274],[-92.4884,33.3251]],[[-92.357,33.2943],[-92.3593,33.2825],[-92.3563,33.2948],[-92.357,33.2943]],[[-92.3547,33.3013],[-92.3538,33.3051],[-92.3787,33.3148],[-92.3547,33.3013]],[[-92.311,33.4999],[-92.3249,33.6452],[-92.3292,33.6124],[-92.311,33.4999]],[[-92.2243,33.2117],[-92.2124,33.2233],[-92.2151,33.2243],[-92.2243,33.2117]],[[-92.4936,34.1443],[-92.6784,34.1496],[-92.6787,34.1497],[-92.4936,34.1443]],[[-92.3316,33.7164],[-92.3352,33.76],[-92.3416,33.7459],[-92.3316,33.7164]],[[-92.5853,33.7365],[-92.5831,33.8017],[-92.5867,33.7344],[-92.5853,33.7365]],[[-92.6526,33.6608],[-92.6065,33.7057],[-92.5946,33.7229],[-92.6526,33.6608]],[[-92.7236,33.6519],[-92.7248,33.6484],[-92.6526,33.6608],[-92.7236,33.6519]],[[-92.7697,33.5466],[-92.7149,33.5566],[-92.7651,33.5532],[-92.7697,33.5466]],[[-92.7594,33.5305],[-92.7723,33.5429],[-92.7763,33.5372],[-92.7594,33.5305]],[[-92.7217,33.4839],[-92.7213,33.4886],[-92.7354,33.4865],[-92.7217,33.4839]],[[-92.6405,33.3984],[-92.634,33.4115],[-92.6454,33.398],[-92.6405,33.3984]],[[-92.4034,34.4957],[-92.208,34.4928],[-91.8489,34.4856],[-92.2458,34.4936],[-92.4034,34.4957]],[[-91.8514,35.8622],[-91.8495,35.8673],[-91.8519,35.8681],[-91.8514,35.8622]],[[-91.7936,35.5341],[-91.7896,35.7118],[-91.796,35.4556],[-91.7936,35.5341]],[[-92.4116,36.0628],[-92.4116,36.0597],[-92.4091,36.1347],[-92.4116,36.0628]],[[-92.1573,36.2613],[-92.1599,36.1738],[-92.1569,36.2612],[-92.1318,36.2608],[-92.1573,36.2613]],[[-92.1906,36.1069],[-92.1837,36.1079],[-92.1956,36.133],[-92.1906,36.1069]],[[-92.4849,35.2755],[-92.4815,35.3684],[-92.4797,35.4556],[-92.4849,35.2755]],[[-92.5595,35.114],[-92.5544,35.1134],[-92.543,35.1261],[-92.5595,35.114]],[[-92.5052,35.1543],[-92.5217,35.1146],[-92.5058,35.1397],[-92.5052,35.1543]],[[-92.5282,35.1895],[-92.5048,35.1665],[-92.5044,35.1754],[-92.5282,35.1895]],[[-92.5928,34.9881],[-92.5844,34.9715],[-92.5682,34.964],[-92.5928,34.9881]],[[-92.5433,35.0602],[-92.5992,35.0007],[-92.5963,34.995],[-92.5433,35.0602]],[[-92.2111,35.7121],[-92.4184,35.716],[-92.2408,35.7121],[-92.2111,35.7121]],[[-92.5907,36.3518],[-92.5331,36.3866],[-92.5951,36.3559],[-92.5907,36.3518]],[[-92.5295,36.3485],[-92.589,36.3503],[-92.5807,36.3426],[-92.5295,36.3485]],[[-91.2632,34.5277],[-91.3015,34.5353],[-91.2635,34.5259],[-91.2632,34.5277]],[[-91.2521,34.4891],[-91.2547,34.492],[-91.2543,34.4894],[-91.2521,34.4891]],[[-91.0027,34.3364],[-91.1078,34.3534],[-91.0563,34.3367],[-91.0027,34.3364]],[[-91.4223,33.9985],[-91.422,34.0101],[-91.4265,34.0138],[-91.4223,33.9985]],[[-91.165,33.9259],[-91.1642,33.9213],[-91.1408,33.9279],[-91.165,33.9259]],[[-91.2302,33.9778],[-91.2382,33.9449],[-91.2325,33.946],[-91.2302,33.9778]],[[-91.3254,34.0091],[-91.312,33.9746],[-91.3194,34.0061],[-91.3254,34.0091]],[[-91.337,34.0119],[-91.3334,34.0132],[-91.3386,34.0158],[-91.337,34.0119]],[[-91.5845,35.4423],[-91.35,35.4391],[-91.3503,35.4448],[-91.5845,35.4423]],[[-91.2516,35.3576],[-91.0402,35.3543],[-91.0402,35.3543],[-91.2516,35.3576]],[[-91.6402,35.027],[-91.6248,35.0266],[-91.6466,35.0369],[-91.6402,35.027]],[[-91.1497,35.0025],[-91.0454,35.001],[-91.2374,35.0043],[-91.1497,35.0025]],[[-91.0426,35.1482],[-91.0416,35.2361],[-91.0454,35.001],[-91.0426,35.1482]],[[-91.3864,34.902],[-91.3812,34.8982],[-91.3783,34.9015],[-91.3864,34.902]],[[-91.3512,35.4147],[-91.3485,35.4125],[-91.3493,35.4266],[-91.3512,35.4147]],[[-91.38,35.1951],[-91.3771,35.1957],[-91.3933,35.2232],[-91.38,35.1951]],[[-91.4295,35.1396],[-91.4552,35.1632],[-91.4631,35.1611],[-91.4295,35.1396]],[[-91.4513,35.0954],[-91.4353,35.1023],[-91.4526,35.1016],[-91.4513,35.0954]],[[-91.2115,35.8825],[-91.0596,35.8846],[-91.2028,35.8875],[-91.2115,35.8825]],[[-90.8548,35.9562],[-90.8722,35.9244],[-90.8729,35.8809],[-90.8548,35.9562]],[[-91.2184,35.8785],[-91.2174,35.8493],[-91.2161,35.8798],[-91.2184,35.8785]],[[-91.2585,36.3309],[-91.2593,36.2435],[-91.2589,36.2579],[-91.2585,36.3309]],[[-91.0829,36.1508],[-91.1359,36.1651],[-91.1329,36.1606],[-91.0829,36.1508]],[[-90.8098,36.1497],[-91.0549,36.1515],[-90.7475,36.1491],[-90.8098,36.1497]],[[-90.8067,36.267],[-90.8062,36.2881],[-90.8098,36.1497],[-90.8067,36.267]],[[-90.8581,35.9935],[-90.8446,35.9796],[-90.8423,35.9832],[-90.8581,35.9935]]]}},{"type":"Feature","properties":{"StateFIPS":"42","state":"Pennsylvania"},"geometry":{"type":"Polygon","coordinates":[[[-75.7738,39.7222],[-80.5193,39.7214],[-80.5194,41.9772],[-80.1881,42.0943],[-80.1043,42.1701],[-80.0701,42.1711],[-80.0784,42.1529],[-80.0611,42.1449],[-79.762,42.2699],[-79.7614,41.9991],[-76.9271,42.0017],[-75.4831,41.9993],[-75.3466,41.9953],[-75.3395,41.9708],[-75.2791,41.9389],[-75.2578,41.8622],[-75.1706,41.8716],[-75.1615,41.8498],[-75.1188,41.8458],[-75.1133,41.8228],[-75.0722,41.8137],[-75.1046,41.7742],[-75.0534,41.7525],[-75.0497,41.7151],[-75.0688,41.7082],[-75.0527,41.6884],[-75.0442,41.618],[-75.0746,41.6079],[-75.1862,41.4428],[-75.0697,41.6017],[-75.0185,41.5518],[-75.023,41.5331],[-75.0037,41.5111],[-74.9844,41.5066],[-74.9817,41.4799],[-74.9125,41.4756],[-74.8904,41.4553],[-74.8939,41.4389],[-74.8286,41.4307],[-74.8057,41.4421],[-74.7904,41.4217],[-74.7409,41.4312],[-74.7361,41.3984],[-74.6898,41.3616],[-74.7921,41.3225],[-74.8384,41.2773],[-74.9053,41.1557],[-75.0088,41.0866],[-74.9671,41.0943],[-75.0131,41.0665],[-75.0271,41.0395],[-75.1306,40.9911],[-75.1295,40.9648],[-75.0508,40.8681],[-75.0635,40.8495],[-75.0958,40.8471],[-75.0839,40.8245],[-75.1085,40.7911],[-75.1344,40.7738],[-75.1716,40.7777],[-75.1965,40.7516],[-75.1825,40.7299],[-75.2039,40.6915],[-75.1775,40.6726],[-75.2005,40.6469],[-75.1867,40.5694],[-75.1173,40.5732],[-75.0686,40.5422],[-75.0588,40.4181],[-74.9681,40.3991],[-74.9397,40.338],[-74.8682,40.2952],[-74.8423,40.2505],[-74.7717,40.2153],[-74.7221,40.1503],[-74.7821,40.1208],[-74.8225,40.1268],[-74.8598,40.0849],[-74.9737,40.0482],[-75.0471,40.0099],[-75.0756,39.978],[-75.1301,39.9587],[-75.1279,39.9118],[-75.1437,39.885],[-75.3418,39.8461],[-75.4151,39.8019],[-75.4988,39.8333],[-75.5948,39.8373],[-75.7012,39.8026],[-75.7738,39.7222]],[[-79.6121,41.8503],[-79.6131,41.6287],[-79.6108,41.999],[-79.6121,41.8503]],[[-77.5981,41.4786],[-77.5973,41.4411],[-77.5993,41.5423],[-77.61,41.9995],[-77.5981,41.4786]],[[-78.0504,41.4755],[-77.9892,41.4748],[-77.5981,41.4786],[-78.0504,41.4755]],[[-76.1152,41.6518],[-76.198,41.6478],[-76.1145,41.6469],[-76.1455,41.9989],[-76.1152,41.6518]],[[-75.333,40.5368],[-75.3602,40.5161],[-75.1968,40.6086],[-75.333,40.5368]],[[-78.6467,41.2538],[-78.0934,41.2169],[-78.2368,41.2305],[-78.6467,41.2538]],[[-78.8052,40.906],[-78.8024,40.8164],[-78.8045,41.1323],[-78.8052,40.906]],[[-78.7993,40.721],[-78.3487,40.7234],[-78.7995,40.7246],[-78.7993,40.721]],[[-78.1176,40.7391],[-78.1318,40.743],[-78.36,40.7363],[-78.3573,40.7333],[-78.1176,40.7391]],[[-77.3541,40.7017],[-77.3566,40.8073],[-77.3642,40.8469],[-77.3541,40.7017]],[[-77.2879,40.6936],[-77.1505,40.6771],[-77.3541,40.7017],[-77.2879,40.6936]],[[-76.9788,40.6223],[-76.9491,40.6282],[-76.8653,40.7046],[-76.9399,40.6381],[-76.9788,40.6223]],[[-76.7327,40.1227],[-76.7521,40.1752],[-76.7406,40.1279],[-76.6638,40.0632],[-76.7216,40.1201],[-76.6956,40.1541],[-76.7327,40.1227]],[[-78.6189,40.3265],[-78.6022,40.3536],[-78.6517,40.2815],[-78.6189,40.3265]],[[-78.2362,40.2245],[-78.0784,40.1332],[-78.2367,40.2264],[-78.2362,40.2245]],[[-79.6131,41.6239],[-79.6131,41.6238],[-79.6019,41.6239],[-79.6131,41.6239]],[[-79.4778,41.3865],[-79.4782,41.4401],[-79.4781,41.3357],[-79.4778,41.3865]],[[-79.2815,41.0104],[-79.2132,41.0474],[-79.2072,41.4309],[-79.2152,41.0505],[-79.2815,41.0104]],[[-79.0951,41.3407],[-79.1119,41.325],[-79.0925,41.3425],[-79.0951,41.3407]],[[-79.0754,41.3543],[-79.078,41.3526],[-79.0178,41.35],[-79.0754,41.3543]],[[-79.6684,40.68],[-79.6353,40.6582],[-79.644,40.6688],[-79.6684,40.68]],[[-79.5577,40.5616],[-79.5573,40.561],[-79.5459,40.5544],[-79.5577,40.5616]],[[-79.4306,40.489],[-79.3945,40.456],[-79.3864,40.4562],[-79.4306,40.489]],[[-79.3794,40.4564],[-79.3696,40.4566],[-79.3659,40.4775],[-79.3794,40.4564]],[[-79.0561,40.2849],[-78.9738,40.3954],[-79.1434,40.1786],[-79.0561,40.2849]],[[-80.0576,40.0048],[-80.0603,40.0095],[-80.0708,40.0018],[-80.0576,40.0048]],[[-80.0483,39.9785],[-80.0427,39.9791],[-80.0488,39.9897],[-80.0483,39.9785]],[[-79.9947,39.9856],[-79.998,39.9833],[-80.0053,39.9549],[-79.9947,39.9856]],[[-79.88,40.0283],[-79.8813,40.0309],[-79.9467,39.9942],[-79.88,40.0283]],[[-79.8892,40.0472],[-79.8905,40.0454],[-79.8869,40.0425],[-79.8892,40.0472]],[[-79.8637,40.0754],[-79.8533,40.0827],[-79.9014,40.0767],[-79.8637,40.0754]],[[-79.8393,40.0925],[-79.846,40.0994],[-79.8437,40.0894],[-79.8393,40.0925]],[[-79.3916,39.9195],[-79.2209,40.1127],[-79.2939,40.0404],[-79.3916,39.9195]],[[-78.7398,40.0696],[-78.6438,40.2591],[-78.6583,40.2432],[-78.7398,40.0696]],[[-79.9347,39.7648],[-79.9056,39.7393],[-79.9034,39.7431],[-79.9347,39.7648]],[[-79.9637,40.2233],[-79.9671,40.2286],[-79.9709,40.2269],[-79.9637,40.2233]],[[-79.8887,40.1947],[-79.9292,40.2062],[-79.9108,40.197],[-79.8533,40.1892],[-79.8714,40.1974],[-79.7826,40.2276],[-79.8887,40.1947]],[[-79.8583,40.1682],[-79.8529,40.1694],[-79.8533,40.1892],[-79.8583,40.1682]],[[-79.6981,40.6326],[-79.7734,40.5821],[-79.72,40.6095],[-79.6981,40.6326]],[[-79.6929,40.6693],[-79.6943,40.6366],[-79.6903,40.6409],[-79.6929,40.6693]],[[-80.1519,40.7362],[-80.1665,41.0009],[-80.1585,40.8551],[-80.1519,40.7362]],[[-80.0982,41.071],[-80.1473,41.1139],[-80.0983,41.0711],[-80.1665,41.0009],[-80.0982,41.071]],[[-79.6959,41.1774],[-79.695,41.1729],[-79.9998,41.1719],[-79.6893,41.1695],[-79.6801,41.0937],[-79.6815,41.1629],[-79.6959,41.1774]],[[-79.6235,40.9846],[-79.6187,40.9813],[-79.6189,40.986],[-79.6235,40.9846]],[[-79.6012,40.9693],[-79.5911,40.975],[-79.6087,40.9744],[-79.6012,40.9693]],[[-79.4306,40.9854],[-79.4123,41.0085],[-79.4431,40.9875],[-79.4306,40.9854]],[[-79.6969,41.1826],[-79.6654,41.189],[-79.6972,41.1846],[-79.6969,41.1826]],[[-77.1856,40.0295],[-77.1305,40.0667],[-77.1341,40.0684],[-77.1856,40.0295]],[[-77.7683,40.2041],[-77.8645,40.0616],[-77.8823,40.0423],[-77.8594,40.0652],[-77.7683,40.2041]],[[-77.6819,40.2808],[-77.703,40.2636],[-77.7683,40.2041],[-77.6819,40.2808]],[[-77.917,40.0047],[-77.921,40.0004],[-78.0027,39.8266],[-77.917,40.0047]],[[-76.9356,40.355],[-76.915,40.3285],[-76.9243,40.2896],[-76.9121,40.3255],[-76.9356,40.355]],[[-77.0123,40.364],[-77.0082,40.3584],[-76.9593,40.3578],[-77.0123,40.364]],[[-76.9295,40.1969],[-76.9189,40.1897],[-76.9133,40.1932],[-76.9295,40.1969]],[[-76.9121,40.2117],[-76.9213,40.2092],[-76.9295,40.1969],[-76.9121,40.2117]],[[-76.859,40.2263],[-76.8856,40.214],[-76.8483,40.2202],[-76.8704,40.2374],[-76.859,40.2263]],[[-77.7914,40.3679],[-77.8586,40.366],[-77.8186,40.3605],[-77.7914,40.3679]],[[-77.5994,40.3481],[-77.6382,40.3165],[-77.5323,40.376],[-77.5994,40.3481]],[[-77.2896,40.5185],[-77.4267,40.4532],[-77.1676,40.5595],[-77.2896,40.5185]],[[-77.4975,40.5817],[-77.4898,40.6127],[-77.4978,40.6095],[-77.4975,40.5817]],[[-76.8747,41.5969],[-76.2203,41.5413],[-76.2203,41.5413],[-76.8747,41.5969]],[[-76.6408,41.1557],[-76.5925,41.1578],[-76.6411,41.1558],[-76.6408,41.1557]],[[-76.5039,40.8783],[-76.5063,40.8787],[-76.5016,40.8248],[-76.5039,40.8783]],[[-76.3072,40.8018],[-76.3803,40.7754],[-76.4243,40.7591],[-76.3072,40.8018]],[[-78.0036,41.1449],[-78.0027,41.1486],[-78.0064,41.1456],[-78.0036,41.1449]],[[-77.1438,41.0429],[-77.1438,41.0451],[-77.3399,40.9872],[-77.1438,41.0429]],[[-76.9779,41.0879],[-77.1643,41.0687],[-77.1441,41.0688],[-76.9779,41.0879]],[[-76.8942,41.1254],[-76.8842,41.1571],[-76.8961,41.1391],[-76.8942,41.1254]],[[-76.7584,41.1695],[-76.7908,41.1757],[-76.8842,41.1571],[-76.7584,41.1695]],[[-76.6227,40.9571],[-76.632,40.9637],[-76.6422,40.9626],[-76.6227,40.9571]],[[-76.8045,40.8822],[-76.9418,40.8881],[-76.7987,40.8783],[-76.8045,40.8822]],[[-76.8762,40.9511],[-76.8541,40.9154],[-76.8754,40.9559],[-76.8762,40.9511]],[[-76.8574,41.0641],[-76.8641,41.024],[-76.8564,41.0474],[-76.8574,41.0641]],[[-76.8579,41.0721],[-76.8928,41.1161],[-76.8912,41.1047],[-76.8579,41.0721]],[[-77.5382,41.3673],[-77.5361,41.3639],[-77.4754,41.3377],[-77.5382,41.3673]],[[-75.4341,40.3896],[-75.0151,40.138],[-74.9645,40.1184],[-75.4341,40.3896]],[[-75.8813,40.1425],[-76.2055,40.3607],[-76.4745,40.5172],[-76.1512,40.316],[-75.8813,40.1425]],[[-75.6968,40.2419],[-75.6969,40.2418],[-75.6968,40.2419],[-75.6968,40.2419]],[[-75.597,40.2368],[-75.5993,40.2348],[-75.5733,40.1953],[-75.597,40.2368]],[[-75.2754,39.9696],[-75.2481,39.9641],[-75.3667,40.0724],[-75.3926,40.061],[-75.3611,40.0655],[-75.2754,39.9696]],[[-75.7675,41.0917],[-75.6784,41.1294],[-75.6919,41.1312],[-75.7675,41.0917]],[[-75.6517,41.1257],[-75.648,41.1237],[-75.6466,41.125],[-75.6517,41.1257]],[[-76.0563,40.5787],[-76.0653,40.5797],[-76.1716,40.5349],[-76.0563,40.5787]],[[-75.8915,40.6773],[-75.8332,40.7048],[-75.9932,40.6397],[-75.8915,40.6773]],[[-75.5297,40.447],[-75.5168,40.4393],[-75.8915,40.6773],[-75.5297,40.447]],[[-75.6075,40.7877],[-75.6947,40.7701],[-75.609,40.7874],[-75.6075,40.7877]],[[-75.5582,40.7209],[-75.5956,40.7455],[-75.5926,40.7361],[-75.5582,40.7209]],[[-76.3103,41.3102],[-76.2239,41.5245],[-76.2207,41.5397],[-76.3103,41.3102]],[[-75.8345,41.427],[-75.7716,41.5058],[-75.8381,41.4261],[-75.8345,41.427]],[[-75.0174,41.085],[-75.0331,41.0877],[-75.0291,41.0829],[-75.0174,41.085]],[[-75.7199,41.6423],[-75.4629,41.6416],[-75.7237,41.6423],[-75.7199,41.6423]],[[-75.5048,41.2329],[-75.4412,41.2589],[-75.4961,41.2429],[-75.5048,41.2329]]]}},{"type":"Feature","properties":{"StateFIPS":"46","state":"South Dakota"},"geometry":{"type":"MultiPolygon","coordinates":[[[[-98.4985,42.9986],[-104.053,43.0006],[-104.0554,43.8535],[-104.0547,44.1411],[-104.0579,44.9976],[-104.0397,44.9981],[-104.0454,45.9453],[-102.9421,45.9451],[-100.4994,45.9436],[-97.2283,45.9351],[-97.2263,45.1518],[-97.9809,45.1533],[-97.4943,45.1516],[-97.4923,44.5439],[-97.8557,44.5444],[-97.8537,44.1952],[-97.853,44.5444],[-97.128,44.5431],[-96.452,44.5436],[-96.4533,43.5004],[-96.9208,43.4999],[-96.5863,43.4911],[-96.5825,43.4671],[-96.6026,43.4496],[-96.5943,43.4342],[-96.524,43.3948],[-96.5304,43.3],[-96.5885,43.2963],[-96.5852,43.2689],[-96.5526,43.2578],[-96.5712,43.239],[-96.5604,43.2242],[-96.4767,43.222],[-96.4665,43.1503],[-96.4366,43.1208],[-96.4605,43.0949],[-96.4608,43.064],[-96.5184,43.0421],[-96.4917,43.0097],[-96.5202,42.9776],[-96.5003,42.9594],[-96.5411,42.9245],[-96.5428,42.9037],[-96.5266,42.8938],[-96.5497,42.8703],[-96.5513,42.8366],[-96.5798,42.8381],[-96.597,42.7919],[-96.6349,42.7707],[-96.6205,42.7535],[-96.6351,42.7402],[-96.6306,42.7059],[-96.5753,42.6828],[-96.5163,42.6304],[-96.5299,42.6104],[-96.5095,42.6127],[-96.4859,42.5735],[-96.4988,42.561],[-96.477,42.5561],[-96.493,42.5173],[-96.4754,42.4896],[-96.4455,42.4906],[-96.5013,42.4827],[-96.5488,42.5205],[-96.6115,42.5061],[-96.638,42.552],[-96.711,42.6081],[-96.6877,42.6531],[-96.801,42.6698],[-96.8057,43.0836],[-96.8062,42.7042],[-96.9068,42.7338],[-96.9635,42.7206],[-96.9753,42.7583],[-97.1313,42.7719],[-97.1604,42.7997],[-97.2101,42.8093],[-97.2188,42.8458],[-97.3067,42.8676],[-97.3596,42.8548],[-97.4083,42.8683],[-97.4423,42.8462],[-97.5048,42.8585],[-97.6865,42.8424],[-97.8453,42.8677],[-97.8753,42.8587],[-97.8886,42.8173],[-97.9367,42.7758],[-98.013,42.7623],[-98.0598,42.7728],[-98.1577,42.8473],[-98.1711,42.8371],[-98.4459,42.9306],[-98.5249,43.0393],[-98.546,43.0472],[-98.4985,42.9986]],[[-102.6876,43.8526],[-102.6872,43.8556],[-104.0554,43.8535],[-102.6876,43.8526]],[[-102.388,44.1402],[-103.4525,44.1408],[-104.0547,44.1411],[-102.388,44.1402]],[[-102.9573,45.2129],[-102.9641,44.6043],[-102.9588,45.0396],[-102.0001,45.0383],[-102.9574,45.0396],[-102.9421,45.9451],[-102.9573,45.2129]],[[-103.8205,44.6048],[-103.5677,44.6041],[-102.9641,44.6043],[-103.8205,44.6048]],[[-102.0,45.1014],[-101.9998,45.4724],[-102.0007,45.9445],[-102.0,45.1014]],[[-101.4702,45.4724],[-100.3419,45.4729],[-101.9998,45.4724],[-101.4702,45.4724]],[[-100.2742,45.3818],[-100.3476,45.4813],[-100.3821,45.5106],[-100.3419,45.4729],[-100.2742,45.3818]],[[-98.725,45.5913],[-99.7175,45.5934],[-100.4301,45.5948],[-98.7234,45.5912],[-98.7244,45.9387],[-98.725,45.5913]],[[-100.4064,45.65],[-100.4303,45.5946],[-100.4301,45.5948],[-100.4064,45.65]],[[-97.9815,45.2404],[-97.9814,45.2309],[-97.9788,45.9359],[-97.9815,45.2404]],[[-98.7225,45.2438],[-99.709,45.2459],[-100.2602,45.2468],[-98.7178,45.2437],[-97.9815,45.2404],[-98.7225,45.2438]],[[-100.3167,45.3179],[-100.2609,45.2434],[-100.2602,45.2468],[-100.3167,45.3179]],[[-98.7165,44.8969],[-98.9663,44.897],[-98.7109,44.8969],[-98.7178,45.2437],[-98.7165,44.8969]],[[-97.1297,44.1959],[-97.85,44.1952],[-96.4528,44.1968],[-97.1297,44.1959]],[[-100.3265,45.0864],[-100.3206,45.0778],[-100.3236,45.0908],[-100.3265,45.0864]],[[-99.6764,44.5481],[-100.5265,44.5474],[-99.6687,44.5481],[-99.6742,44.8973],[-99.6764,44.5481]],[[-100.5729,44.5569],[-100.5264,44.5383],[-100.5265,44.5474],[-100.5729,44.5569]],[[-100.5758,44.4917],[-100.5261,44.5192],[-100.5262,44.5276],[-100.5758,44.4917]],[[-100.3623,44.3513],[-100.3531,44.3499],[-100.3864,44.44],[-100.3623,44.3513]],[[-99.8987,44.2473],[-99.9034,44.2583],[-99.9134,44.2595],[-99.8987,44.2473]],[[-99.9382,44.1952],[-99.8942,44.2371],[-99.895,44.2389],[-99.9382,44.1952]],[[-99.6103,44.1489],[-99.62,44.1515],[-99.5998,44.1183],[-99.6103,44.1489]],[[-99.708,44.19],[-99.7107,44.1846],[-99.7024,44.1819],[-99.708,44.19]],[[-99.6635,44.2175],[-99.7014,44.2034],[-99.7051,44.1959],[-99.6635,44.2175]],[[-99.5407,44.1585],[-99.5766,44.1924],[-99.5823,44.1941],[-99.5407,44.1585]],[[-99.5623,44.1036],[-99.5572,44.0964],[-99.5407,44.1585],[-99.5623,44.1036]],[[-99.1002,44.1955],[-99.3002,44.1948],[-99.5766,44.1924],[-99.1002,44.1955]],[[-99.3536,43.9344],[-98.8078,43.9352],[-98.3316,43.9377],[-98.927,43.9351],[-99.3536,43.9344]],[[-98.3199,43.4987],[-98.1148,43.4983],[-97.4092,43.4998],[-97.607,43.4998],[-98.3199,43.4987]],[[-98.0768,43.1683],[-97.6375,43.1688],[-97.1605,43.17],[-97.3992,43.1694],[-98.0768,43.1683]],[[-100.7453,44.7759],[-100.7697,44.7582],[-100.7426,44.7739],[-100.7453,44.7759]],[[-100.7316,44.7656],[-100.7379,44.7704],[-100.7364,44.7637],[-100.7316,44.7656]],[[-100.718,44.7729],[-100.7176,44.7709],[-100.6657,44.7516],[-100.718,44.7729]],[[-100.698,44.8289],[-100.7242,44.8076],[-100.691,44.8242],[-100.698,44.8289]],[[-100.3982,44.8653],[-100.5435,44.7611],[-100.4027,44.8568],[-100.3982,44.8653]],[[-100.3982,44.8851],[-100.3945,44.8722],[-100.393,44.875],[-100.3982,44.8851]],[[-100.3662,43.847],[-100.3672,44.1946],[-100.3672,44.1687],[-100.3662,43.847]],[[-100.2836,43.7005],[-100.3052,43.7233],[-100.2907,43.6987],[-100.2836,43.7005]],[[-102.6955,43.7981],[-102.8033,43.7102],[-102.8064,43.6975],[-102.6955,43.7981]],[[-102.1853,43.6875],[-102.8085,43.6889],[-102.8089,43.6876],[-102.1853,43.6875]],[[-102.0073,43.9945],[-102.0011,44.5109],[-102.0125,43.9945],[-101.0468,43.995],[-102.0073,43.9945]],[[-102.0011,44.5109],[-102.0004,44.5117],[-102.0447,44.5006],[-102.0011,44.5109]],[[-100.6367,44.7399],[-100.6143,44.7054],[-100.6301,44.7372],[-100.6367,44.7399]],[[-100.6437,44.6175],[-100.643,44.6109],[-100.6276,44.6616],[-100.6437,44.6175]],[[-100.6401,44.5837],[-100.6301,44.5797],[-100.6413,44.5957],[-100.6401,44.5837]],[[-100.3755,45.816],[-100.3102,45.7046],[-100.309,45.7078],[-100.3755,45.816]],[[-98.5888,43.0631],[-98.6186,43.0742],[-98.6905,43.0766],[-98.5888,43.0631]],[[-99.2957,43.5045],[-99.6236,43.4999],[-99.0445,43.4995],[-99.2957,43.5045]],[[-100.2088,43.6835],[-100.2261,43.7145],[-100.2303,43.7131],[-100.2088,43.6835]],[[-100.1862,43.7036],[-100.1211,43.6915],[-100.1326,43.7032],[-100.1862,43.7036]],[[-100.0872,43.6852],[-100.0133,43.7078],[-100.103,43.6881],[-100.0872,43.6852]],[[-99.7328,43.7192],[-99.7298,43.7222],[-99.7506,43.7477],[-99.7328,43.7192]],[[-99.687,43.7393],[-99.681,43.7494],[-99.6919,43.7604],[-99.687,43.7393]],[[-99.6843,43.7278],[-99.6758,43.731],[-99.6854,43.7323],[-99.6843,43.7278]],[[-99.6674,43.7635],[-99.6622,43.7361],[-99.6619,43.7646],[-99.6674,43.7635]],[[-99.6547,43.7634],[-99.6558,43.7658],[-99.6589,43.7652],[-99.6547,43.7634]],[[-98.3206,43.4987],[-98.3252,43.851],[-98.3294,43.851],[-98.3206,43.4987]],[[-99.5485,44.0842],[-99.5431,44.0765],[-99.5113,44.055],[-99.5485,44.0842]],[[-98.6444,44.1966],[-98.7005,44.1967],[-98.7373,44.1966],[-98.6444,44.1966]],[[-97.1605,43.0831],[-96.8174,43.0837],[-96.9241,43.0837],[-97.1605,43.0831]],[[-97.3695,43.8485],[-97.6805,43.8494],[-96.9402,43.8484],[-97.3695,43.8485]]],[[[-96.8839,45.1502],[-96.8855,44.5438],[-97.4923,44.5439],[-97.4913,44.804],[-97.4943,45.1516],[-96.8839,45.1502]]],[[[-97.2263,45.1518],[-97.2283,45.9351],[-96.5637,45.9352],[-96.5831,45.82],[-96.6626,45.7387],[-96.8327,45.6517],[-96.8578,45.606],[-96.7653,45.5214],[-96.6925,45.4173],[-96.5218,45.3756],[-96.4531,45.2981],[-96.452,44.5436],[-96.8855,44.5438],[-96.8823,44.9769],[-96.8839,45.1502],[-97.2263,45.1518]]]]}},{"type":"Feature","properties":{"StateFIPS":"38","state":"North Dakota"},"geometry":{"type":"Polygon","coordinates":[[[-104.0453,47.3301],[-104.0487,48.9999],[-97.2287,49.0006],[-97.2341,48.9476],[-97.1733,48.8503],[-97.1886,48.817],[-97.1588,48.8109],[-97.179,48.8011],[-97.15,48.7826],[-97.1548,48.7574],[-97.11,48.7078],[-97.1201,48.7014],[-97.0925,48.6862],[-97.1093,48.6326],[-97.1498,48.6127],[-97.1348,48.6064],[-97.1602,48.5791],[-97.1516,48.5676],[-97.1753,48.5625],[-97.1383,48.5544],[-97.1625,48.5541],[-97.1616,48.5425],[-97.1424,48.5365],[-97.1506,48.5195],[-97.1275,48.5213],[-97.1499,48.512],[-97.1322,48.4884],[-97.1616,48.4798],[-97.1289,48.4757],[-97.1482,48.4707],[-97.1285,48.4603],[-97.1505,48.4412],[-97.1266,48.4431],[-97.1452,48.4326],[-97.1225,48.4183],[-97.1548,48.4175],[-97.1315,48.4066],[-97.1633,48.392],[-97.1362,48.3839],[-97.1555,48.3638],[-97.1165,48.3221],[-97.1379,48.312],[-97.1153,48.2939],[-97.1381,48.2908],[-97.1166,48.2797],[-97.1444,48.2697],[-97.1242,48.2636],[-97.1427,48.2312],[-97.1207,48.2258],[-97.1497,48.2231],[-97.1178,48.2098],[-97.139,48.2171],[-97.1296,48.208],[-97.1442,48.1625],[-97.1212,48.1611],[-97.1459,48.1451],[-97.1231,48.137],[-97.1232,48.1066],[-97.0723,48.0481],[-97.0546,47.9463],[-97.0178,47.9198],[-97.0213,47.8726],[-97.0016,47.8674],[-96.9817,47.8304],[-96.9862,47.8069],[-96.9348,47.7665],[-96.9195,47.7225],[-96.9307,47.7176],[-96.8868,47.6721],[-96.8886,47.6384],[-96.8523,47.5998],[-96.8517,47.5685],[-96.8684,47.5658],[-96.8474,47.565],[-96.8617,47.5595],[-96.8454,47.5396],[-96.8695,47.5288],[-96.8437,47.5074],[-96.8684,47.479],[-96.8527,47.48],[-96.8618,47.4143],[-96.8374,47.3893],[-96.8539,47.3726],[-96.8378,47.3708],[-96.8521,47.3599],[-96.8306,47.3386],[-96.847,47.3158],[-96.8315,47.307],[-96.8458,47.2731],[-96.8382,47.1964],[-96.819,47.1649],[-96.8398,47.1505],[-96.8168,47.1091],[-96.8167,47.0785],[-96.8293,47.0746],[-96.8127,47.0383],[-96.8377,47.0088],[-96.8232,46.9708],[-96.795,46.9654],[-96.7918,46.9285],[-96.7533,46.9246],[-96.7766,46.8957],[-96.7768,46.8422],[-96.8025,46.8115],[-96.7874,46.7847],[-96.7967,46.7775],[-96.7762,46.7678],[-96.7878,46.7665],[-96.7798,46.7233],[-96.8013,46.6685],[-96.793,46.6343],[-97.6588,46.63],[-96.7787,46.6244],[-96.7438,46.5672],[-96.7381,46.4853],[-96.7117,46.46],[-96.7186,46.44],[-96.6454,46.3508],[-96.5999,46.3293],[-96.5997,46.2621],[-96.5851,46.2477],[-96.599,46.2359],[-96.5916,46.1847],[-96.5545,46.084],[-96.5779,46.0269],[-96.5637,45.9352],[-104.0454,45.9453],[-104.0454,46.2801],[-104.0451,46.5409],[-104.0453,47.3301]],[[-102.0216,48.8071],[-102.0214,48.7203],[-102.0212,48.999],[-102.0216,48.8071]],[[-97.6806,47.6722],[-97.4727,47.6721],[-96.8868,47.6721],[-97.6806,47.6722]],[[-101.9987,45.9446],[-101.9918,46.0556],[-101.9981,46.2837],[-101.9987,45.9446]],[[-102.9952,46.2807],[-102.4976,46.2832],[-104.0454,46.2801],[-102.9952,46.2807]],[[-103.6667,47.3293],[-103.1519,47.3288],[-104.0453,47.3301],[-103.6667,47.3293]],[[-101.0598,48.4584],[-101.0599,48.3715],[-101.0598,48.4764],[-101.0598,48.4584]],[[-101.7262,47.8478],[-100.5852,47.8478],[-98.5255,47.8463],[-100.9712,47.8487],[-101.7262,47.8478]],[[-98.5254,47.6723],[-98.5256,48.0211],[-98.5255,47.8463],[-98.5254,47.6723]],[[-100.7493,47.3277],[-100.539,47.3275],[-100.6732,47.3276],[-100.7493,47.3277]],[[-99.4811,47.327],[-98.5767,47.3266],[-99.6002,47.3271],[-99.4811,47.327]],[[-99.2658,47.5876],[-99.2657,47.673],[-99.2662,47.327],[-99.2658,47.5876]],[[-98.4992,47.3265],[-98.5002,47.6723],[-98.5002,47.6723],[-98.5001,47.5872],[-98.4992,47.3265]],[[-98.4675,46.9796],[-98.4671,47.2404],[-98.4672,47.3265],[-98.4675,46.9796]],[[-97.8545,47.2401],[-97.9612,47.2403],[-98.4671,47.2404],[-97.8545,47.2401]],[[-98.1511,46.6307],[-100.0812,46.6334],[-100.662,46.6346],[-99.0366,46.6302],[-98.1511,46.6307]],[[-100.6418,46.6657],[-100.6453,46.6706],[-100.662,46.6346],[-100.6418,46.6657]],[[-100.5676,46.5909],[-100.5681,46.594],[-100.662,46.6346],[-100.5676,46.5909]],[[-103.8701,47.9806],[-103.8857,47.9645],[-103.8755,47.967],[-103.8701,47.9806]],[[-103.8598,48.0151],[-103.8586,48.0092],[-103.8571,48.013],[-103.8598,48.0151]],[[-103.8189,47.983],[-103.8253,47.988],[-103.824,47.979],[-103.8189,47.983]],[[-103.796,48.0079],[-103.8117,47.9886],[-103.7969,48.0],[-103.796,48.0079]],[[-103.5255,48.0333],[-103.5289,48.0339],[-103.5212,48.0292],[-103.5255,48.0333]],[[-103.4284,48.0359],[-103.4885,48.0088],[-103.4851,48.0067],[-103.4284,48.0359]],[[-103.3798,48.0251],[-103.375,48.0259],[-103.4284,48.0359],[-103.3798,48.0251]],[[-103.2836,48.0487],[-103.3658,48.0274],[-103.2913,48.0394],[-103.2836,48.0487]],[[-103.2301,48.0704],[-103.2329,48.0673],[-103.2277,48.0681],[-103.2301,48.0704]],[[-103.2019,48.1352],[-103.2037,48.1337],[-103.1071,48.1465],[-103.2019,48.1352]],[[-102.8857,48.7205],[-102.8858,48.6333],[-102.8859,48.3727],[-102.8858,48.5464],[-102.8857,48.7205]],[[-100.9776,47.25],[-100.9895,47.2562],[-100.9792,47.2444],[-100.9776,47.25]],[[-101.0604,47.2933],[-101.0726,47.292],[-101.0392,47.2822],[-101.0604,47.2933]],[[-101.2604,47.2651],[-101.2576,47.2413],[-101.2571,47.2641],[-101.2604,47.2651]],[[-100.9322,46.9779],[-100.8822,47.0151],[-100.936,46.9828],[-100.9322,46.9779]],[[-100.8786,47.0383],[-100.884,47.0431],[-100.8822,47.0151],[-100.8786,47.0383]],[[-100.9895,47.1905],[-100.9903,47.1874],[-100.9776,47.1741],[-100.9895,47.1905]],[[-102.0959,46.9813],[-102.046,46.9814],[-102.1449,46.9814],[-102.0959,46.9813]],[[-102.0967,46.631],[-102.0962,46.7178],[-102.0959,46.9813],[-102.0967,46.631]],[[-103.0392,46.63],[-102.9275,46.63],[-102.0512,46.6309],[-102.0967,46.631],[-103.0392,46.63]],[[-101.0187,46.2941],[-101.0485,46.2847],[-101.024,46.2787],[-101.0187,46.2941]],[[-101.347,46.0761],[-101.3466,46.0777],[-101.3515,46.0754],[-101.347,46.0761]],[[-101.4019,46.0678],[-101.3688,46.0728],[-101.3863,46.0794],[-101.4019,46.0678]],[[-101.4858,46.0481],[-101.4766,46.0531],[-101.4845,46.0524],[-101.4858,46.0481]],[[-101.6095,46.0189],[-101.6033,46.0196],[-101.6147,46.0262],[-101.6095,46.0189]],[[-101.6595,46.0128],[-101.6258,46.0326],[-101.6317,46.036],[-101.6595,46.0128]],[[-101.7645,46.0391],[-101.7563,46.0397],[-101.7562,46.041],[-101.7645,46.0391]],[[-101.8413,46.0334],[-101.8271,46.0345],[-101.8432,46.0427],[-101.8413,46.0334]],[[-101.8941,46.0568],[-101.8946,46.065],[-101.943,46.0562],[-101.8941,46.0568]],[[-103.8009,46.6297],[-103.4996,46.6298],[-103.6093,46.6298],[-103.8009,46.6297]],[[-103.2311,46.9803],[-102.5254,46.9813],[-103.0327,46.9806],[-103.2311,46.9803]],[[-101.892,47.5051],[-101.8859,47.5042],[-101.9628,47.5379],[-101.892,47.5051]],[[-101.4242,47.4915],[-101.4336,47.4764],[-101.3696,47.5245],[-101.4242,47.4915]],[[-101.4415,47.4635],[-101.3945,47.3903],[-101.4403,47.4655],[-101.4415,47.4635]],[[-102.2625,47.6179],[-102.2053,47.5745],[-102.2624,47.6218],[-102.2625,47.6179]],[[-102.6423,47.8237],[-102.6324,47.8184],[-102.6464,47.8395],[-102.6427,47.674],[-102.6423,47.8237]],[[-102.4118,47.753],[-102.5041,47.7811],[-102.4154,47.752],[-102.4118,47.753]],[[-102.3821,47.7616],[-102.3755,47.7635],[-102.3426,47.8007],[-102.3821,47.7616]],[[-102.741,48.1126],[-102.7577,48.0933],[-102.7388,48.106],[-102.741,48.1126]],[[-102.7495,48.1239],[-102.7436,48.1203],[-102.7448,48.1239],[-102.7495,48.1239]],[[-102.8219,48.1237],[-102.8065,48.1189],[-102.7828,48.1238],[-102.8219,48.1237]],[[-99.8784,46.2828],[-99.0952,46.2829],[-99.9168,46.2832],[-99.8784,46.2828]],[[-100.5965,46.4243],[-100.5512,46.3635],[-100.5901,46.43],[-100.5965,46.4243]],[[-100.5446,46.5338],[-100.587,46.5734],[-100.5492,46.5292],[-100.5446,46.5338]],[[-100.5654,46.5784],[-100.5665,46.5848],[-100.587,46.5734],[-100.5654,46.5784]],[[-100.5576,46.2416],[-100.5815,46.2759],[-100.5613,46.2361],[-100.5576,46.2416]],[[-100.9092,46.9509],[-100.9138,46.9543],[-100.9089,46.9479],[-100.9092,46.9509]],[[-100.7795,46.7366],[-100.8348,46.7491],[-100.7774,46.7299],[-100.7795,46.7366]],[[-100.7751,46.7225],[-100.7766,46.7273],[-100.7979,46.7156],[-100.7751,46.7225]],[[-100.7441,46.6624],[-100.7372,46.6595],[-100.7479,46.69],[-100.7441,46.6624]],[[-100.728,46.6557],[-100.6495,46.6763],[-100.7348,46.6585],[-100.728,46.6557]],[[-98.8076,48.0598],[-98.8251,48.0624],[-98.8073,48.059],[-98.8076,48.0598]],[[-98.7854,48.0068],[-98.7882,48.0136],[-98.7869,48.0069],[-98.7854,48.0068]],[[-98.7637,48.0076],[-98.7701,48.0056],[-98.7624,48.005],[-98.7637,48.0076]],[[-98.7236,47.9976],[-98.7946,47.9516],[-98.7357,47.9803],[-98.7236,47.9976]],[[-98.9704,48.5442],[-98.9704,48.7181],[-98.9708,48.3704],[-98.9704,48.5442]],[[-100.4065,48.5446],[-100.2766,48.5448],[-99.4932,48.5448],[-100.1459,48.5452],[-100.4065,48.5446]],[[-99.4929,48.3709],[-99.493,48.7184],[-99.4932,48.5448],[-99.4929,48.3709]],[[-99.847,48.3712],[-99.2565,48.3707],[-99.4929,48.3709],[-99.847,48.3712]],[[-100.4068,48.6319],[-100.5783,48.6327],[-101.0596,48.6324],[-100.4068,48.6319]],[[-97.2594,46.2824],[-98.0346,46.2827],[-98.4274,46.2827],[-98.0067,46.2826],[-97.2594,46.2824]],[[-98.0258,48.1948],[-98.2922,48.1952],[-98.4221,48.1948],[-98.0258,48.1948]]]}},{"type":"Feature","properties":{"StateFIPS":"45","state":"South Carolina"},"geometry":{"type":"MultiPolygon","coordinates":[[[[-80.3324,32.4781],[-80.3604,32.4998],[-80.4135,32.4707],[-80.4216,32.4948],[-80.4441,32.5049],[-80.477,32.4854],[-80.4846,32.461],[-80.4615,32.4129],[-80.4283,32.3993],[-80.4636,32.3401],[-80.4533,32.3219],[-80.5762,32.2753],[-80.5885,32.2827],[-80.6237,32.2581],[-80.6454,32.2609],[-80.6448,32.2915],[-80.7081,32.3237],[-80.7535,32.3068],[-80.7613,32.28],[-80.6865,32.2442],[-80.6717,32.2134],[-80.7399,32.1461],[-80.8125,32.1097],[-80.8424,32.1178],[-80.9075,32.0509],[-80.8895,32.0376],[-80.9251,32.0419],[-81.0043,32.1024],[-81.0381,32.0837],[-81.1154,32.1147],[-81.1122,32.1493],[-81.1284,32.1644],[-81.1111,32.1727],[-81.1141,32.1939],[-81.1508,32.2212],[-81.1566,32.2439],[-81.1199,32.2862],[-81.1379,32.3287],[-81.1294,32.3416],[-81.1616,32.3504],[-81.2055,32.4236],[-81.2067,32.4481],[-81.1886,32.4653],[-81.2336,32.4985],[-81.2334,32.518],[-81.2799,32.5366],[-81.2813,32.5564],[-81.0146,32.7531],[-81.2948,32.5536],[-81.3583,32.5736],[-81.4181,32.6283],[-81.3938,32.6535],[-81.4058,32.6905],[-81.4267,32.7009],[-81.4051,32.745],[-81.3385,32.7685],[-81.4186,32.748],[-81.4118,32.7631],[-81.4299,32.7721],[-81.4145,32.7781],[-81.4301,32.7818],[-81.4216,32.8352],[-81.4556,32.8465],[-81.4534,32.8739],[-81.4794,32.8811],[-81.4659,32.8999],[-81.4808,32.8986],[-81.5086,32.9526],[-81.4919,33.0067],[-81.6009,33.0728],[-81.6141,33.0952],[-81.6423,33.0932],[-81.7541,33.1505],[-81.7681,33.1682],[-81.7571,33.1981],[-81.774,33.2211],[-81.8039,33.2113],[-81.8517,33.2477],[-81.8481,33.2645],[-81.8288,33.262],[-81.8633,33.2892],[-81.8476,33.3071],[-81.8794,33.3023],[-81.902,33.3359],[-81.9121,33.3191],[-81.9089,33.3463],[-81.9397,33.3449],[-81.9463,33.3706],[-81.9248,33.3741],[-81.9431,33.409],[-81.9124,33.4081],[-81.9317,33.4245],[-81.9148,33.4435],[-81.9341,33.4683],[-81.9859,33.4865],[-82.0125,33.5321],[-82.1153,33.5966],[-82.1429,33.5943],[-82.1966,33.6306],[-82.2475,33.7526],[-82.299,33.7845],[-82.3035,33.8033],[-82.4551,33.8816],[-82.513,33.937],[-82.5568,33.9454],[-82.6752,34.1298],[-82.7175,34.1505],[-82.7467,34.2664],[-82.7818,34.2979],[-82.7947,34.3406],[-82.8348,34.3663],[-82.8588,34.4552],[-82.9016,34.4868],[-82.9992,34.4724],[-83.0872,34.5159],[-83.0779,34.5248],[-83.1405,34.5624],[-83.1703,34.5924],[-83.1643,34.6044],[-83.2313,34.6112],[-83.3389,34.68],[-83.3523,34.7162],[-83.3067,34.8148],[-83.2683,34.8211],[-83.2431,34.8774],[-83.2063,34.8797],[-83.1562,34.931],[-83.1117,34.9359],[-83.1276,34.9495],[-83.0988,34.992],[-83.1096,35.0012],[-82.7833,35.0856],[-82.782,35.0668],[-82.7641,35.0682],[-82.6977,35.0957],[-82.6814,35.1279],[-82.6624,35.1181],[-82.5533,35.1617],[-82.53,35.1556],[-82.4601,35.1781],[-82.4571,35.1639],[-82.4396,35.1659],[-82.3904,35.2154],[-82.3713,35.1814],[-82.2159,35.196],[-81.0436,35.1499],[-81.0512,35.1332],[-81.0328,35.108],[-81.058,35.0732],[-81.0415,35.0447],[-80.935,35.1074],[-80.782,34.9358],[-80.7975,34.8198],[-79.6753,34.8047],[-78.5473,33.8565],[-78.6977,33.808],[-78.7958,33.7551],[-79.0018,33.5727],[-79.1014,33.461],[-79.1721,33.3291],[-79.1757,33.2111],[-79.1915,33.1733],[-79.3282,33.0904],[-79.3623,33.0091],[-79.4215,33.0112],[-79.4044,33.0196],[-79.4833,33.0098],[-79.5252,33.0373],[-79.5711,33.0138],[-79.6176,32.9527],[-79.6075,32.9262],[-79.5758,32.9338],[-79.5811,32.9064],[-79.6981,32.8513],[-79.7264,32.806],[-79.8488,32.7536],[-79.878,32.7857],[-79.9232,32.7818],[-79.9285,32.7542],[-79.8709,32.7424],[-79.8871,32.683],[-79.9743,32.641],[-79.9922,32.611],[-80.0981,32.5983],[-80.2548,32.5318],[-80.3324,32.4781]],[[-81.5715,33.8773],[-81.6518,33.8145],[-82.0125,33.5321],[-81.5715,33.8773]],[[-81.4657,34.0876],[-81.4913,34.078],[-81.472,34.0766],[-81.5715,33.8773],[-81.4657,34.0876]],[[-82.7497,35.0476],[-82.7443,35.0484],[-82.7641,35.0682],[-82.7497,35.0476]],[[-81.1873,33.6529],[-81.1871,33.653],[-81.3443,33.7211],[-81.1873,33.6529]],[[-81.0429,33.7071],[-80.9263,33.7556],[-81.1787,33.6561],[-81.0429,33.7071]],[[-80.5112,33.5384],[-80.5082,33.5409],[-80.5523,33.5654],[-80.5112,33.5384]],[[-80.4896,33.5563],[-80.5015,33.5648],[-80.5032,33.545],[-80.4896,33.5563]],[[-80.4511,33.5424],[-80.4519,33.5459],[-80.4557,33.5448],[-80.4511,33.5424]],[[-80.3236,33.4312],[-80.2604,33.4458],[-80.3386,33.4343],[-80.3236,33.4312]],[[-80.3446,33.2778],[-80.3507,33.2707],[-80.3054,33.2683],[-80.3446,33.2778]],[[-80.3619,33.2574],[-80.3977,33.2587],[-80.3504,33.2493],[-80.3619,33.2574]],[[-80.4744,33.2758],[-80.4733,33.2737],[-80.4654,33.2721],[-80.4744,33.2758]],[[-80.8009,33.1792],[-80.8954,33.1253],[-80.5028,33.3345],[-80.8009,33.1792]],[[-80.4033,32.8696],[-80.404,32.8186],[-80.3853,32.8861],[-80.4033,32.8696]],[[-80.3354,32.4928],[-80.331,32.4957],[-80.4149,32.5465],[-80.3354,32.4928]],[[-80.324,32.5002],[-80.3491,32.5241],[-80.3295,32.4967],[-80.324,32.5002]],[[-81.2985,33.4794],[-81.3729,33.4904],[-81.3741,33.4896],[-81.2985,33.4794]],[[-80.6849,32.6561],[-80.662,32.6416],[-80.6607,32.6433],[-80.6849,32.6561]],[[-80.6563,32.6252],[-80.6478,32.5964],[-80.6538,32.6252],[-80.6563,32.6252]],[[-80.5697,32.5564],[-80.5684,32.553],[-80.5668,32.5542],[-80.5697,32.5564]],[[-80.5515,32.5658],[-80.5365,32.5292],[-80.5155,32.5138],[-80.5515,32.5658]],[[-80.7859,32.6842],[-80.7712,32.6769],[-80.7664,32.6766],[-80.7859,32.6842]],[[-80.9033,32.0786],[-80.8957,32.1077],[-80.9081,32.0782],[-80.9033,32.0786]],[[-81.1895,33.4117],[-81.2061,33.4373],[-81.2239,33.4407],[-81.2227,33.44],[-81.1895,33.4117]],[[-81.4581,34.8416],[-81.4533,34.8464],[-81.4788,34.8984],[-81.4581,34.8416]],[[-81.4873,34.8134],[-80.8982,34.8207],[-81.4779,34.8215],[-81.4873,34.8134]],[[-80.8761,34.788],[-80.8964,34.8224],[-80.8982,34.8207],[-80.8761,34.788]],[[-81.4232,34.4944],[-81.4217,34.4882],[-81.422,34.5174],[-81.4232,34.4944]],[[-81.3973,34.3926],[-81.3403,34.2841],[-81.4042,34.4196],[-81.3973,34.3926]],[[-81.3375,34.2004],[-81.3467,34.1952],[-81.3145,34.1869],[-81.3375,34.2004]],[[-82.7876,34.6727],[-82.8554,34.6092],[-82.9353,34.533],[-82.7876,34.6727]],[[-82.487,34.819],[-82.4764,34.8279],[-82.7876,34.6727],[-82.487,34.819]],[[-81.8645,34.5808],[-81.8935,34.5949],[-81.891,34.5925],[-81.8645,34.5808]],[[-81.8645,34.5808],[-81.8519,34.5948],[-81.7828,34.8372],[-81.8645,34.5808]],[[-81.7232,34.9217],[-81.7141,34.9129],[-81.6472,34.9005],[-81.7232,34.9217]],[[-82.1693,34.3307],[-82.0354,34.2658],[-82.0837,34.2992],[-82.1693,34.3307]],[[-81.9009,34.1598],[-81.8982,34.1476],[-81.8806,34.1399],[-81.9009,34.1598]],[[-81.8754,34.1377],[-81.8701,34.1354],[-81.8716,34.1391],[-81.8754,34.1377]],[[-81.8744,34.1623],[-81.8606,34.1794],[-81.8764,34.1678],[-81.8744,34.1623]],[[-82.2139,33.9861],[-82.188,33.977],[-82.2437,34.0179],[-82.2139,33.9861]],[[-82.1748,33.9724],[-82.17,33.9753],[-82.1811,33.9746],[-82.1748,33.9724]],[[-82.0083,33.9616],[-82.1556,33.9289],[-81.8946,33.9754],[-82.0083,33.9616]],[[-81.6436,34.5337],[-81.5529,34.4768],[-81.6773,34.558],[-81.6436,34.5337]],[[-82.7385,35.0493],[-82.6172,35.0675],[-82.7082,35.0621],[-82.7385,35.0493]],[[-82.5803,35.0697],[-82.5977,35.0543],[-82.5704,35.0703],[-82.5803,35.0697]],[[-82.5939,35.0079],[-82.5379,35.0155],[-82.5922,35.013],[-82.5939,35.0079]],[[-80.4787,33.7143],[-80.5341,33.6439],[-80.5654,33.6661],[-80.5312,33.6409],[-80.4787,33.7143]],[[-80.5121,33.5778],[-80.5014,33.5881],[-80.5149,33.5812],[-80.5121,33.5778]],[[-80.3834,34.5922],[-80.435,34.6421],[-80.4084,34.6148],[-80.3834,34.5922]],[[-80.2855,34.3937],[-80.3263,34.4374],[-80.2869,34.3818],[-80.2855,34.3937]],[[-80.3251,34.3393],[-80.0455,34.4926],[-80.2877,34.3742],[-80.3251,34.3393]],[[-80.4308,34.227],[-80.4319,34.2367],[-80.4507,34.2033],[-80.4308,34.227]],[[-80.7193,34.069],[-80.6162,34.0996],[-80.5801,34.0999],[-80.6185,34.1092],[-80.7193,34.069]],[[-80.6158,33.9655],[-80.6188,33.9657],[-80.6165,33.9635],[-80.6158,33.9655]],[[-80.6243,33.7453],[-80.623,33.7472],[-80.6259,33.7461],[-80.6243,33.7453]],[[-80.5903,33.6848],[-80.6263,33.733],[-80.6276,33.731],[-80.5903,33.6848]],[[-80.8817,34.5001],[-80.8729,34.553],[-80.9399,34.5465],[-80.8775,34.5431],[-80.8817,34.5001]],[[-80.8882,34.4679],[-80.8783,34.4583],[-80.8742,34.4608],[-80.8882,34.4679]],[[-80.735,34.4813],[-80.6942,34.5115],[-80.6975,34.5146],[-80.735,34.4813]],[[-80.5794,34.4846],[-80.5489,34.4933],[-80.5424,34.4985],[-80.5794,34.4846]],[[-80.5298,34.5088],[-80.5244,34.5131],[-80.5507,34.56],[-80.5298,34.5088]],[[-80.8685,34.1817],[-80.7699,34.3771],[-80.8259,34.2688],[-80.8685,34.1817]],[[-80.6396,33.753],[-80.6547,33.7735],[-80.6564,33.7614],[-80.6396,33.753]],[[-81.0696,34.0068],[-81.0489,33.99],[-81.0547,34.0008],[-81.0696,34.0068]],[[-80.9095,35.0169],[-80.8783,34.9664],[-80.8857,34.9913],[-80.9095,35.0169]],[[-80.8703,34.9392],[-80.8801,34.8715],[-80.8651,34.922],[-80.8703,34.9392]],[[-80.153,33.4534],[-80.2074,33.4526],[-80.2069,33.4459],[-80.153,33.4534]],[[-80.1391,33.4574],[-80.1422,33.4549],[-80.1379,33.4555],[-80.1391,33.4574]],[[-80.1492,33.4868],[-80.1467,33.4834],[-80.1255,33.5024],[-80.1492,33.4868]],[[-79.9646,33.4986],[-79.9683,33.4986],[-79.8682,33.4345],[-79.9646,33.4986]],[[-79.6771,33.3147],[-79.677,33.3066],[-79.6688,33.3042],[-79.6771,33.3147]],[[-79.4855,33.2434],[-79.538,33.2596],[-79.494,33.236],[-79.4855,33.2434]],[[-79.4587,33.2352],[-79.477,33.2408],[-79.4541,33.2202],[-79.4587,33.2352]],[[-79.2724,33.1397],[-79.3541,33.1553],[-79.2728,33.137],[-79.2724,33.1397]],[[-79.5182,33.1491],[-79.4801,33.2047],[-79.5222,33.1498],[-79.5182,33.1491]],[[-79.9095,32.8241],[-79.9138,32.8219],[-79.9113,32.8193],[-79.9095,32.8241]],[[-80.3359,33.1455],[-80.1492,33.0216],[-80.0982,32.9881],[-80.3359,33.1455]],[[-80.3308,33.1984],[-80.2998,33.1797],[-80.2976,33.1818],[-80.3308,33.1984]],[[-80.0006,34.0479],[-79.8935,33.988],[-80.0319,34.0768],[-80.0006,34.0479]],[[-80.1954,33.839],[-79.9746,33.9465],[-79.8935,33.988],[-80.1954,33.839]],[[-79.8549,33.8917],[-79.9459,33.886],[-79.8465,33.8834],[-79.8549,33.8917]],[[-79.4036,33.8064],[-79.3724,33.8168],[-79.3826,33.8186],[-79.4036,33.8064]],[[-79.362,33.8151],[-79.3231,33.7921],[-79.3224,33.8083],[-79.362,33.8151]],[[-79.5718,34.1837],[-79.5457,34.2108],[-79.5478,34.2196],[-79.5718,34.1837]],[[-79.2751,33.7089],[-79.2721,33.7218],[-79.2811,33.7192],[-79.2751,33.7089]],[[-79.246,33.6983],[-79.2449,33.7057],[-79.2751,33.7089],[-79.246,33.6983]],[[-79.2347,33.6942],[-79.1903,33.7058],[-79.2407,33.6964],[-79.2347,33.6942]],[[-79.1604,33.6866],[-79.2222,33.7555],[-79.1903,33.7058],[-79.1604,33.6866]],[[-79.1519,33.6582],[-79.1522,33.6774],[-79.1588,33.6847],[-79.1519,33.6582]],[[-79.1351,33.6467],[-79.1307,33.6326],[-79.1235,33.6488],[-79.1351,33.6467]],[[-79.3333,33.7757],[-79.3185,33.7795],[-79.3228,33.7878],[-79.3333,33.7757]],[[-79.5901,33.4435],[-79.6154,33.4023],[-79.5684,33.4617],[-79.5901,33.4435]],[[-79.6772,33.3368],[-79.6772,33.3243],[-79.6474,33.3619],[-79.6772,33.3368]],[[-79.2554,33.8352],[-79.2636,33.8925],[-79.2641,33.8425],[-79.2554,33.8352]],[[-79.2502,33.7992],[-79.2537,33.8235],[-79.2603,33.8149],[-79.2502,33.7992]],[[-79.5835,34.2766],[-79.5872,34.2814],[-79.5982,34.2853],[-79.5835,34.2766]],[[-79.9703,34.4919],[-79.9654,34.4877],[-79.8917,34.4912],[-79.9703,34.4919]],[[-79.83,34.5319],[-79.8297,34.5233],[-79.8142,34.5777],[-79.83,34.5319]],[[-79.8095,34.4861],[-79.8061,34.487],[-79.8133,34.4931],[-79.8095,34.4861]],[[-79.6592,34.307],[-79.659,34.307],[-79.6591,34.3071],[-79.6592,34.307]],[[-80.0734,34.0882],[-80.0688,34.0869],[-79.809,34.2524],[-80.0734,34.0882]],[[-80.1586,34.1616],[-80.0842,34.0911],[-80.0813,34.0904],[-80.1586,34.1616]],[[-79.7789,34.6147],[-79.7782,34.6149],[-79.7955,34.6463],[-79.7789,34.6147]],[[-79.8043,34.6064],[-79.7903,34.6109],[-79.8031,34.6097],[-79.8043,34.6064]]],[[[-80.1845,32.5536],[-80.178,32.5497],[-80.182,32.5472],[-80.1845,32.5536]]]]}},{"type":"Feature","properties":{"StateFIPS":"20","state":"Kansas"},"geometry":{"type":"Polygon","coordinates":[[[-94.618,36.9989],[-102.0421,36.993],[-102.0517,40.0031],[-97.3692,40.0021],[-95.3083,40.0],[-95.2503,39.9486],[-95.2044,39.9389],[-95.2019,39.9041],[-95.1497,39.9059],[-95.1347,39.8769],[-95.0902,39.8631],[-95.0378,39.8655],[-95.0132,39.9],[-94.9345,39.8934],[-94.9426,39.8566],[-94.881,39.8289],[-94.8763,39.8069],[-94.9327,39.7863],[-94.9343,39.7736],[-94.9123,39.7593],[-94.8671,39.7717],[-94.8629,39.743],[-94.9026,39.7242],[-94.9487,39.7456],[-94.9653,39.7391],[-94.9713,39.6864],[-95.0276,39.6655],[-95.0569,39.5806],[-95.1075,39.5738],[-95.1093,39.5423],[-95.0522,39.5],[-95.0408,39.4664],[-94.9902,39.4462],[-94.9337,39.3855],[-94.881,39.3839],[-94.9094,39.3543],[-94.9,39.3002],[-94.8315,39.2563],[-94.8317,39.2159],[-94.7755,39.2006],[-94.7365,39.1692],[-94.6803,39.1843],[-94.6507,39.1541],[-94.5907,39.1548],[-94.6083,39.1179],[-94.618,36.9989]],[[-101.5671,38.6997],[-101.3603,38.7001],[-102.0452,38.6976],[-101.5671,38.6997]],[[-102.0472,39.1331],[-100.8119,39.1334],[-100.4033,39.1326],[-102.0472,39.1331]],[[-97.9318,39.5669],[-99.0662,39.5681],[-99.7518,39.5673],[-97.9309,39.5669],[-97.9318,40.0021],[-97.9318,39.5669]],[[-96.5249,37.3027],[-96.5252,37.5693],[-96.5256,36.9987],[-96.5249,37.3027]],[[-97.9293,39.3374],[-97.9286,38.8711],[-97.9221,38.1739],[-97.9293,39.3374]],[[-98.4648,37.7327],[-97.8078,37.7339],[-97.6987,37.7351],[-98.4648,37.7327]],[[-98.4648,37.7346],[-98.4648,37.7017],[-98.4648,37.7327],[-98.4648,37.7346]],[[-97.8071,37.3863],[-98.465,37.3841],[-97.8066,37.3863],[-97.8072,37.435],[-97.8071,37.3863]],[[-99.5842,38.2622],[-100.6847,38.2641],[-101.0663,38.2645],[-100.2271,38.2622],[-99.5797,38.2621],[-99.5844,38.3421],[-99.5842,38.2622]],[[-99.557,37.4969],[-99.5596,37.7349],[-99.5702,38.0989],[-99.5699,37.913],[-99.557,37.4969]],[[-100.2146,37.8268],[-100.2232,37.8268],[-100.2162,37.4752],[-100.2146,37.8268]],[[-100.2162,37.4752],[-100.6526,37.4748],[-100.1851,37.4748],[-100.2162,37.4752]],[[-101.1254,38.2645],[-101.5527,38.2632],[-101.1203,38.2645],[-101.1254,38.2645]],[[-100.6527,37.3876],[-100.8176,37.3877],[-100.6338,37.3876],[-100.6527,37.3876]],[[-98.4799,38.5001],[-98.4798,38.2608],[-99.0323,38.2612],[-98.4747,38.2607],[-98.4799,38.5001]],[[-99.0165,37.8253],[-99.0135,37.733],[-99.0129,37.6241],[-99.0133,37.8253],[-98.8932,37.8252],[-99.0165,37.8253]],[[-99.5558,37.3811],[-99.0103,37.3842],[-99.0118,37.4411],[-99.0115,37.3843],[-99.5558,37.3811]],[[-98.4724,38.1506],[-98.4723,37.8245],[-98.4665,37.8245],[-98.4724,38.1506]],[[-99.3503,38.0007],[-99.0221,38.0002],[-98.9131,38.0005],[-99.3503,38.0007]],[[-99.9155,39.1323],[-99.5918,39.1324],[-99.2678,39.1328],[-99.6052,39.1325],[-99.9155,39.1323]],[[-99.0426,38.6968],[-99.4571,38.6966],[-98.718,38.6968],[-99.0426,38.6968]],[[-98.4861,38.6969],[-98.4826,38.6969],[-98.4851,38.8856],[-98.4861,38.6969]],[[-98.4888,39.1327],[-98.4897,39.1879],[-98.49,39.1327],[-98.5757,39.1327],[-98.4888,39.1327]],[[-97.3686,39.567],[-97.3687,39.648],[-97.3695,39.416],[-97.3686,39.567]],[[-97.3686,39.567],[-96.5805,39.5662],[-96.048,39.5661],[-97.3686,39.567]],[[-95.5641,39.6529],[-95.1152,39.6525],[-95.7889,39.653],[-95.5641,39.6529]],[[-96.036,39.5661],[-96.0359,39.2079],[-96.0356,39.2165],[-96.036,39.5661]],[[-96.0882,39.1523],[-96.039,39.129],[-96.0389,39.1311],[-96.0882,39.1523]],[[-95.993,39.1334],[-96.0349,39.1271],[-96.0203,39.1202],[-95.993,39.1334]],[[-95.9599,37.9002],[-95.959,38.0402],[-95.9487,38.6151],[-95.9589,38.1709],[-95.9599,37.9002]],[[-95.9616,37.3866],[-95.9612,37.5875],[-95.9634,37.3866],[-95.9616,37.3866]],[[-96.9303,38.6094],[-96.93,38.5224],[-96.9272,38.8122],[-96.9303,38.6094]],[[-97.3713,39.0148],[-97.3716,38.9579],[-97.3719,38.6094],[-97.3713,39.0148]],[[-97.3707,39.132],[-96.9632,39.1323],[-96.9635,38.9649],[-96.9623,39.1323],[-97.3707,39.132]],[[-96.0951,39.1929],[-96.1044,39.2001],[-96.1747,39.1888],[-96.0951,39.1929]],[[-96.0618,39.1638],[-96.0588,39.1648],[-96.0675,39.1715],[-96.0618,39.1638]],[[-96.9267,38.8703],[-96.8902,38.8701],[-96.5016,38.8697],[-96.9267,38.8703]],[[-96.5014,38.8262],[-96.5012,38.9798],[-96.5016,38.8697],[-96.5014,38.8262]],[[-95.0779,38.0377],[-95.0881,37.7325],[-95.0882,37.3838],[-95.088,37.6745],[-95.0779,38.0377]],[[-95.2706,37.3839],[-95.075,37.3838],[-95.0882,37.3838],[-95.2706,37.3839]],[[-95.5003,39.0559],[-95.5083,38.4339],[-95.519,38.0382],[-95.5083,38.3903],[-95.5007,38.7388],[-95.5003,39.0559]],[[-95.4282,39.0661],[-95.4373,39.0698],[-95.4701,39.0606],[-95.4282,39.0661]],[[-95.1809,39.4191],[-95.1862,38.9645],[-95.1809,39.4191],[-95.1809,39.4191]],[[-95.0564,38.7386],[-95.0563,38.9771],[-95.0606,38.9775],[-95.0564,38.7386]],[[-94.9194,38.9835],[-94.9149,38.9883],[-94.9233,39.0026],[-94.9194,38.9835]],[[-94.9086,38.9949],[-94.9002,39.2029],[-94.9136,38.9897],[-94.9086,38.9949]],[[-94.8884,39.0161],[-94.886,39.0331],[-94.9045,38.9993],[-94.8884,39.0161]],[[-94.8678,39.0584],[-94.8717,39.0593],[-94.8738,39.0554],[-94.8678,39.0584]],[[-95.5907,39.0642],[-95.5964,39.0712],[-95.5968,39.0647],[-95.5907,39.0642]],[[-95.5428,39.0691],[-95.562,39.0618],[-95.5034,39.0569],[-95.5428,39.0691]]]}},{"type":"Feature","properties":{"StateFIPS":"23","state":"Maine"},"geometry":{"type":"MultiPolygon","coordinates":[[[[-70.6013,42.9811],[-70.6078,42.9778],[-70.6124,42.9918],[-70.6013,42.9811]]],[[[-70.3635,43.4521],[-70.3273,43.4585],[-70.3705,43.4341],[-70.3979,43.3942],[-70.4277,43.3893],[-70.4163,43.3611],[-70.4658,43.3408],[-70.5177,43.344],[-70.5539,43.3219],[-70.5939,43.2493],[-70.5758,43.2219],[-70.6088,43.1756],[-70.5904,43.1666],[-70.619,43.1636],[-70.6225,43.1346],[-70.6731,43.0703],[-70.7038,43.0598],[-70.7065,43.0753],[-70.7564,43.08],[-70.8268,43.1271],[-70.8179,43.2379],[-70.9074,43.2936],[-70.912,43.3198],[-70.9565,43.3347],[-70.9843,43.3761],[-70.9868,43.4143],[-70.9612,43.4383],[-70.9742,43.4774],[-70.9508,43.551],[-70.9727,43.5703],[-71.031,44.6555],[-71.0839,45.3055],[-71.0091,45.319],[-71.0108,45.3472],[-70.9856,45.3322],[-70.9524,45.3391],[-70.9179,45.3119],[-70.9217,45.2794],[-70.885,45.2349],[-70.8444,45.2345],[-70.8355,45.2938],[-70.8086,45.3116],[-70.8195,45.3414],[-70.8026,45.3649],[-70.8256,45.4003],[-70.7815,45.4312],[-70.7556,45.4284],[-70.7123,45.3906],[-70.6347,45.3836],[-70.6275,45.4216],[-70.6812,45.4522],[-70.7234,45.5104],[-70.6447,45.6071],[-70.5528,45.6678],[-70.4004,45.7198],[-70.3836,45.7349],[-70.4169,45.7953],[-70.3424,45.8522],[-70.2591,45.8908],[-70.2633,45.9238],[-70.2402,45.9437],[-70.2762,45.9669],[-70.313,45.9619],[-70.2878,45.9918],[-70.3176,46.0195],[-70.2797,46.0522],[-70.3106,46.0645],[-70.3011,46.0833],[-70.254,46.0996],[-70.2367,46.1449],[-70.2927,46.1916],[-70.2313,46.2912],[-70.2057,46.2999],[-70.2087,46.329],[-70.1887,46.35],[-70.1297,46.3694],[-70.0963,46.4094],[-70.057,46.4152],[-69.9971,46.6952],[-69.2244,47.4597],[-69.0439,47.4276],[-69.0325,47.4022],[-69.0545,47.378],[-69.0503,47.2559],[-68.9001,47.1777],[-68.7179,47.2409],[-68.6124,47.2448],[-68.5786,47.2876],[-68.4749,47.2975],[-68.4499,47.2821],[-68.3835,47.2862],[-68.3786,47.3431],[-68.3552,47.3571],[-68.2346,47.355],[-68.1552,47.3254],[-68.1371,47.2961],[-67.9523,47.1961],[-67.8889,47.1101],[-67.7905,47.0679],[-67.7811,45.943],[-67.7504,45.9179],[-67.8039,45.8829],[-67.7551,45.8237],[-67.8066,45.7947],[-67.8063,45.7554],[-67.7819,45.7312],[-67.8098,45.7293],[-67.8031,45.6961],[-67.8179,45.6937],[-67.8055,45.6802],[-67.8736,45.6693],[-67.7686,45.6776],[-67.7204,45.6625],[-67.7346,45.689],[-67.6458,45.6136],[-67.6389,45.6251],[-67.5186,45.5879],[-67.4497,45.6029],[-67.4255,45.5791],[-67.435,45.5288],[-67.4164,45.5035],[-67.4629,45.5087],[-67.5032,45.4854],[-67.4726,45.4233],[-67.4187,45.3773],[-67.4606,45.3004],[-67.4893,45.2813],[-67.44,45.227],[-67.4289,45.1932],[-67.4003,45.1774],[-67.4046,45.1599],[-67.3456,45.1264],[-67.2949,45.1497],[-67.3026,45.1613],[-67.2836,45.192],[-67.2273,45.1637],[-67.1579,45.161],[-67.0908,45.0687],[-67.1177,45.0567],[-67.096,45.0393],[-67.1062,45.0331],[-67.0821,45.0296],[-67.0335,44.9399],[-66.9845,44.9126],[-66.9948,44.8918],[-66.98,44.856],[-66.9965,44.8447],[-66.9824,44.8115],[-66.9506,44.8145],[-67.0262,44.7682],[-67.0689,44.769],[-67.0734,44.742],[-67.1041,44.7399],[-67.1044,44.7168],[-67.1545,44.6681],[-67.1866,44.6626],[-67.1894,44.6455],[-67.2343,44.6372],[-67.2408,44.6658],[-67.2728,44.6641],[-67.2512,44.6257],[-67.2873,44.624],[-67.2984,44.6544],[-67.3262,44.6567],[-67.3276,44.667],[-67.308,44.6614],[-67.3085,44.7075],[-67.3591,44.6996],[-67.3603,44.6872],[-67.3964,44.6933],[-67.405,44.6817],[-67.3758,44.6773],[-67.3872,44.6654],[-67.362,44.6402],[-67.4055,44.5942],[-67.4273,44.6411],[-67.449,44.6355],[-67.4297,44.6133],[-67.4485,44.6003],[-67.491,44.6072],[-67.5058,44.6368],[-67.5434,44.6266],[-67.5751,44.5607],[-67.5647,44.5321],[-67.6881,44.5373],[-67.7131,44.4936],[-67.7434,44.4974],[-67.7548,44.5469],[-67.774,44.5474],[-67.7824,44.515],[-67.8025,44.5239],[-67.8045,44.5427],[-67.8478,44.563],[-67.8421,44.544],[-67.8656,44.5261],[-67.8516,44.4849],[-67.8687,44.465],[-67.8915,44.481],[-67.8772,44.4549],[-67.9006,44.3955],[-67.9169,44.4613],[-67.9359,44.4489],[-67.9377,44.4104],[-67.982,44.4734],[-67.973,44.4886],[-67.9928,44.4608],[-68.0275,44.4825],[-68.0248,44.4623],[-67.9821,44.4411],[-67.9588,44.3988],[-67.9837,44.3844],[-68.0039,44.4109],[-68.0248,44.4061],[-68.0142,44.3859],[-68.0255,44.3566],[-68.0458,44.3579],[-68.0493,44.3307],[-68.0761,44.3479],[-68.0776,44.3885],[-68.0933,44.3902],[-68.093,44.3709],[-68.1123,44.4016],[-68.1213,44.4789],[-68.1618,44.5012],[-68.1615,44.4735],[-68.1946,44.4719],[-68.1805,44.475],[-68.2114,44.5201],[-68.2238,44.4655],[-68.2644,44.4873],[-68.268,44.4715],[-68.2941,44.4717],[-68.2699,44.4576],[-68.2806,44.4516],[-68.3507,44.4576],[-68.3673,44.4311],[-68.3379,44.4219],[-68.3189,44.4443],[-68.2474,44.4333],[-68.25,44.4148],[-68.1969,44.3864],[-68.1745,44.3452],[-68.1889,44.3073],[-68.2309,44.2878],[-68.2813,44.3022],[-68.2802,44.2864],[-68.3172,44.2943],[-68.2899,44.2509],[-68.3176,44.2251],[-68.3517,44.2371],[-68.3646,44.2264],[-68.4275,44.2894],[-68.4309,44.3126],[-68.409,44.3256],[-68.4097,44.3406],[-68.4216,44.3361],[-68.398,44.3762],[-68.3543,44.4005],[-68.3928,44.4353],[-68.3926,44.4181],[-68.4308,44.397],[-68.4253,44.4983],[-68.4372,44.4827],[-68.4731,44.4867],[-68.4584,44.4538],[-68.4712,44.4403],[-68.4622,44.3794],[-68.4833,44.3882],[-68.4798,44.4542],[-68.4997,44.4142],[-68.5652,44.3991],[-68.5454,44.355],[-68.564,44.308],[-68.5501,44.2919],[-68.5309,44.3004],[-68.5192,44.2591],[-68.5565,44.2678],[-68.5228,44.2281],[-68.6246,44.2792],[-68.6243,44.3021],[-68.6323,44.2864],[-68.6894,44.2967],[-68.7393,44.3332],[-68.7951,44.3079],[-68.8272,44.3122],[-68.8097,44.374],[-68.817,44.4254],[-68.7995,44.4489],[-68.7833,44.4471],[-68.7778,44.485],[-68.8028,44.5277],[-68.8054,44.5051],[-68.8351,44.4814],[-68.8111,44.4661],[-68.8752,44.4299],[-68.9216,44.4566],[-68.9437,44.4284],[-68.9984,44.4256],[-68.9499,44.34],[-68.9634,44.3083],[-69.0037,44.2946],[-69.0592,44.2079],[-69.0545,44.1715],[-69.0742,44.1835],[-69.093,44.1353],[-69.0763,44.1249],[-69.1008,44.1169],[-69.1034,44.0779],[-69.0434,44.0922],[-69.0771,44.0422],[-69.1281,44.0173],[-69.1101,44.0004],[-69.1322,44.0033],[-69.1419,43.9865],[-69.1235,43.979],[-69.1441,43.9795],[-69.1626,43.999],[-69.2103,43.934],[-69.2739,43.9142],[-69.2675,43.9437],[-69.2885,43.9577],[-69.3175,43.9405],[-69.3043,43.9621],[-69.3253,43.9709],[-69.3277,43.9458],[-69.3752,43.9246],[-69.3301,43.9718],[-69.3505,43.9834],[-69.3688,43.9663],[-69.364,44.0129],[-69.384,43.9742],[-69.4061,43.9858],[-69.4306,43.9583],[-69.4268,43.9783],[-69.4377,43.9758],[-69.4596,43.9033],[-69.5033,43.8377],[-69.5149,43.8313],[-69.5193,43.8712],[-69.5439,43.8816],[-69.5517,43.8346],[-69.5755,43.842],[-69.5929,43.8114],[-69.6059,43.8149],[-69.5947,43.8589],[-69.6234,43.8273],[-69.6388,43.8478],[-69.6556,43.781],[-69.6904,43.8254],[-69.6714,43.9236],[-69.6916,43.9172],[-69.7216,43.782],[-69.7541,43.7439],[-69.8335,43.7178],[-69.8368,43.6997],[-69.8551,43.7047],[-69.8487,43.7422],[-69.8711,43.7316],[-69.8615,43.7593],[-69.8874,43.7771],[-69.9563,43.7724],[-70.0063,43.7102],[-69.9946,43.7435],[-70.0265,43.7289],[-70.021,43.7465],[-70.0433,43.748],[-69.9472,43.8645],[-69.9927,43.8484],[-70.0262,43.8226],[-69.9884,43.8664],[-70.0192,43.8587],[-70.0666,43.8105],[-70.0636,43.8256],[-70.0805,43.8276],[-70.1452,43.7946],[-70.176,43.7608],[-70.1754,43.7771],[-70.1869,43.7734],[-70.1938,43.7416],[-70.218,43.72],[-70.2147,43.6973],[-70.232,43.7048],[-70.2261,43.6887],[-70.2425,43.6933],[-70.253,43.675],[-70.2075,43.6235],[-70.2175,43.5971],[-70.1969,43.5651],[-70.2443,43.5518],[-70.2725,43.5626],[-70.3131,43.527],[-70.3288,43.5407],[-70.3534,43.5354],[-70.3849,43.496],[-70.3635,43.4521]],[[-68.827,45.6848],[-68.8194,46.3957],[-68.8214,46.5725],[-68.827,45.6848]],[[-69.4999,45.0538],[-69.3557,45.0735],[-68.8566,45.1428],[-69.4999,45.0538]],[[-68.8181,44.6789],[-68.7997,44.6853],[-68.8375,44.7021],[-68.8181,44.6789]],[[-69.7236,45.6574],[-69.7442,45.6531],[-69.6918,45.6449],[-69.7236,45.6574]],[[-69.3847,44.7507],[-69.3755,44.7534],[-69.3824,44.7542],[-69.3847,44.7507]],[[-69.4834,44.7203],[-69.4708,44.7105],[-69.4704,44.7182],[-69.4834,44.7203]],[[-69.9314,44.6093],[-69.9305,44.6109],[-69.9688,44.6613],[-69.9314,44.6093]],[[-69.8978,44.1077],[-70.0274,44.1306],[-70.0055,44.1245],[-69.8978,44.1077]],[[-69.7582,44.1393],[-69.6567,44.1224],[-69.765,44.1472],[-69.7903,44.0425],[-69.7582,44.1393]],[[-70.956,43.7912],[-70.9271,43.7903],[-70.8807,43.8109],[-70.956,43.7912]],[[-70.7439,43.8858],[-70.7982,43.8633],[-70.7967,43.8586],[-70.7439,43.8858]],[[-70.7818,44.0314],[-70.7852,44.0323],[-70.7154,43.9618],[-70.7818,44.0314]],[[-70.4798,44.0275],[-70.4806,44.0323],[-70.509,44.0415],[-70.4798,44.0275]],[[-70.402,43.9901],[-70.3979,43.9981],[-70.4716,44.0235],[-70.402,43.9901]],[[-70.1473,44.4815],[-70.1871,44.48],[-70.2744,44.4406],[-70.1473,44.4815]],[[-69.5214,44.2806],[-69.513,44.3153],[-69.5327,44.2721],[-69.5214,44.2806]],[[-69.6502,44.2796],[-69.5474,44.261],[-69.5384,44.2677],[-69.6502,44.2796]],[[-69.4513,44.3139],[-69.4495,44.2623],[-69.4328,44.2267],[-69.4513,44.3139]],[[-69.3115,44.0955],[-69.2876,44.0604],[-69.282,44.0645],[-69.3115,44.0955]],[[-69.2925,44.0568],[-69.298,44.059],[-69.3039,44.0484],[-69.2925,44.0568]],[[-68.048,45.6399],[-67.897,45.6653],[-68.433,45.5785],[-68.048,45.6399]],[[-68.055,45.2526],[-67.9398,45.2678],[-68.3037,45.2215],[-68.055,45.2526]],[[-68.7719,44.6644],[-68.744,44.6606],[-68.7684,44.6715],[-68.7719,44.6644]]],[[[-70.2244,43.5472],[-70.2455,43.5396],[-70.238,43.5473],[-70.2244,43.5472]]],[[[-70.2059,43.6336],[-70.2034,43.6472],[-70.1907,43.6456],[-70.2059,43.6336]]],[[[-70.184,43.6511],[-70.2007,43.663],[-70.1819,43.6734],[-70.184,43.6511]]],[[[-70.1931,43.6734],[-70.2139,43.6662],[-70.1821,43.6949],[-70.1931,43.6734]]],[[[-70.0873,43.691],[-70.096,43.6723],[-70.0928,43.6878],[-70.0873,43.691]]],[[[-70.1517,43.6817],[-70.1736,43.6837],[-70.1406,43.7076],[-70.1337,43.7023],[-70.1517,43.6817]]],[[[-70.1182,43.6864],[-70.1007,43.706],[-70.0921,43.7095],[-70.0937,43.6918],[-70.1182,43.6864]]],[[[-70.1223,43.7001],[-70.1158,43.7097],[-70.112,43.7075],[-70.1223,43.7001]]],[[[-70.1445,43.7135],[-70.1467,43.7089],[-70.149,43.7146],[-70.1445,43.7135]]],[[[-70.0721,43.719],[-70.0793,43.707],[-70.0816,43.7126],[-70.0721,43.719]]],[[[-70.0837,43.7205],[-70.0816,43.7161],[-70.0897,43.715],[-70.0837,43.7205]]],[[[-70.1928,43.7135],[-70.1905,43.7222],[-70.186,43.721],[-70.1928,43.7135]]],[[[-70.0312,43.7147],[-70.0288,43.7264],[-70.021,43.7246],[-70.0312,43.7147]]],[[[-70.0403,43.7267],[-70.0467,43.7202],[-70.0429,43.7283],[-70.0403,43.7267]]],[[[-69.9312,43.7241],[-69.939,43.7238],[-69.9373,43.7308],[-69.9312,43.7241]]],[[[-70.0854,43.7308],[-70.0895,43.7264],[-70.0904,43.7313],[-70.0854,43.7308]]],[[[-70.1381,43.7276],[-70.1258,43.7455],[-70.0961,43.7572],[-70.1207,43.7126],[-70.1381,43.7276]]],[[[-70.1845,43.7368],[-70.1843,43.7425],[-70.1783,43.7406],[-70.1845,43.7368]]],[[[-70.0462,43.7573],[-70.0613,43.7421],[-70.0512,43.7568],[-70.0462,43.7573]]],[[[-70.1204,43.7727],[-70.1339,43.764],[-70.1234,43.7576],[-70.1603,43.7497],[-70.1455,43.7758],[-70.1204,43.7727]]],[[[-70.0574,43.7707],[-70.0533,43.7652],[-70.0602,43.7672],[-70.0574,43.7707]]],[[[-70.1146,43.7806],[-70.096,43.7884],[-70.0897,43.7852],[-70.102,43.7768],[-70.1146,43.7806]]],[[[-70.0488,43.793],[-70.0338,43.8093],[-70.027,43.8091],[-70.0391,43.7851],[-70.0488,43.793]]],[[[-70.0666,43.7995],[-70.07,43.7967],[-70.0709,43.8033],[-70.0666,43.7995]]],[[[-69.9998,43.8295],[-70.0041,43.8149],[-70.0143,43.8232],[-69.9998,43.8295]]],[[[-69.9858,43.8415],[-69.9903,43.8319],[-69.9903,43.8425],[-69.9858,43.8415]]],[[[-69.76,43.7056],[-69.7543,43.71],[-69.7541,43.7071],[-69.76,43.7056]]],[[[-69.303,43.7746],[-69.3143,43.7567],[-69.3136,43.7728],[-69.303,43.7746]]],[[[-69.6116,43.7545],[-69.6108,43.7789],[-69.6041,43.7782],[-69.6116,43.7545]]],[[[-69.5882,43.7705],[-69.5829,43.7791],[-69.5815,43.7719],[-69.5882,43.7705]]],[[[-69.5957,43.8013],[-69.5996,43.7907],[-69.5996,43.8033],[-69.5957,43.8013]]],[[[-69.6267,43.8052],[-69.633,43.8126],[-69.6288,43.8137],[-69.6267,43.8052]]],[[[-69.2954,43.8626],[-69.2835,43.8737],[-69.2825,43.8646],[-69.2954,43.8626]]],[[[-69.3059,43.8774],[-69.3235,43.8606],[-69.3186,43.8797],[-69.3059,43.8774]]],[[[-69.1206,43.8717],[-69.1325,43.8713],[-69.1189,43.8983],[-69.1206,43.8717]]],[[[-69.308,43.891],[-69.3137,43.8912],[-69.3141,43.9023],[-69.308,43.891]]],[[[-69.0112,43.8998],[-69.0078,43.9073],[-69.0048,43.9013],[-69.0112,43.8998]]],[[[-69.3791,43.9021],[-69.3796,43.9139],[-69.3717,43.9145],[-69.3791,43.9021]]],[[[-69.3099,43.9063],[-69.3155,43.9136],[-69.3074,43.9181],[-69.3099,43.9063]]],[[[-69.0298,43.9153],[-69.0355,43.9114],[-69.0376,43.9162],[-69.0298,43.9153]]],[[[-69.4226,43.917],[-69.4289,43.9165],[-69.422,43.923],[-69.4226,43.917]]],[[[-69.2202,43.9149],[-69.2225,43.9254],[-69.2133,43.9198],[-69.2202,43.9149]]],[[[-69.3465,43.9225],[-69.3431,43.9349],[-69.3406,43.9338],[-69.3465,43.9225]]],[[[-69.4201,43.9359],[-69.4419,43.9163],[-69.4305,43.9511],[-69.4201,43.9359]]],[[[-69.293,43.9424],[-69.293,43.9333],[-69.3003,43.9371],[-69.293,43.9424]]],[[[-69.3873,43.9651],[-69.3915,43.9577],[-69.3948,43.9649],[-69.3873,43.9651]]],[[[-69.0785,43.973],[-69.0775,43.9841],[-69.0725,43.9787],[-69.0785,43.973]]],[[[-69.0961,43.984],[-69.0666,43.997],[-69.0654,43.9944],[-69.0696,43.9859],[-69.0961,43.984]]],[[[-69.0426,44.007],[-69.0547,43.9929],[-69.049,44.0111],[-69.0426,44.007]]],[[[-69.0716,44.0048],[-69.0626,44.0149],[-69.0561,44.0122],[-69.0716,44.0048]]],[[[-69.0462,44.0619],[-69.0516,44.063],[-69.0469,44.0689],[-69.0462,44.0619]]],[[[-69.0362,44.0744],[-69.0381,44.0858],[-69.032,44.0793],[-69.0362,44.0744]]],[[[-68.9651,44.1919],[-68.9644,44.2008],[-68.9587,44.1921],[-68.9651,44.1919]]],[[[-68.9397,44.2265],[-68.9519,44.2196],[-68.9318,44.2486],[-68.9397,44.2265]]],[[[-68.9459,44.2483],[-68.9656,44.2554],[-68.9363,44.2757],[-68.9459,44.2483]]],[[[-68.8867,43.8222],[-68.8991,43.8219],[-68.8776,43.8384],[-68.8867,43.8222]]],[[[-68.8097,43.8569],[-68.8265,43.8477],[-68.8158,43.8616],[-68.8097,43.8569]]],[[[-68.9059,43.8538],[-68.9024,43.8692],[-68.8817,43.8686],[-68.8914,43.8509],[-68.9059,43.8538]]],[[[-68.8938,44.0331],[-68.8891,44.0394],[-68.8843,44.0308],[-68.8938,44.0331]]],[[[-68.9063,44.0449],[-68.9129,44.0432],[-68.9104,44.0531],[-68.9063,44.0449]]],[[[-68.6528,44.0692],[-68.6711,44.0759],[-68.6086,44.0943],[-68.6065,44.0116],[-68.6278,44.0216],[-68.657,44.0038],[-68.6409,44.0506],[-68.6564,44.0482],[-68.6528,44.0692]]],[[[-68.8924,44.0621],[-68.8995,44.0561],[-68.8993,44.0669],[-68.8924,44.0621]]],[[[-68.5906,44.0587],[-68.5881,44.0723],[-68.5841,44.0716],[-68.5906,44.0587]]],[[[-68.8066,44.0353],[-68.87,44.0317],[-68.8798,44.0751],[-68.8921,44.0878],[-68.895,44.0729],[-68.9069,44.0785],[-68.899,44.1234],[-68.8636,44.1193],[-68.866,44.1007],[-68.8396,44.132],[-68.8372,44.1166],[-68.8061,44.1168],[-68.7745,44.0644],[-68.8066,44.0353]]],[[[-68.6372,44.0994],[-68.6513,44.1014],[-68.6491,44.1105],[-68.6372,44.0994]]],[[[-68.6231,44.1194],[-68.6188,44.1303],[-68.6085,44.1267],[-68.6231,44.1194]]],[[[-68.6398,44.1236],[-68.6338,44.13],[-68.6333,44.1254],[-68.6398,44.1236]]],[[[-68.6015,44.1387],[-68.6055,44.1355],[-68.6024,44.1421],[-68.6015,44.1387]]],[[[-68.6236,44.1406],[-68.6176,44.1423],[-68.6171,44.1367],[-68.6236,44.1406]]],[[[-68.808,44.1373],[-68.8239,44.1396],[-68.8056,44.1429],[-68.808,44.1373]]],[[[-68.7864,44.1441],[-68.7828,44.1408],[-68.7899,44.14],[-68.7864,44.1441]]],[[[-68.6485,44.1455],[-68.6526,44.1411],[-68.6554,44.1459],[-68.6485,44.1455]]],[[[-68.7945,44.1466],[-68.7945,44.1425],[-68.8035,44.1415],[-68.7945,44.1466]]],[[[-68.6338,44.145],[-68.6309,44.1529],[-68.6267,44.1515],[-68.6338,44.145]]],[[[-68.9035,44.1274],[-68.8769,44.1402],[-68.9443,44.1127],[-68.9159,44.149],[-68.8461,44.1844],[-68.8247,44.1861],[-68.8049,44.1526],[-68.8622,44.14],[-68.8572,44.1275],[-68.9035,44.1274]]],[[[-68.6117,44.1552],[-68.6122,44.146],[-68.6174,44.1564],[-68.6117,44.1552]]],[[[-68.5967,44.1776],[-68.5986,44.1746],[-68.6055,44.1788],[-68.5967,44.1776]]],[[[-68.5891,44.2019],[-68.6205,44.2002],[-68.6145,44.1809],[-68.668,44.1523],[-68.6662,44.135],[-68.7213,44.171],[-68.7139,44.1996],[-68.7317,44.2022],[-68.7193,44.2066],[-68.7316,44.2227],[-68.6984,44.233],[-68.6706,44.2799],[-68.6248,44.2587],[-68.5641,44.1916],[-68.601,44.192],[-68.5891,44.2019]]],[[[-68.7873,44.2114],[-68.7744,44.2194],[-68.7676,44.2173],[-68.78,44.201],[-68.7873,44.2114]]],[[[-68.8223,44.2182],[-68.8304,44.2168],[-68.8225,44.2225],[-68.8223,44.2182]]],[[[-68.7855,44.2248],[-68.7964,44.2282],[-68.7839,44.2314],[-68.7855,44.2248]]],[[[-68.8156,44.2378],[-68.8314,44.2337],[-68.8182,44.2433],[-68.8156,44.2378]]],[[[-68.7498,44.2429],[-68.7607,44.2398],[-68.7624,44.248],[-68.7498,44.2429]]],[[[-68.7575,44.2706],[-68.7393,44.269],[-68.7343,44.2599],[-68.7477,44.2617],[-68.7575,44.2706]]],[[[-68.7912,44.2822],[-68.7937,44.287],[-68.7852,44.2841],[-68.7912,44.2822]]],[[[-68.702,44.271],[-68.7432,44.3015],[-68.6864,44.2839],[-68.702,44.271]]],[[[-68.9265,44.233],[-68.9245,44.2835],[-68.9423,44.2844],[-68.9026,44.3245],[-68.9195,44.3376],[-68.9035,44.3786],[-68.8684,44.3814],[-68.8641,44.3549],[-68.8973,44.3266],[-68.8864,44.3044],[-68.9265,44.233]]],[[[-68.5592,44.0406],[-68.5539,44.0465],[-68.556,44.0395],[-68.5592,44.0406]]],[[[-68.5765,44.0952],[-68.5757,44.1015],[-68.5713,44.1],[-68.5765,44.0952]]],[[[-68.5036,44.0966],[-68.5187,44.1132],[-68.5113,44.1251],[-68.4902,44.1212],[-68.5036,44.0966]]],[[[-68.3686,44.0983],[-68.3754,44.1163],[-68.3504,44.1284],[-68.3305,44.1092],[-68.3686,44.0983]]],[[[-68.5787,44.1482],[-68.5851,44.1425],[-68.5825,44.1495],[-68.5787,44.1482]]],[[[-68.2498,44.144],[-68.2423,44.1574],[-68.2436,44.1428],[-68.2498,44.144]]],[[[-68.5012,44.154],[-68.4515,44.1916],[-68.4482,44.1729],[-68.4132,44.1877],[-68.3833,44.1558],[-68.4385,44.1162],[-68.4558,44.1603],[-68.4873,44.1429],[-68.5012,44.154]]],[[[-68.2392,44.1746],[-68.2455,44.1702],[-68.242,44.1767],[-68.2392,44.1746]]],[[[-68.3348,44.1768],[-68.3509,44.1695],[-68.3483,44.1864],[-68.3348,44.1768]]],[[[-68.3498,44.1954],[-68.3704,44.1802],[-68.3645,44.1975],[-68.3498,44.1954]]],[[[-68.3424,44.1937],[-68.3334,44.2087],[-68.3212,44.2037],[-68.3276,44.1941],[-68.3424,44.1937]]],[[[-68.4592,44.1977],[-68.4648,44.207],[-68.4538,44.2017],[-68.4592,44.1977]]],[[[-68.4712,44.2073],[-68.4907,44.2027],[-68.4814,44.2169],[-68.4712,44.2073]]],[[[-68.5608,44.2146],[-68.5646,44.2119],[-68.5679,44.2177],[-68.5608,44.2146]]],[[[-68.5385,44.2259],[-68.5449,44.2203],[-68.5499,44.2284],[-68.5385,44.2259]]],[[[-68.4795,44.2198],[-68.476,44.2312],[-68.4676,44.2247],[-68.4795,44.2198]]],[[[-68.5872,44.2264],[-68.5815,44.2324],[-68.576,44.2293],[-68.5872,44.2264]]],[[[-68.1931,44.239],[-68.199,44.2367],[-68.1977,44.2463],[-68.1931,44.239]]],[[[-68.2747,44.2587],[-68.2506,44.2576],[-68.2431,44.241],[-68.2744,44.2371],[-68.2747,44.2587]]],[[[-68.4584,44.2542],[-68.455,44.2589],[-68.4534,44.2562],[-68.4584,44.2542]]],[[[-68.2172,44.2575],[-68.2314,44.2561],[-68.2397,44.2648],[-68.2172,44.2575]]],[[[-68.4933,44.2826],[-68.4693,44.2705],[-68.4688,44.2635],[-68.4866,44.2691],[-68.4933,44.2826]]],[[[-68.2632,44.2703],[-68.2483,44.277],[-68.2457,44.2742],[-68.2632,44.2703]]],[[[-68.2934,44.2787],[-68.3029,44.277],[-68.3041,44.2838],[-68.2934,44.2787]]],[[[-68.4489,44.2975],[-68.4558,44.2998],[-68.4503,44.3137],[-68.4489,44.2975]]],[[[-68.4405,44.3212],[-68.4569,44.3443],[-68.4317,44.3718],[-68.4146,44.3572],[-68.4405,44.3212]]],[[[-68.4788,44.3196],[-68.4914,44.3118],[-68.5304,44.3336],[-68.5186,44.381],[-68.5014,44.3823],[-68.4788,44.3196]]],[[[-68.211,44.3968],[-68.2026,44.4004],[-68.2022,44.3974],[-68.211,44.3968]]],[[[-68.1546,44.4116],[-68.1637,44.4033],[-68.1594,44.4121],[-68.1546,44.4116]]],[[[-68.3842,44.4063],[-68.3906,44.4033],[-68.3892,44.4133],[-68.3842,44.4063]]],[[[-68.3345,44.4326],[-68.3417,44.4286],[-68.3372,44.4357],[-68.3345,44.4326]]],[[[-68.1518,44.4583],[-68.1541,44.465],[-68.1487,44.4613],[-68.1518,44.4583]]],[[[-68.1917,44.4674],[-68.1739,44.4672],[-68.1722,44.4637],[-68.1917,44.4674]]],[[[-68.0291,44.336],[-68.0301,44.3287],[-68.0352,44.3327],[-68.0291,44.336]]],[[[-68.0947,44.3514],[-68.1033,44.3582],[-68.0938,44.3562],[-68.0947,44.3514]]],[[[-67.866,44.3663],[-67.8713,44.3747],[-67.8642,44.3685],[-67.866,44.3663]]],[[[-68.1339,44.3793],[-68.1478,44.3924],[-68.1294,44.4048],[-68.1339,44.3793]]],[[[-68.1178,44.4095],[-68.128,44.4067],[-68.1261,44.4185],[-68.1178,44.4095]]],[[[-67.8756,44.4457],[-67.863,44.4545],[-67.8551,44.4187],[-67.8696,44.4265],[-67.8756,44.4457]]],[[[-68.1339,44.4274],[-68.1347,44.4501],[-68.1249,44.4454],[-68.1339,44.4274]]],[[[-67.8452,44.4498],[-67.8461,44.4476],[-67.8499,44.453],[-67.8452,44.4498]]],[[[-67.8385,44.4509],[-67.8382,44.4642],[-67.8327,44.4532],[-67.8385,44.4509]]],[[[-67.7377,44.463],[-67.7342,44.4693],[-67.7332,44.4652],[-67.7377,44.463]]],[[[-67.7798,44.4771],[-67.789,44.4724],[-67.7922,44.4808],[-67.7798,44.4771]]],[[[-67.6732,44.4759],[-67.6804,44.4804],[-67.6706,44.4812],[-67.6732,44.4759]]],[[[-67.8226,44.4847],[-67.8321,44.4796],[-67.8349,44.4854],[-67.8226,44.4847]]],[[[-67.5883,44.4498],[-67.6123,44.4853],[-67.618,44.5216],[-67.5992,44.5226],[-67.6027,44.509],[-67.5773,44.5217],[-67.5906,44.4941],[-67.5627,44.4721],[-67.5883,44.4498]]],[[[-67.6303,44.49],[-67.6329,44.4992],[-67.6296,44.4987],[-67.6303,44.49]]],[[[-67.539,44.4721],[-67.5638,44.5105],[-67.5347,44.5196],[-67.5106,44.4964],[-67.539,44.4721]]],[[[-67.8062,44.4859],[-67.8195,44.5106],[-67.8047,44.5081],[-67.8062,44.4859]]],[[[-67.6282,44.5114],[-67.6451,44.5046],[-67.6282,44.515],[-67.6282,44.5114]]],[[[-67.8328,44.52],[-67.8257,44.5408],[-67.8233,44.5191],[-67.8328,44.52]]],[[[-67.8259,44.545],[-67.8342,44.5479],[-67.8259,44.5495],[-67.8259,44.545]]],[[[-67.4537,44.5724],[-67.4606,44.5697],[-67.4577,44.5755],[-67.4537,44.5724]]],[[[-67.5416,44.5893],[-67.5231,44.5842],[-67.5142,44.5977],[-67.4815,44.5804],[-67.52,44.5797],[-67.49,44.561],[-67.5184,44.5542],[-67.5416,44.5893]]],[[[-67.3511,44.5816],[-67.3553,44.5762],[-67.3556,44.5837],[-67.3511,44.5816]]],[[[-67.3857,44.5995],[-67.3931,44.5984],[-67.3884,44.6032],[-67.3857,44.5995]]],[[[-67.3226,44.6116],[-67.2952,44.6211],[-67.261,44.6087],[-67.3142,44.5975],[-67.3226,44.6116]]],[[[-67.4989,44.622],[-67.5039,44.6171],[-67.5074,44.6228],[-67.4989,44.622]]],[[[-67.3344,44.6485],[-67.3313,44.6527],[-67.3272,44.6513],[-67.3344,44.6485]]],[[[-67.3551,44.6495],[-67.361,44.6521],[-67.3567,44.6539],[-67.3551,44.6495]]],[[[-67.3546,44.669],[-67.356,44.6636],[-67.3641,44.6676],[-67.3546,44.669]]],[[[-67.3339,44.6779],[-67.338,44.6798],[-67.3301,44.6839],[-67.3339,44.6779]]]]}},{"type":"Feature","properties":{"StateFIPS":"01","state":"Alabama"},"geometry":{"type":"MultiPolygon","coordinates":[[[[-88.1998,30.2478],[-88.3273,30.2299],[-88.2015,30.2512],[-88.1411,30.255],[-88.1177,30.2791],[-88.0749,30.2491],[-88.1998,30.2478]]],[[[-88.2615,30.3466],[-88.2572,30.3525],[-88.2554,30.3262],[-88.2615,30.3466]]],[[[-88.0292,30.5196],[-88.0267,30.4911],[-88.0534,30.507],[-88.0292,30.5196]]],[[[-88.0877,30.5644],[-88.1073,30.3772],[-88.14,30.3132],[-88.1463,30.331],[-88.1957,30.3212],[-88.1871,30.3627],[-88.2881,30.3873],[-88.3115,30.3702],[-88.3151,30.3916],[-88.338,30.4048],[-88.3574,30.4066],[-88.395,30.3694],[-88.4732,31.8939],[-88.2746,33.534],[-88.1736,34.3211],[-88.14,34.5817],[-88.0979,34.8922],[-88.1367,34.9076],[-88.203,35.008],[-85.6052,34.9847],[-85.1844,32.8613],[-85.1543,32.8475],[-85.1679,32.8116],[-85.1222,32.7734],[-85.1426,32.7607],[-85.1348,32.7468],[-85.2848,32.7451],[-85.1185,32.7408],[-85.117,32.692],[-85.0885,32.6578],[-85.1053,32.6448],[-85.0836,32.636],[-85.0675,32.5795],[-85.0008,32.5102],[-84.9935,32.4507],[-84.963,32.4242],[-84.9794,32.4122],[-84.9688,32.393],[-84.9886,32.3841],[-84.972,32.3777],[-85.0071,32.3284],[-84.9338,32.2983],[-84.8891,32.2609],[-84.923,32.2508],[-84.9127,32.2433],[-84.9301,32.2191],[-84.9721,32.2183],[-84.9802,32.2078],[-84.9646,32.1952],[-85.0085,32.1819],[-85.0621,32.1325],[-85.0455,32.0869],[-85.0493,32.0227],[-85.0678,31.9674],[-85.0868,31.9578],[-85.0789,31.9402],[-85.1131,31.9119],[-85.114,31.8934],[-85.1343,31.8915],[-85.1419,31.782],[-85.127,31.7623],[-85.1255,31.695],[-85.0575,31.6186],[-85.058,31.5708],[-85.0413,31.541],[-85.0716,31.4684],[-85.0659,31.4306],[-85.0922,31.3646],[-85.0877,31.3087],[-85.1146,31.2773],[-85.0968,31.2257],[-85.1075,31.1865],[-85.0356,31.1082],[-85.0025,31.0007],[-87.5989,30.9973],[-87.5892,30.9645],[-87.6349,30.8659],[-87.545,30.7787],[-87.5326,30.7435],[-87.407,30.6752],[-87.395,30.6153],[-87.4478,30.5119],[-87.4251,30.4656],[-87.3666,30.4366],[-87.4296,30.4065],[-87.46,30.3363],[-87.5047,30.324],[-87.5028,30.3073],[-87.4501,30.3111],[-87.4524,30.3002],[-87.8006,30.2294],[-88.0277,30.2236],[-87.9668,30.2356],[-87.936,30.2615],[-87.8932,30.2392],[-87.7878,30.2542],[-87.7472,30.2878],[-87.8093,30.3327],[-87.8374,30.3763],[-87.9063,30.4094],[-87.92,30.4706],[-87.937,30.4831],[-87.9017,30.5509],[-87.9367,30.6574],[-88.0076,30.6874],[-88.024,30.66],[-88.0619,30.6436],[-88.054,30.6125],[-88.0877,30.5644]],[[-87.6347,34.307],[-87.6086,34.3066],[-88.1736,34.3211],[-87.6347,34.307]],[[-87.5297,34.5671],[-87.5286,34.5686],[-88.14,34.5817],[-87.5297,34.5671]],[[-87.278,34.7789],[-87.2752,34.7756],[-87.2149,34.8163],[-87.278,34.7789]],[[-87.2607,34.7586],[-87.2979,34.7508],[-87.2352,34.7612],[-87.2719,34.7717],[-87.2607,34.7586]],[[-87.1625,34.7351],[-87.1716,34.7429],[-87.1912,34.7485],[-87.1625,34.7351]],[[-87.1051,34.686],[-87.1046,34.6858],[-87.1057,34.6867],[-87.1051,34.686]],[[-87.1097,34.3138],[-86.4775,34.3028],[-86.5819,34.3047],[-87.1097,34.3138]],[[-87.1679,34.0043],[-87.1432,33.9844],[-87.151,33.9932],[-87.112,33.9924],[-87.1679,34.0043]],[[-87.0067,33.8666],[-86.9945,33.8642],[-87.0071,33.8889],[-87.0067,33.8666]],[[-86.9634,33.8582],[-86.9407,33.8662],[-86.9792,33.8613],[-86.9634,33.8582]],[[-86.9556,33.812],[-86.9537,33.8153],[-86.9634,33.8582],[-86.9556,33.812]],[[-87.0233,33.7727],[-86.9709,33.7865],[-86.9651,33.7962],[-87.0233,33.7727]],[[-87.1445,33.6282],[-87.1444,33.6195],[-87.0927,33.6278],[-87.1445,33.6282]],[[-87.1969,33.5993],[-87.2011,33.5836],[-87.1881,33.6017],[-87.1969,33.5993]],[[-87.2041,33.5725],[-87.1876,33.5515],[-87.2031,33.5764],[-87.2041,33.5725]],[[-87.2669,33.5129],[-87.3182,33.5142],[-87.2649,33.5045],[-87.2702,33.5303],[-87.2669,33.5129]],[[-87.2884,33.5001],[-87.2636,33.4983],[-87.2646,33.5031],[-87.2884,33.5001]],[[-87.0657,33.2469],[-87.0268,33.2465],[-86.9829,33.246],[-87.0657,33.2469]],[[-87.1217,33.2281],[-87.1215,33.2217],[-87.1041,33.2215],[-87.1217,33.2281]],[[-87.1433,33.2362],[-87.1479,33.2329],[-87.1377,33.2341],[-87.1433,33.2362]],[[-87.7105,33.0149],[-87.709,33.0067],[-87.3185,33.0062],[-87.7105,33.0149]],[[-87.4214,32.8308],[-87.4212,32.8745],[-87.4219,33.0034],[-87.4214,32.8308]],[[-86.4112,32.4099],[-86.4133,32.7506],[-86.4131,32.7074],[-86.4112,32.4099]],[[-86.4588,32.4057],[-86.4251,32.4024],[-86.3979,32.4128],[-86.3966,32.4272],[-86.4112,32.4099],[-86.4588,32.4057]],[[-86.4777,32.371],[-86.4625,32.3781],[-86.4588,32.4057],[-86.4777,32.371]],[[-86.023,32.42],[-86.007,32.4265],[-86.0338,32.4228],[-86.0464,32.4061],[-86.023,32.42]],[[-85.9928,32.34],[-85.9905,32.3393],[-86.023,32.42],[-85.9928,32.34]],[[-85.9487,32.2955],[-85.9253,32.2815],[-85.9691,32.3336],[-85.9487,32.2955]],[[-85.9866,32.2723],[-85.8987,32.275],[-85.9218,32.2774],[-85.9866,32.2723]],[[-86.3022,31.9651],[-86.1905,31.9627],[-86.1913,31.966],[-86.3022,31.9651]],[[-86.1471,31.663],[-86.1473,31.7761],[-86.1483,31.791],[-86.1471,31.663]],[[-86.1804,31.622],[-86.1761,31.6215],[-86.1471,31.663],[-86.1804,31.622]],[[-87.1725,34.0053],[-87.1996,33.985],[-87.1696,34.0047],[-87.1725,34.0053]],[[-87.4217,32.3081],[-87.5243,32.3073],[-87.4731,32.3076],[-87.4217,32.3081]],[[-87.4368,32.2653],[-87.4722,32.2649],[-87.5234,32.2548],[-87.4368,32.2653]],[[-86.9074,31.7525],[-86.9074,31.7525],[-87.0045,31.7149],[-86.9074,31.7525]],[[-86.764,31.2613],[-87.4275,31.2604],[-87.4892,31.2601],[-86.764,31.2613]],[[-88.0903,31.7066],[-88.0934,31.7375],[-88.1049,31.7608],[-88.0903,31.7066]],[[-88.1789,31.8171],[-88.1713,31.8307],[-88.1805,31.8201],[-88.1789,31.8171]],[[-88.0757,31.9599],[-88.0708,31.9586],[-88.0717,31.9698],[-88.0757,31.9599]],[[-88.0735,31.9897],[-88.0735,31.9902],[-88.0921,32.007],[-88.0735,31.9897]],[[-88.1024,31.9983],[-88.0951,31.9931],[-88.0921,32.007],[-88.1024,31.9983]],[[-87.9437,31.1613],[-87.9888,31.1733],[-87.9663,31.1483],[-87.9397,31.1458],[-87.9729,31.1627],[-87.9437,31.1613]],[[-87.9466,31.1929],[-87.9182,31.1856],[-87.9501,31.2009],[-87.9437,31.1613],[-87.9466,31.1929]],[[-87.8792,31.198],[-87.8781,31.2],[-87.9182,31.1856],[-87.8792,31.198]],[[-87.9759,31.0824],[-87.9416,31.0613],[-87.9732,31.0871],[-87.9759,31.0824]],[[-88.0023,30.7028],[-88.0017,30.7046],[-88.004,30.709],[-88.0023,30.7028]],[[-87.875,31.2147],[-87.8744,31.2071],[-87.871,31.2134],[-87.875,31.2147]],[[-87.8071,31.3177],[-87.7866,31.2779],[-87.7839,31.2778],[-87.8071,31.3177]],[[-87.7716,31.2937],[-87.7124,31.3011],[-87.7652,31.2973],[-87.7848,31.3247],[-87.7657,31.2953],[-87.8071,31.3177],[-87.7716,31.2937]],[[-87.6625,31.253],[-87.6575,31.2521],[-87.7124,31.3011],[-87.6625,31.253]],[[-87.944,31.2443],[-87.9862,31.2598],[-87.931,31.2271],[-87.944,31.2443]],[[-87.662,31.4222],[-87.6096,31.4078],[-87.6543,31.4258],[-87.662,31.4222]],[[-87.7148,31.3828],[-87.6736,31.4166],[-87.706,31.401],[-87.7148,31.3828]],[[-87.7373,31.3362],[-87.7244,31.3404],[-87.7253,31.3611],[-87.7373,31.3362]],[[-87.763,31.3642],[-87.7464,31.3333],[-87.7405,31.3352],[-87.763,31.3642]],[[-88.1818,32.8341],[-88.1744,32.8339],[-88.1557,32.859],[-88.1818,32.8341]],[[-88.0716,32.634],[-88.055,32.6465],[-88.0567,32.6622],[-88.0716,32.634]],[[-88.0792,32.6197],[-88.0681,32.6081],[-88.0779,32.622],[-88.0792,32.6197]],[[-88.0537,32.5931],[-87.9287,32.6323],[-88.0559,32.5953],[-88.0537,32.5931]],[[-87.8738,32.5443],[-87.8684,32.5412],[-87.8741,32.5508],[-87.8738,32.5443]],[[-87.8446,32.5273],[-87.8446,32.5388],[-87.8588,32.5356],[-87.8446,32.5273]],[[-87.8166,32.5181],[-87.7285,32.5245],[-87.8126,32.5246],[-87.7877,32.5823],[-87.8166,32.5181]],[[-87.7376,32.5905],[-87.749,32.6132],[-87.7385,32.5898],[-87.7376,32.5905]],[[-87.8043,32.7429],[-87.8098,32.7496],[-87.8308,32.7129],[-87.8043,32.7429]],[[-87.8232,32.7659],[-87.8253,32.7657],[-87.819,32.7607],[-87.8232,32.7659]],[[-87.7321,32.9456],[-87.7357,32.9464],[-87.775,32.9269],[-87.7321,32.9456]],[[-87.7076,32.9899],[-87.7106,32.9961],[-87.7496,32.9788],[-87.7076,32.9899]],[[-87.8446,32.5254],[-87.905,32.5227],[-87.8446,32.5182],[-87.8446,32.5254]],[[-88.1183,32.0511],[-88.1047,32.0],[-88.1167,32.0518],[-88.1183,32.0511]],[[-88.0459,32.0815],[-88.0815,32.0666],[-88.0706,32.0617],[-88.0459,32.0815]],[[-88.0133,32.1662],[-88.0146,32.1622],[-88.0132,32.1634],[-88.0133,32.1662]],[[-87.8399,33.1527],[-87.8321,33.0176],[-87.8407,33.5232],[-87.8399,33.1527]],[[-87.3711,33.5947],[-87.371,33.5871],[-87.3185,33.5874],[-87.3711,33.5947]],[[-87.5463,34.8304],[-87.5649,34.8238],[-87.535,34.8276],[-87.5463,34.8304]],[[-87.4361,34.7275],[-87.4162,34.7624],[-87.4179,34.7634],[-87.4361,34.7275]],[[-87.5137,34.5886],[-87.4775,34.6373],[-87.5043,34.6166],[-87.5137,34.5886]],[[-86.7016,31.5239],[-86.5729,31.5253],[-86.838,31.5252],[-86.7016,31.5239]],[[-86.9089,31.9617],[-86.8001,31.9624],[-86.8576,31.9622],[-86.9089,31.9617]],[[-86.8504,32.3289],[-86.8149,32.3408],[-86.8154,32.3136],[-86.8074,32.3544],[-86.8504,32.3289]],[[-86.618,32.4057],[-86.6218,32.405],[-86.6172,32.3973],[-86.618,32.4057]],[[-86.5819,32.375],[-86.5953,32.3613],[-86.5778,32.3743],[-86.5819,32.375]],[[-86.4915,32.34],[-86.4965,32.3457],[-86.5325,32.3388],[-86.4915,32.34]],[[-86.4829,32.3329],[-86.4836,32.3119],[-86.4739,32.3254],[-86.4829,32.3329]],[[-86.2558,34.9292],[-86.2632,34.9353],[-86.2651,34.9263],[-86.2558,34.9292]],[[-86.2722,34.9241],[-86.2692,34.9251],[-86.2933,34.945],[-86.2722,34.9241]],[[-86.1264,34.5333],[-86.1478,34.5209],[-86.1162,34.5288],[-86.1264,34.5333]],[[-86.0876,34.4666],[-86.0999,34.5215],[-86.1129,34.5273],[-86.0876,34.4666]],[[-86.0638,34.4688],[-86.0638,34.4688],[-86.1189,34.4038],[-86.0638,34.4688]],[[-86.1056,34.1862],[-86.1061,34.2008],[-86.1189,34.4038],[-86.1056,34.1862]],[[-86.2778,33.9893],[-86.3256,33.9401],[-86.3495,33.907],[-86.2778,33.9893]],[[-86.1988,33.9888],[-86.2078,33.9849],[-86.192,33.9836],[-86.1988,33.9888]],[[-86.1681,33.9652],[-86.1882,33.9807],[-86.1673,33.9433],[-86.1681,33.9652]],[[-86.0517,33.8271],[-86.0597,33.836],[-86.0644,33.7978],[-86.0517,33.8271]],[[-86.0507,33.6746],[-86.1456,33.6791],[-86.1374,33.7154],[-86.1517,33.673],[-86.0507,33.6746]],[[-86.1921,33.6965],[-86.1629,33.6728],[-86.1517,33.673],[-86.1806,33.699],[-86.1921,33.6965]],[[-86.1988,33.6917],[-86.1954,33.6958],[-86.2006,33.6947],[-86.1988,33.6917]],[[-86.1724,33.6598],[-86.1854,33.6693],[-86.1675,33.6391],[-86.1724,33.6598]],[[-86.1653,33.6302],[-86.1657,33.6317],[-86.1666,33.6295],[-86.1653,33.6302]],[[-86.3785,33.3912],[-86.3085,33.4536],[-86.3785,33.3912],[-86.3785,33.3912]],[[-86.3785,33.3872],[-86.3415,33.3555],[-86.3785,33.3908],[-86.3785,33.3872]],[[-86.4244,33.2606],[-86.4335,33.2826],[-86.4289,33.253],[-86.4244,33.2606]],[[-86.4355,33.242],[-86.4311,33.2493],[-86.458,33.2414],[-86.4355,33.242]],[[-86.4897,33.1971],[-86.4647,33.1971],[-86.4861,33.2019],[-86.4897,33.1971]],[[-86.5015,33.1771],[-86.4976,33.1865],[-86.5031,33.1791],[-86.5015,33.1771]],[[-86.0093,33.1046],[-86.1744,33.1044],[-86.4894,33.1029],[-86.0093,33.1046]],[[-86.0072,32.755],[-86.0092,33.0903],[-86.0093,33.1046],[-86.0072,32.755]],[[-86.3195,32.7537],[-85.9722,32.7549],[-86.0072,32.755],[-86.3195,32.7537]],[[-86.3734,32.7523],[-86.3368,32.7538],[-86.3797,32.7569],[-86.3734,32.7523]],[[-86.562,34.5682],[-86.5502,34.546],[-86.5345,34.5043],[-86.5535,34.5617],[-86.562,34.5682]],[[-86.5,34.4823],[-86.4826,34.4817],[-86.5345,34.5043],[-86.5,34.4823]],[[-86.5167,33.5534],[-86.5172,33.5241],[-86.5168,33.546],[-86.4815,33.5461],[-86.552,33.561],[-86.5167,33.5534]],[[-86.8812,33.051],[-86.8811,33.051],[-86.8816,33.0719],[-86.8812,33.051]],[[-86.5121,33.0859],[-86.5173,33.0206],[-86.516,32.9294],[-86.5121,33.0859]],[[-86.4468,34.2589],[-86.453,34.2593],[-86.468,34.2576],[-86.4468,34.2589]],[[-86.5219,34.2384],[-86.5125,34.2526],[-86.5196,34.2518],[-86.5219,34.2384]],[[-86.5498,34.1963],[-86.5352,34.2184],[-86.5543,34.2052],[-86.5498,34.1963]],[[-86.6686,34.0838],[-86.6373,34.1109],[-86.6534,34.1072],[-86.6686,34.0838]],[[-86.6925,34.0924],[-86.7012,34.0828],[-86.6686,34.0838],[-86.6925,34.0924]],[[-86.6843,34.0545],[-86.702,34.082],[-86.704,34.0797],[-86.6843,34.0545]],[[-86.8319,33.9449],[-86.8206,33.9414],[-86.8211,33.9487],[-86.8319,33.9449]],[[-86.8718,33.9309],[-86.8624,33.9293],[-86.8548,33.9369],[-86.8718,33.9309]],[[-86.8866,33.9169],[-86.9149,33.9158],[-86.9167,33.9108],[-86.8866,33.9169]],[[-86.9316,33.8694],[-86.9202,33.8735],[-86.9226,33.8943],[-86.9316,33.8694]],[[-86.872,34.5729],[-86.8386,34.5566],[-86.805,34.5548],[-86.872,34.5729]],[[-86.7565,34.5552],[-86.7727,34.5531],[-86.761,34.5525],[-86.7565,34.5552]],[[-86.7094,34.5884],[-86.7399,34.5656],[-86.7047,34.5875],[-86.7094,34.5884]],[[-86.6815,34.583],[-86.6993,34.5864],[-86.6748,34.5645],[-86.6815,34.583]],[[-86.6558,34.5518],[-86.6629,34.5539],[-86.6587,34.5501],[-86.6558,34.5518]],[[-86.6142,34.5772],[-86.62,34.5721],[-86.6102,34.5777],[-86.6142,34.5772]],[[-86.5789,34.5814],[-86.5969,34.5792],[-86.5702,34.5746],[-86.5789,34.5814]],[[-85.416,31.7067],[-85.4164,31.6195],[-85.4165,31.5669],[-85.416,31.7067]],[[-85.4335,32.2346],[-85.4274,32.1466],[-85.4386,32.4971],[-85.4335,32.2346]],[[-85.4274,32.1466],[-85.4102,32.1467],[-85.2577,32.1483],[-85.4274,32.1466]],[[-85.7189,31.675],[-85.7271,31.6431],[-85.717,31.6551],[-85.7189,31.675]],[[-85.9935,32.4515],[-85.9951,32.4312],[-85.9907,32.4331],[-85.9935,32.4515]],[[-85.9277,32.4541],[-85.9538,32.4411],[-85.8928,32.4481],[-85.9277,32.4541]],[[-85.8727,32.4739],[-85.889,32.4485],[-85.8799,32.4495],[-85.8727,32.4739]],[[-85.8782,32.4951],[-85.8755,32.4932],[-85.7972,32.4942],[-85.8782,32.4951]],[[-85.6968,32.6974],[-85.6959,32.5959],[-85.6957,32.582],[-85.6968,32.6974]],[[-85.8877,32.6476],[-85.891,32.5042],[-85.8883,32.5023],[-85.8877,32.6476]],[[-85.91,32.6819],[-85.9117,32.6778],[-85.8877,32.6476],[-85.91,32.6819]],[[-85.7961,33.5562],[-85.7961,33.5562],[-85.7946,33.5856],[-85.7961,33.5562]],[[-85.7245,33.5994],[-85.7247,33.6044],[-85.7423,33.6],[-85.7245,33.5994]],[[-85.5301,33.9414],[-85.5294,33.956],[-85.5325,33.8892],[-85.5301,33.9414]],[[-85.4958,33.9424],[-85.4956,33.9474],[-85.5301,33.9414],[-85.4958,33.9424]],[[-85.8555,33.4999],[-85.9049,33.4987],[-85.8568,33.4987],[-85.8555,33.4999]],[[-85.35,33.5012],[-85.7654,33.4986],[-85.6435,33.4959],[-85.35,33.5012]],[[-85.8438,34.2446],[-85.8436,34.2],[-85.8414,34.1107],[-85.8438,34.2446]]]]}},{"type":"Feature","properties":{"StateFIPS":"41","state":"Oregon"},"geometry":{"type":"MultiPolygon","coordinates":[[[[-123.8117,41.9952],[-123.8292,42.0083],[-123.822,41.9956],[-124.2116,41.9985],[-124.354,42.1035],[-124.361,42.1808],[-124.411,42.2505],[-124.4118,42.3074],[-124.4331,42.324],[-124.4351,42.4419],[-124.39,42.5748],[-124.4049,42.5911],[-124.4012,42.6272],[-124.4168,42.6616],[-124.4507,42.6758],[-124.4739,42.7327],[-124.5147,42.7368],[-124.5361,42.8142],[-124.5662,42.8364],[-124.4796,42.9543],[-124.3953,43.2111],[-124.3825,43.2702],[-124.4028,43.3059],[-124.315,43.3884],[-124.219,43.6109],[-124.1587,43.8637],[-124.114,44.277],[-124.0583,44.6589],[-124.0792,44.6772],[-124.0579,44.7352],[-124.0741,44.7981],[-124.0323,44.9008],[-124.0089,45.045],[-123.7247,45.0444],[-124.018,45.0498],[-123.9754,45.1455],[-123.9765,45.2193],[-123.9581,45.278],[-123.9729,45.3369],[-124.0078,45.3368],[-123.9734,45.3548],[-123.9657,45.3862],[-123.962,45.4432],[-123.9787,45.4869],[-123.9576,45.5104],[-123.9373,45.6564],[-123.9431,45.727],[-123.9817,45.7625],[-123.9691,45.7831],[-123.9676,45.9078],[-123.9937,45.9464],[-123.9375,45.9773],[-123.9293,46.042],[-123.9592,46.1417],[-124.0214,46.2301],[-124.0002,46.2364],[-123.9898,46.2092],[-123.954,46.2072],[-123.9025,46.1687],[-123.8548,46.1573],[-123.8384,46.1711],[-123.8578,46.1908],[-123.7576,46.213],[-123.6934,46.1898],[-123.6668,46.2182],[-123.6195,46.2153],[-123.5477,46.2591],[-123.4687,46.2645],[-123.4276,46.2293],[-123.431,46.1816],[-123.3637,46.1463],[-123.2802,46.1448],[-123.1664,46.189],[-123.1159,46.1853],[-122.9041,46.0837],[-122.8781,46.0313],[-122.814,45.961],[-122.8115,45.9127],[-122.785,45.8677],[-122.7956,45.81],[-122.7695,45.7806],[-122.7638,45.6571],[-122.675,45.618],[-122.4387,45.5636],[-122.3803,45.5759],[-122.2949,45.5435],[-122.1837,45.5777],[-122.1017,45.5835],[-121.8113,45.7068],[-121.7074,45.6948],[-121.5331,45.7265],[-121.4412,45.6973],[-121.3378,45.7049],[-121.2158,45.6712],[-121.1838,45.6064],[-121.132,45.6098],[-121.0644,45.6525],[-120.944,45.6564],[-120.9098,45.6261],[-120.9158,45.6413],[-120.6535,45.7372],[-120.5912,45.7465],[-120.5059,45.7],[-120.2108,45.726],[-120.1705,45.762],[-119.9995,45.8125],[-119.6699,45.8569],[-119.6234,45.9056],[-119.5716,45.9255],[-119.4878,45.9063],[-119.2571,45.9399],[-119.1261,45.9329],[-119.0271,45.9691],[-118.9872,45.9998],[-116.916,45.9954],[-116.876,45.9544],[-116.8573,45.9042],[-116.7961,45.8585],[-116.7827,45.8254],[-116.7118,45.8263],[-116.6653,45.782],[-116.593,45.7785],[-116.5466,45.751],[-116.5354,45.6917],[-116.4879,45.6498],[-116.4636,45.6028],[-116.5259,45.5537],[-116.5576,45.5032],[-116.5548,45.4629],[-116.5882,45.4429],[-116.6738,45.3215],[-116.6745,45.2763],[-116.7032,45.2408],[-116.7288,45.1444],[-116.7748,45.1055],[-116.7838,45.0783],[-116.8479,45.0226],[-116.857,44.9752],[-116.8263,44.9825],[-116.8507,44.9581],[-116.8322,44.9314],[-116.8524,44.8876],[-116.8958,44.8558],[-116.9347,44.7839],[-117.0623,44.7271],[-117.1524,44.5318],[-117.2241,44.4837],[-117.2151,44.4272],[-117.243,44.391],[-117.1898,44.3366],[-117.2201,44.3014],[-117.1981,44.2738],[-117.1571,44.2575],[-117.1042,44.2799],[-117.053,44.2291],[-117.0319,44.2486],[-116.9759,44.2428],[-116.9717,44.1973],[-116.8958,44.1713],[-116.9337,44.1],[-116.9774,44.0854],[-116.9725,44.0488],[-116.9373,44.0294],[-116.9358,43.9909],[-116.9762,43.9747],[-116.9598,43.9638],[-116.9716,43.957],[-116.9588,43.9232],[-116.9819,43.9125],[-116.9842,43.8668],[-117.02,43.859],[-117.0104,43.8448],[-117.0329,43.83],[-117.0216,43.8194],[-117.0262,41.9999],[-120.8799,41.9938],[-122.2897,42.0081],[-123.8117,41.9952]],[[-123.1875,44.2837],[-123.7756,44.2835],[-124.114,44.277],[-123.1875,44.2837]],[[-123.725,44.739],[-123.7244,45.0761],[-123.7247,45.0444],[-123.725,44.739]],[[-117.266,45.0806],[-117.5635,45.0794],[-116.7838,45.0783],[-117.266,45.0806]],[[-121.8603,45.4894],[-121.8333,45.471],[-121.8693,45.5141],[-121.8603,45.4894]],[[-122.7439,45.5195],[-122.7437,45.3321],[-122.7437,45.4333],[-122.7439,45.5195]],[[-122.8568,45.2597],[-122.8527,45.2624],[-122.8681,45.2597],[-122.8568,45.2597]],[[-121.7393,44.8821],[-121.7356,44.8857],[-122.401,44.8857],[-121.7393,44.8821]],[[-121.7529,44.8616],[-121.749,44.8566],[-121.7474,44.8674],[-121.7529,44.8616]],[[-121.7948,44.686],[-121.7872,44.6893],[-121.8002,44.7355],[-121.7948,44.686]],[[-122.033,44.6857],[-121.7996,44.6839],[-121.7994,44.684],[-122.033,44.6857]],[[-121.8469,44.4911],[-121.8475,44.4859],[-121.8099,44.5138],[-121.8469,44.4911]],[[-121.8495,44.4684],[-121.8411,44.2895],[-121.8487,44.4751],[-121.8495,44.4684]],[[-121.784,44.1485],[-121.774,44.1277],[-121.7755,44.1617],[-121.784,44.1485]],[[-121.7891,44.0767],[-121.7725,44.091],[-121.7731,44.106],[-121.7891,44.0767]],[[-122.0001,43.6264],[-122.0088,43.6127],[-121.9684,43.6264],[-122.0001,43.6264]],[[-122.131,43.5573],[-122.1495,43.5207],[-122.1258,43.5595],[-122.131,43.5573]],[[-122.1305,43.4933],[-122.1287,43.4969],[-122.1302,43.4986],[-122.1305,43.4933]],[[-122.132,43.4402],[-122.0934,43.4293],[-122.153,43.4477],[-122.132,43.4402]],[[-123.135,44.7401],[-123.149,44.7202],[-123.1335,44.7387],[-123.135,44.7401]],[[-123.1169,44.677],[-123.1005,44.6754],[-123.149,44.7202],[-123.1169,44.677]],[[-123.1478,44.7514],[-123.1434,44.7491],[-123.1382,44.7511],[-123.1478,44.7514]],[[-122.7826,44.7943],[-122.7877,44.7919],[-122.727,44.7931],[-122.7826,44.7943]],[[-122.6205,44.7892],[-122.6916,44.7754],[-122.6169,44.788],[-122.6205,44.7892]],[[-123.4608,42.7001],[-123.4553,42.6994],[-123.4014,42.7103],[-123.4608,42.7001]],[[-123.8176,43.4313],[-123.7649,43.4228],[-123.7649,43.4315],[-123.8176,43.4313]],[[-124.1329,42.6667],[-124.1179,42.6732],[-124.1333,42.6717],[-124.1329,42.6667]],[[-123.849,42.043],[-123.8453,42.0366],[-123.8479,42.0447],[-123.849,42.043]],[[-123.619,43.9211],[-123.6588,43.932],[-123.6589,43.9217],[-123.619,43.9211]],[[-123.7038,43.9443],[-123.7982,43.9434],[-123.6788,43.9375],[-123.7038,43.9443]],[[-123.832,43.9431],[-123.8828,43.9046],[-123.8294,43.9431],[-123.832,43.9431]],[[-123.0827,44.659],[-123.0793,44.6497],[-123.0736,44.6505],[-123.0827,44.659]],[[-123.2055,44.3125],[-123.1907,44.2955],[-123.1938,44.307],[-123.2055,44.3125]],[[-123.0683,45.0749],[-123.7244,45.0765],[-123.7244,45.0762],[-123.0683,45.0749]],[[-122.9676,45.2851],[-122.996,45.2648],[-122.9963,45.261],[-122.9676,45.2851]],[[-122.9473,45.2675],[-122.9085,45.2605],[-122.9676,45.2851],[-122.9473,45.2675]],[[-122.8672,45.253],[-122.8575,45.2592],[-122.8908,45.2572],[-122.8672,45.253]],[[-123.0933,44.814],[-123.176,44.8349],[-123.1752,44.8311],[-123.0933,44.814]],[[-123.0415,44.9481],[-123.0408,44.9543],[-123.0715,44.9282],[-123.0415,44.9481]],[[-123.0377,44.9837],[-123.0399,44.9842],[-123.039,44.971],[-123.0377,44.9837]],[[-123.4427,45.5211],[-123.4512,45.4914],[-123.4411,45.4913],[-123.4427,45.5211]],[[-123.2994,45.6072],[-123.3117,45.5901],[-123.2993,45.593],[-123.2994,45.6072]],[[-123.4233,45.6362],[-123.3404,45.6168],[-123.3405,45.6222],[-123.4233,45.6362]],[[-120.3861,44.4361],[-120.3857,44.7612],[-120.3866,44.564],[-120.3861,44.4361]],[[-119.6572,43.9593],[-119.6524,44.8233],[-119.6555,44.307],[-119.6572,43.9593]],[[-118.5092,44.9952],[-119.163,44.9962],[-119.6374,44.9951],[-118.5092,44.9952]],[[-118.4481,44.9906],[-118.4571,44.9913],[-118.447,44.9879],[-118.4481,44.9906]],[[-118.1304,45.045],[-118.1614,45.0157],[-118.1137,45.045],[-118.1304,45.045]],[[-118.0988,45.0449],[-118.1062,45.0449],[-118.0912,45.0376],[-118.0988,45.0449]],[[-117.993,44.9965],[-118.0234,45.0046],[-118.0033,44.9948],[-117.993,44.9965]],[[-117.9403,45.012],[-117.9719,44.9999],[-117.9526,45.003],[-117.9403,45.012]],[[-118.1934,44.2633],[-118.1529,44.2707],[-118.1934,44.2707],[-118.1934,44.2633]],[[-118.504,44.6652],[-118.5144,44.6962],[-118.5176,44.6901],[-118.504,44.6652]],[[-118.5105,44.7036],[-118.4867,44.7083],[-118.5078,44.7089],[-118.5105,44.7036]],[[-118.4537,44.7147],[-118.3958,44.726],[-118.4435,44.7242],[-118.4537,44.7147]],[[-118.3706,44.745],[-118.3798,44.7444],[-118.3958,44.726],[-118.3706,44.745]],[[-120.483,45.4205],[-120.5251,45.4052],[-120.5257,45.4016],[-120.483,45.4205]],[[-120.5262,45.399],[-120.5298,45.3804],[-120.5185,45.3946],[-120.5262,45.399]],[[-120.4634,45.1051],[-120.5101,45.1013],[-120.5082,45.096],[-120.4634,45.1051]],[[-120.4978,45.0718],[-120.4946,45.0655],[-120.4952,45.0683],[-120.4978,45.0718]],[[-120.4772,44.9819],[-120.4776,44.9842],[-120.4775,44.9811],[-120.4772,44.9819]],[[-121.6543,45.092],[-121.6526,45.102],[-121.667,45.1205],[-121.6543,45.092]],[[-121.7707,45.0398],[-121.7718,45.0373],[-121.7177,45.0376],[-121.7707,45.0398]],[[-121.8044,45.0129],[-121.8027,45.0073],[-121.7812,45.0157],[-121.8044,45.0129]],[[-121.0188,45.2165],[-121.0174,45.282],[-121.0243,45.2195],[-121.0188,45.2165]],[[-120.8356,45.4712],[-120.8281,45.5101],[-120.839,45.5018],[-120.8356,45.4712]],[[-120.8271,45.5153],[-120.8422,45.5186],[-120.8277,45.5121],[-120.8271,45.5153]],[[-120.8953,45.5425],[-120.8987,45.5466],[-120.8984,45.544],[-120.8953,45.5425]],[[-120.8954,45.5893],[-120.9039,45.611],[-120.901,45.5759],[-120.8954,45.5893]],[[-117.9741,45.8606],[-117.9729,45.8169],[-117.973,45.8606],[-117.7473,45.8611],[-117.9741,45.8606]]],[[[-123.6647,46.2443],[-123.649,46.2485],[-123.6506,46.2441],[-123.6647,46.2443]]],[[[-124.0088,46.2672],[-124.0283,46.274],[-124.0352,46.2851],[-124.0203,46.283],[-124.0088,46.2672]]]]}},{"type":"Feature","properties":{"StateFIPS":"36","state":"New York"},"geometry":{"type":"MultiPolygon","coordinates":[[[[-75.3596,41.9994],[-79.7614,41.9991],[-79.762,42.2699],[-79.4535,42.4112],[-79.3567,42.4915],[-79.3313,42.4889],[-79.2497,42.5317],[-79.1086,42.5702],[-79.1369,42.5698],[-79.1114,42.6134],[-79.0638,42.6448],[-79.0468,42.6913],[-78.9182,42.7373],[-78.8535,42.784],[-78.8718,42.8227],[-78.8579,42.8388],[-78.9061,42.8993],[-78.9189,42.9469],[-79.02,42.9948],[-78.9994,43.0561],[-79.0192,43.0679],[-78.9453,43.067],[-79.0745,43.0779],[-79.058,43.107],[-79.0691,43.12],[-79.0424,43.1437],[-79.0561,43.2542],[-79.0705,43.2625],[-78.6343,43.3576],[-78.4655,43.3712],[-77.9956,43.3652],[-77.7602,43.3412],[-77.551,43.2358],[-77.376,43.2762],[-77.1071,43.2893],[-77.0426,43.2705],[-76.951,43.2705],[-76.8962,43.296],[-76.7939,43.3094],[-76.6849,43.3527],[-76.6169,43.418],[-76.4176,43.5213],[-76.3044,43.5127],[-76.2287,43.533],[-76.2035,43.575],[-76.1997,43.6802],[-76.235,43.8226],[-76.2991,43.8385],[-76.2974,43.8559],[-76.2332,43.8863],[-76.2229,43.8801],[-76.2374,43.8636],[-76.203,43.8508],[-76.2023,43.8649],[-76.1273,43.8979],[-76.1391,43.9408],[-76.083,43.977],[-76.0601,43.9745],[-76.061,43.9973],[-76.086,44.0006],[-76.159,43.959],[-76.1748,43.9743],[-76.1998,43.9683],[-76.1994,43.9917],[-76.1188,44.0345],[-76.1683,44.0327],[-76.1396,44.068],[-76.2043,44.0543],[-76.2016,44.079],[-76.2727,44.0408],[-76.2822,44.0123],[-76.2012,44.0242],[-76.2372,43.9779],[-76.2814,43.9609],[-76.2659,43.9955],[-76.301,44.0099],[-76.2963,44.0597],[-76.3338,44.0647],[-76.3234,44.0773],[-76.3597,44.071],[-76.3442,44.0879],[-76.3697,44.1047],[-76.3126,44.199],[-76.1913,44.2212],[-76.1643,44.2396],[-76.1618,44.2808],[-76.001,44.3475],[-75.9495,44.3491],[-75.8601,44.4033],[-75.8208,44.4322],[-75.8078,44.4716],[-75.7662,44.5159],[-75.4138,44.7725],[-75.302,44.8266],[-75.3076,44.8368],[-75.1399,44.8967],[-75.1344,44.9151],[-75.0648,44.9294],[-74.9928,44.9774],[-74.908,44.9834],[-74.8878,45.0],[-74.8016,45.0146],[-74.7262,44.9949],[-74.6703,45.0062],[-74.0274,44.9958],[-73.3431,45.0108],[-73.3546,44.9874],[-73.3387,44.9659],[-73.339,44.9177],[-73.3814,44.845],[-73.3332,44.7888],[-73.3656,44.7418],[-73.3613,44.6945],[-73.3898,44.6172],[-73.3744,44.5755],[-73.3067,44.5003],[-73.296,44.4283],[-73.3349,44.3644],[-73.3134,44.2642],[-73.3908,44.1891],[-73.4377,44.045],[-73.406,44.0162],[-73.4086,43.9329],[-73.3742,43.8742],[-73.3722,43.8453],[-73.3928,43.8222],[-73.3506,43.7719],[-73.4265,43.6426],[-73.4286,43.584],[-73.392,43.5699],[-73.3725,43.6228],[-73.3062,43.628],[-73.2953,43.5802],[-73.2586,43.5649],[-73.242,43.5349],[-73.2909,42.8019],[-73.2764,42.746],[-73.265,42.7459],[-73.5081,42.0863],[-73.4873,42.0496],[-73.5447,41.3665],[-73.9808,41.3254],[-73.9742,41.3388],[-74.2343,41.1431],[-74.6949,41.3574],[-74.741,41.4051],[-74.7367,41.4292],[-74.7904,41.4217],[-74.8121,41.443],[-74.8286,41.4307],[-74.8939,41.4389],[-74.8904,41.4553],[-74.9125,41.4756],[-74.9817,41.4799],[-74.9844,41.5066],[-75.0037,41.5111],[-75.023,41.5331],[-75.0185,41.5518],[-75.0746,41.6079],[-75.0442,41.618],[-75.0527,41.6884],[-75.0688,41.7082],[-75.0497,41.7151],[-75.0534,41.7525],[-75.1046,41.7742],[-75.0722,41.8137],[-75.1133,41.8228],[-75.1144,41.8436],[-75.1447,41.8517],[-74.5536,42.1215],[-75.1529,41.8486],[-75.1706,41.8716],[-75.2578,41.8622],[-75.2914,41.9525],[-75.3182,41.9542],[-75.367,42.008],[-75.3993,42.0105],[-75.3596,41.9994]],[[-75.8601,44.4033],[-75.1679,44.0968],[-75.1107,43.615],[-75.5334,43.4198],[-75.1105,43.6151],[-75.1678,44.0959],[-75.0628,44.0504],[-75.8601,44.4033]],[[-75.7564,43.4704],[-75.8146,43.4836],[-75.5334,43.4198],[-75.7564,43.4704]],[[-76.2662,43.2326],[-76.2756,43.2388],[-76.2621,43.2185],[-76.2662,43.2326]],[[-76.2176,43.2048],[-76.2082,43.2098],[-76.2198,43.2063],[-76.2176,43.2048]],[[-76.1942,43.2171],[-76.2134,43.24],[-76.1996,43.2142],[-76.1942,43.2171]],[[-76.0875,43.2192],[-76.2004,43.2706],[-76.201,43.2693],[-76.0875,43.2192]],[[-75.9172,43.0859],[-75.864,42.4157],[-75.8363,42.2441],[-75.9172,43.0859]],[[-75.2428,42.8776],[-75.4372,42.8633],[-75.248,42.8716],[-75.2448,42.8574],[-75.2428,42.8776]],[[-75.2099,42.8589],[-75.2014,42.8807],[-75.2121,42.8799],[-75.2099,42.8589]],[[-75.2096,42.8566],[-75.1399,42.8598],[-75.2097,42.857],[-75.2096,42.8566]],[[-74.7632,42.8638],[-74.7401,42.9983],[-74.7425,43.0044],[-74.7632,42.8638]],[[-74.6483,42.8296],[-74.4549,42.773],[-74.652,42.8307],[-74.6483,42.8296]],[[-74.2592,42.7939],[-74.2624,42.7987],[-74.274,42.7924],[-74.2592,42.7939]],[[-74.2585,42.7574],[-74.2481,42.7869],[-74.2543,42.7908],[-74.2585,42.7574]],[[-74.3048,42.7522],[-74.3013,42.7481],[-74.2585,42.7574],[-74.3048,42.7522]],[[-74.1772,42.6568],[-74.1697,42.6674],[-74.1647,42.7172],[-74.1772,42.6568]],[[-74.2416,42.5508],[-74.2264,42.4992],[-74.2329,42.5642],[-74.2416,42.5508]],[[-74.2647,42.4201],[-74.2612,42.4127],[-74.2264,42.4992],[-74.2647,42.4201]],[[-74.2447,42.3772],[-74.2543,42.4082],[-73.7837,42.4642],[-74.2589,42.4077],[-74.2447,42.3772]],[[-73.7943,42.3751],[-73.7737,42.444],[-73.7753,42.4473],[-73.7943,42.3751]],[[-73.7892,42.2764],[-73.7841,42.2805],[-73.7852,42.2901],[-73.7892,42.2764]],[[-73.9107,42.1273],[-73.9132,42.1172],[-73.8911,42.1689],[-73.9107,42.1273]],[[-73.9627,41.4137],[-73.9815,41.4389],[-74.0001,41.4565],[-73.9627,41.4137]],[[-73.9522,41.3838],[-73.9475,41.3933],[-73.9492,41.3955],[-73.9522,41.3838]],[[-78.8369,43.0273],[-78.8498,43.0201],[-78.8393,43.0195],[-78.8369,43.0273]],[[-77.9059,43.1336],[-78.4652,43.1286],[-78.4652,43.1286],[-77.9059,43.1336]],[[-76.7138,43.024],[-77.1334,43.0125],[-76.9639,43.0132],[-76.7138,43.024]],[[-76.2664,42.6306],[-76.2747,42.7713],[-76.2845,42.7806],[-76.2664,42.6306]],[[-76.1905,42.4089],[-76.2534,42.4076],[-76.2932,42.4064],[-76.1905,42.4089]],[[-76.2995,42.385],[-76.2952,42.3832],[-76.2932,42.4064],[-76.2995,42.385]],[[-78.5969,42.5127],[-78.5637,42.5088],[-78.5055,42.529],[-78.5969,42.5127]],[[-78.2185,42.5206],[-78.0434,42.5193],[-78.0452,42.5215],[-78.2185,42.5206]],[[-76.9714,42.7642],[-77.313,42.7613],[-76.9474,42.7644],[-76.9714,42.7642]],[[-76.9387,42.7215],[-76.8986,42.6611],[-76.8987,42.6666],[-76.9387,42.7215]],[[-76.8956,42.5415],[-76.8971,42.6035],[-76.9008,42.4938],[-76.8898,42.4631],[-76.8956,42.5415]],[[-76.6967,42.5468],[-76.586,42.5499],[-76.8956,42.5415],[-76.6967,42.5468]],[[-76.6634,42.6205],[-76.6562,42.6048],[-76.586,42.5499],[-76.6634,42.6205]],[[-76.7339,42.2937],[-77.0997,42.2724],[-76.965,42.2785],[-76.7339,42.2937]],[[-76.6914,42.2843],[-76.5383,42.2818],[-76.4742,42.2719],[-76.474,42.2811],[-76.6914,42.2843]],[[-77.1439,42.5008],[-77.1438,42.5769],[-77.1495,42.5001],[-77.1439,42.5008]],[[-77.1144,42.5081],[-77.1254,42.5031],[-77.1134,42.5046],[-77.1144,42.5081]],[[-77.9556,42.8628],[-78.4863,42.8675],[-77.9556,42.8628],[-77.9556,42.8628]],[[-77.577,42.9363],[-77.5796,42.9422],[-77.7587,42.9405],[-77.577,42.9363]],[[-77.5478,42.8662],[-77.5468,42.8691],[-77.5514,42.8793],[-77.5478,42.8662]],[[-77.588,42.854],[-77.5519,42.8541],[-77.5485,42.8642],[-77.588,42.854]],[[-78.0573,42.5363],[-78.0606,42.5328],[-78.0564,42.5352],[-78.0573,42.5363]],[[-76.7401,42.7894],[-76.7383,42.7734],[-76.7176,42.8326],[-76.7401,42.7894]],[[-76.7335,42.7279],[-76.7312,42.7253],[-76.7359,42.7507],[-76.7335,42.7279]],[[-76.9724,42.867],[-76.9813,42.8612],[-76.9759,42.8079],[-76.9724,42.867]],[[-74.7116,42.5178],[-74.6307,42.6268],[-74.715,42.517],[-74.7116,42.5178]],[[-74.4014,41.5748],[-74.2641,41.6327],[-74.3687,41.5941],[-74.4014,41.5748]],[[-74.4756,41.504],[-74.4231,41.562],[-74.43,41.558],[-74.4756,41.504]],[[-74.7524,41.4937],[-74.7525,41.4912],[-74.4756,41.504],[-74.7524,41.4937]],[[-75.4216,42.051],[-75.4218,42.042],[-75.408,42.0226],[-75.4216,42.051]],[[-75.4146,42.3155],[-75.3931,42.3593],[-75.4145,42.3202],[-75.4146,42.3155]],[[-74.1803,42.73],[-73.8096,42.775],[-73.7748,42.7852],[-73.8094,42.7789],[-74.1803,42.73]],[[-73.6596,44.4435],[-73.9097,44.4297],[-74.1414,44.4073],[-73.6596,44.4435]],[[-74.7691,44.0776],[-74.2819,44.1206],[-74.0935,44.1376],[-74.5352,44.0992],[-74.7691,44.0776]],[[-73.7867,43.77],[-74.057,43.7445],[-74.2146,43.7287],[-73.7867,43.77]],[[-74.0839,42.8974],[-74.093,42.9559],[-74.102,43.012],[-74.0975,42.9829],[-74.0839,42.8974]],[[-74.7702,43.1125],[-74.7742,43.0785],[-74.7611,43.0551],[-74.7702,43.1125]],[[-74.6963,43.1735],[-74.6972,43.1793],[-74.7176,43.1653],[-74.6963,43.1735]],[[-74.5347,43.2281],[-74.8677,43.3398],[-74.7126,43.2861],[-74.5347,43.2281]],[[-75.8676,43.1466],[-75.8843,43.1556],[-75.9454,43.1694],[-75.8676,43.1466]],[[-73.7635,42.7886],[-73.7267,42.8226],[-73.7668,42.7876],[-73.7635,42.7886]],[[-73.7024,42.701],[-73.6585,42.8091],[-73.6768,42.7833],[-73.7024,42.701]],[[-73.6391,42.9386],[-73.4506,42.9446],[-73.6354,42.9418],[-73.6391,42.9386]],[[-73.6421,43.2962],[-73.6712,43.2902],[-73.6419,43.2933],[-73.6421,43.2962]],[[-73.5888,43.3005],[-73.6114,43.3934],[-73.5947,43.3059],[-73.613,43.3022],[-73.5888,43.3005]],[[-73.6333,43.508],[-73.6331,43.5069],[-73.6141,43.5579],[-73.6333,43.508]],[[-73.5904,43.0283],[-73.5984,43.0088],[-73.5936,43.0143],[-73.5904,43.0283]],[[-73.5759,43.1062],[-73.5767,43.0862],[-73.5733,43.1005],[-73.5759,43.1062]]],[[[-76.3029,43.9172],[-76.3271,43.8819],[-76.356,43.8801],[-76.345,43.8941],[-76.3029,43.9172]]],[[[-76.3794,43.9211],[-76.4015,43.9011],[-76.446,43.8903],[-76.4064,43.9207],[-76.3794,43.9211]]],[[[-76.319,44.0505],[-76.3213,44.0312],[-76.3365,44.0345],[-76.3296,44.0443],[-76.319,44.0505]]],[[[-76.3418,44.052],[-76.3609,44.0336],[-76.3817,44.0396],[-76.3679,44.0527],[-76.3418,44.052]]],[[[-74.1295,40.5454],[-74.2467,40.4961],[-74.2478,40.5434],[-74.2122,40.5572],[-74.1877,40.6426],[-74.0715,40.6428],[-74.0536,40.5995],[-74.1354,40.5304],[-74.1295,40.5454]]],[[[-73.9777,41.3223],[-73.5447,41.3665],[-73.551,41.2954],[-73.4827,41.2128],[-73.7278,41.1007],[-73.6552,41.0119],[-73.6601,40.9691],[-73.7422,40.9277],[-73.7831,40.882],[-73.8224,40.8896],[-73.7858,40.8788],[-73.7988,40.8542],[-73.8169,40.8615],[-73.7941,40.8005],[-73.806,40.8005],[-73.7756,40.7956],[-73.7579,40.7669],[-73.7503,40.7825],[-73.7266,40.7679],[-73.7655,40.8109],[-73.753,40.8384],[-73.7109,40.8058],[-73.704,40.8174],[-73.7028,40.8322],[-73.7376,40.8484],[-73.7307,40.8654],[-73.6767,40.8572],[-73.6486,40.8288],[-73.6544,40.8782],[-73.6331,40.9027],[-73.5214,40.9183],[-73.5084,40.9015],[-73.5331,40.8853],[-73.5236,40.9096],[-73.5478,40.9036],[-73.5419,40.8769],[-73.5055,40.8756],[-73.5088,40.8937],[-73.4948,40.8948],[-73.4733,40.8763],[-73.4965,40.9231],[-73.4854,40.9464],[-73.438,40.9347],[-73.434,40.909],[-73.3801,40.9002],[-73.3763,40.9124],[-73.3536,40.8948],[-73.3532,40.9243],[-73.4035,40.9313],[-73.4021,40.9544],[-73.3449,40.9244],[-73.2284,40.906],[-73.1471,40.9287],[-73.1581,40.9675],[-73.1184,40.9773],[-72.9138,40.9625],[-72.6356,40.982],[-72.4773,41.0522],[-72.4452,41.0861],[-72.397,41.0963],[-72.3541,41.14],[-72.2788,41.1587],[-72.2339,41.1589],[-72.2893,41.1178],[-72.2852,41.1273],[-72.3171,41.1394],[-72.3392,41.115],[-72.3172,41.0887],[-72.2762,41.0769],[-72.2759,41.0366],[-72.1906,41.0326],[-72.1539,41.0519],[-72.1022,40.9915],[-72.0546,41.0218],[-72.0169,41.0235],[-71.9926,41.0471],[-71.9635,41.0425],[-71.9552,41.0731],[-71.9043,41.086],[-71.8565,41.071],[-71.8747,41.052],[-72.3958,40.8667],[-73.055,40.6664],[-73.2391,40.6251],[-73.3418,40.6327],[-73.424,40.6096],[-73.5718,40.5783],[-73.7495,40.59],[-73.9405,40.544],[-73.8839,40.5778],[-73.8987,40.5875],[-74.0115,40.5745],[-73.9971,40.5914],[-74.0314,40.6052],[-74.0417,40.6264],[-73.9703,40.7073],[-74.0127,40.7005],[-74.0232,40.7199],[-74.014,40.7576],[-73.9338,40.8822],[-73.8966,40.9983],[-74.2343,41.1431],[-73.9777,41.3223]],[[-73.4555,40.8402],[-73.4595,40.8483],[-73.424,40.6096],[-73.4555,40.8402]],[[-73.9625,40.7368],[-73.9425,40.7605],[-73.9703,40.7073],[-73.9625,40.7368]],[[-73.8934,41.0103],[-73.8901,41.0226],[-73.8875,41.1383],[-73.8934,41.0103]],[[-73.8783,40.7854],[-73.923,40.801],[-73.9143,40.7939],[-73.8783,40.7854]],[[-73.8284,40.8003],[-73.8531,40.8001],[-73.8783,40.7854],[-73.8284,40.8003]],[[-73.7005,40.7391],[-73.7041,40.743],[-73.7058,40.736],[-73.7005,40.7391]],[[-73.7384,40.6027],[-73.7687,40.6244],[-73.7424,40.5981],[-73.7384,40.6027]],[[-73.9372,40.7299],[-73.8965,40.6824],[-73.9291,40.7277],[-73.9372,40.7299]],[[-73.9071,40.873],[-73.9089,40.8736],[-73.9335,40.8332],[-73.9071,40.873]],[[-73.9325,40.8089],[-73.9277,40.805],[-73.9335,40.8332],[-73.9325,40.8089]]],[[[-76.1735,44.0247],[-76.1766,44.0172],[-76.1873,44.0138],[-76.1735,44.0247]]],[[[-74.0195,40.6934],[-74.0121,40.6907],[-74.0246,40.6839],[-74.0195,40.6934]]],[[[-74.0056,40.6868],[-74.0074,40.6873],[-73.9985,40.7003],[-74.0056,40.6868]]],[[[-73.7822,40.8467],[-73.7856,40.838],[-73.7923,40.8554],[-73.7822,40.8467]]],[[[-73.7724,40.8595],[-73.7656,40.8557],[-73.7716,40.8472],[-73.7724,40.8595]]],[[[-72.1429,41.0978],[-72.126,41.1212],[-72.0779,41.0999],[-72.087,41.059],[-72.0972,41.0549],[-72.1064,41.0889],[-72.1429,41.0978]]],[[[-72.1973,41.1655],[-72.2114,41.1766],[-72.173,41.1873],[-72.1973,41.1655]]],[[[-72.0203,41.2752],[-72.0069,41.2623],[-71.9911,41.2813],[-71.9282,41.2889],[-72.0377,41.2513],[-72.0203,41.2752]]]]}},{"type":"Feature","properties":{"StateFIPS":"27","state":"Minnesota"},"geometry":{"type":"MultiPolygon","coordinates":[[[[-96.4156,43.8495],[-96.4533,43.8495],[-96.4531,45.2981],[-96.4891,45.3571],[-96.6177,45.4081],[-96.6925,45.4173],[-96.7653,45.5214],[-96.8578,45.606],[-96.8327,45.6517],[-96.6626,45.7387],[-96.5831,45.82],[-96.5637,45.9352],[-96.5766,46.0218],[-96.5545,46.084],[-96.5916,46.1847],[-96.599,46.2359],[-96.5851,46.2477],[-96.5997,46.2621],[-96.5999,46.3293],[-96.6454,46.3508],[-96.7186,46.44],[-96.7117,46.46],[-96.7381,46.4853],[-96.7438,46.5672],[-96.798,46.6303],[-96.8013,46.6685],[-96.7798,46.7233],[-96.7878,46.7665],[-96.7762,46.7678],[-96.7967,46.7775],[-96.7874,46.7847],[-96.8025,46.8115],[-96.7768,46.8422],[-96.7766,46.8957],[-96.7533,46.9246],[-96.7918,46.9285],[-96.795,46.9654],[-96.8232,46.9708],[-96.8377,47.0088],[-96.8149,47.0252],[-96.8293,47.0746],[-96.8159,47.1041],[-96.8398,47.1505],[-96.819,47.1649],[-96.8428,47.2313],[-96.8289,47.2342],[-96.8458,47.2731],[-96.8315,47.307],[-96.847,47.3158],[-96.8291,47.3269],[-96.8461,47.3299],[-96.8306,47.3386],[-96.8521,47.3599],[-96.8378,47.3708],[-96.8539,47.3726],[-96.8374,47.3893],[-96.8618,47.4143],[-96.8527,47.48],[-96.8684,47.479],[-96.842,47.5152],[-96.8695,47.5288],[-96.8454,47.5396],[-96.8617,47.5595],[-96.8474,47.565],[-96.8684,47.5658],[-96.8517,47.5685],[-96.8548,47.6063],[-96.8795,47.6206],[-96.8868,47.6721],[-96.9307,47.7176],[-96.9195,47.7225],[-96.9348,47.7665],[-96.9862,47.8069],[-96.9817,47.8304],[-97.0016,47.8674],[-97.0213,47.8726],[-97.0178,47.9198],[-97.0546,47.9463],[-97.0723,48.0481],[-97.1232,48.1066],[-97.1231,48.137],[-97.1459,48.1451],[-97.1212,48.1611],[-97.1464,48.1732],[-97.1296,48.208],[-97.139,48.2171],[-97.1178,48.2098],[-97.1497,48.2231],[-97.1207,48.2258],[-97.1427,48.2312],[-97.1242,48.2636],[-97.1444,48.2697],[-97.1253,48.2705],[-97.1222,48.2901],[-97.1381,48.2908],[-97.1131,48.2978],[-97.1379,48.312],[-97.1175,48.3259],[-97.1338,48.3278],[-97.1276,48.3427],[-97.1555,48.3638],[-97.1345,48.3808],[-97.1633,48.392],[-97.1315,48.4066],[-97.1548,48.4175],[-97.1225,48.4183],[-97.1452,48.4326],[-97.1266,48.4431],[-97.1505,48.4412],[-97.1285,48.4603],[-97.1482,48.4707],[-97.1289,48.4757],[-97.1616,48.4798],[-97.1322,48.4884],[-97.1499,48.512],[-97.1275,48.5213],[-97.1506,48.5195],[-97.1424,48.5365],[-97.1613,48.5425],[-95.212,48.5399],[-97.1632,48.544],[-97.1383,48.5544],[-97.1753,48.5625],[-97.1516,48.5676],[-97.1602,48.5791],[-97.1348,48.6064],[-97.1498,48.6127],[-97.1093,48.6326],[-97.0925,48.6862],[-97.1201,48.7014],[-97.11,48.7078],[-97.1548,48.7574],[-97.15,48.7826],[-97.179,48.8011],[-97.1588,48.8109],[-97.1886,48.817],[-97.1733,48.8503],[-97.2341,48.9476],[-97.2287,49.0006],[-95.1537,48.9989],[-95.1533,49.3844],[-95.0584,49.3532],[-94.9575,49.3702],[-94.8162,49.321],[-94.8256,49.2944],[-94.7981,49.1979],[-94.7732,49.1207],[-94.7503,49.0993],[-94.6843,48.884],[-94.6857,48.8401],[-94.7043,48.8243],[-94.6943,48.7822],[-94.5896,48.7179],[-94.4523,48.6924],[-94.4303,48.701],[-94.2907,48.7077],[-94.2605,48.6964],[-94.2502,48.6563],[-94.2243,48.6495],[-93.8444,48.6302],[-93.8053,48.5703],[-93.8183,48.53],[-93.7945,48.516],[-93.6567,48.5157],[-93.6323,48.5301],[-93.6106,48.5217],[-93.4675,48.5457],[-93.4643,48.5918],[-93.2549,48.6428],[-93.2074,48.6425],[-93.1781,48.6233],[-92.9549,48.6315],[-92.9498,48.6083],[-92.728,48.5393],[-92.6349,48.5429],[-92.6272,48.5034],[-92.6988,48.4949],[-92.7126,48.463],[-92.656,48.4367],[-92.5073,48.4479],[-92.4563,48.4142],[-92.4767,48.3718],[-92.4699,48.3518],[-92.3692,48.2203],[-92.2697,48.2482],[-92.3015,48.2886],[-92.3063,48.3164],[-92.289,48.343],[-92.2623,48.3549],[-92.2068,48.3456],[-92.145,48.3657],[-92.0552,48.3592],[-92.0466,48.3347],[-92.0001,48.3214],[-92.013,48.2974],[-92.0066,48.2654],[-91.9758,48.2445],[-91.9544,48.2517],[-91.9578,48.233],[-91.8935,48.2377],[-91.8644,48.207],[-91.7983,48.2029],[-91.7944,46.9396],[-92.0943,46.7884],[-92.0153,46.7065],[-92.0895,46.7492],[-92.1166,46.7486],[-92.1433,46.7346],[-92.1463,46.7159],[-92.1891,46.7175],[-92.2057,46.7025],[-92.1761,46.6863],[-92.2023,46.655],[-92.2706,46.6507],[-92.2992,46.6658],[-92.294,46.0744],[-92.3353,46.0594],[-92.3518,46.0157],[-92.4207,46.0268],[-92.4645,45.9763],[-92.5305,45.9819],[-92.5519,45.9517],[-92.6363,45.9346],[-92.7077,45.8949],[-92.7657,45.8273],[-92.7578,45.8066],[-92.7846,45.7642],[-92.829,45.7337],[-93.1418,45.7307],[-92.8489,45.7288],[-92.8692,45.7176],[-92.8871,45.6441],[-92.8837,45.5755],[-92.7702,45.5669],[-92.7261,45.5411],[-92.7267,45.5145],[-92.6466,45.4416],[-92.6504,45.3985],[-92.7027,45.3585],[-92.7048,45.3265],[-92.7619,45.2849],[-92.7517,45.2187],[-92.7671,45.1879],[-92.7395,45.1165],[-92.8029,45.0654],[-92.7621,45.0243],[-92.7694,44.9721],[-92.7506,44.9373],[-92.7731,44.9014],[-92.7661,44.835],[-92.8053,44.7684],[-92.8026,44.7458],[-92.7373,44.7172],[-92.732,44.6295],[-92.732,44.7137],[-92.6321,44.649],[-92.6215,44.615],[-92.5694,44.6035],[-92.55,44.569],[-92.329,44.5509],[-92.291,44.4855],[-92.242,44.4543],[-91.9595,44.3594],[-91.9186,44.3227],[-91.9246,44.2918],[-91.8957,44.273],[-91.8927,44.2311],[-91.8584,44.193],[-91.7191,44.1289],[-91.7075,44.1039],[-91.5921,44.0314],[-91.4325,43.9968],[-91.2841,43.8471],[-91.244,43.773],[-91.2685,43.7098],[-91.2687,43.6153],[-91.2319,43.5818],[-91.2432,43.5403],[-91.2177,43.5005],[-93.6485,43.4997],[-96.4533,43.5004],[-96.4533,43.8495],[-96.4156,43.8495]],[[-96.0638,44.1964],[-95.9518,44.1963],[-96.4528,44.1968],[-96.0638,44.1964]],[[-96.093,44.6305],[-95.604,44.6299],[-96.4518,44.6313],[-96.093,44.6305]],[[-96.3027,45.5852],[-96.2543,45.5855],[-96.8355,45.5861],[-96.3027,45.5852]],[[-96.1947,47.1511],[-95.8237,47.1516],[-96.8398,47.1505],[-96.1947,47.1511]],[[-96.0676,47.4991],[-95.6761,47.4998],[-96.8491,47.499],[-96.0676,47.4991]],[[-94.4287,48.3674],[-95.211,48.366],[-94.4257,48.3674],[-94.4303,48.701],[-94.4287,48.3674]],[[-91.8218,43.8471],[-91.7304,43.8469],[-91.2841,43.8471],[-91.8218,43.8471]],[[-92.4489,43.8391],[-92.5579,43.8367],[-92.449,43.8341],[-92.4489,43.5004],[-92.4489,43.8391]],[[-95.5822,47.934],[-95.5788,47.6737],[-95.5864,48.0207],[-95.5822,47.934]],[[-95.178,47.4128],[-94.6702,47.4102],[-94.4164,47.4118],[-95.178,47.4128]],[[-94.4164,47.4118],[-94.4079,47.4421],[-94.4243,48.2637],[-94.4164,47.4118]],[[-95.1751,47.3255],[-95.1637,46.7176],[-95.1584,46.5372],[-95.163,46.8047],[-95.1696,47.3254],[-95.1751,47.3255]],[[-94.7871,46.8039],[-94.6599,46.8037],[-95.163,46.8047],[-94.7871,46.8039]],[[-95.1403,45.7961],[-95.1319,45.4128],[-95.1319,45.4128],[-95.1403,45.7961]],[[-95.4829,44.8907],[-94.5383,44.8923],[-95.2485,44.8913],[-95.4829,44.8907]],[[-95.4868,44.7518],[-95.4636,44.7469],[-95.4828,44.7525],[-95.4829,44.8907],[-95.4868,44.7518]],[[-94.2613,45.2839],[-94.2614,45.2934],[-94.2802,45.2838],[-94.2613,45.2839]],[[-94.5019,44.9798],[-94.1132,44.9789],[-94.2561,44.9795],[-94.5019,44.9798]],[[-94.5024,44.8923],[-94.5009,44.8923],[-94.5019,44.9798],[-94.5024,44.8923]],[[-93.7684,44.8909],[-93.7619,45.0812],[-93.7675,44.9776],[-93.7684,44.8909]],[[-93.5392,44.7997],[-93.4342,44.8111],[-93.5202,44.805],[-93.5392,44.7997]],[[-93.5992,44.7828],[-93.6053,44.7742],[-93.5889,44.7857],[-93.5992,44.7828]],[[-93.6162,44.7588],[-93.6286,44.7311],[-93.6085,44.7538],[-93.6162,44.7588]],[[-93.6752,44.6926],[-93.7219,44.6609],[-93.6179,44.7073],[-93.6752,44.6926]],[[-93.7682,44.6735],[-93.7646,44.6419],[-93.7618,44.6432],[-93.7682,44.6735]],[[-93.9067,44.5511],[-93.91,44.5433],[-93.8916,44.5462],[-93.9067,44.5511]],[[-93.91,44.5432],[-93.5243,44.5436],[-93.2975,44.5439],[-93.91,44.5432]],[[-93.768,44.2394],[-93.7678,43.8481],[-93.7678,43.8481],[-93.768,44.1958],[-93.768,44.2394]],[[-95.7698,46.1074],[-95.1486,46.1068],[-96.2654,46.1086],[-95.7698,46.1074]],[[-96.2812,46.6306],[-96.253,45.5855],[-96.2477,45.5856],[-96.2654,46.1086],[-96.2812,46.6306]],[[-96.0418,45.1561],[-95.8246,44.9869],[-96.0367,45.1521],[-95.2519,45.1524],[-96.0418,45.1561]],[[-95.4079,44.7306],[-95.4185,44.7337],[-95.3975,44.721],[-95.4079,44.7306]],[[-95.314,44.6916],[-95.3632,44.7004],[-95.3602,44.6985],[-95.314,44.6916]],[[-95.1563,44.1951],[-95.1039,44.1949],[-95.1075,44.2818],[-95.1088,44.195],[-95.1563,44.1951]],[[-96.2413,45.4127],[-96.1171,45.412],[-95.7456,45.4123],[-95.7474,45.4123],[-96.2413,45.4127]],[[-95.3604,44.5418],[-95.6019,44.5425],[-95.5936,44.196],[-95.5948,44.5423],[-95.3604,44.5418]],[[-95.6502,44.891],[-95.6606,44.8933],[-95.6153,44.8507],[-95.6502,44.891]],[[-95.504,44.7944],[-95.5451,44.8035],[-95.5071,44.7918],[-95.504,44.7944]],[[-95.4874,44.7519],[-95.4953,44.7698],[-95.4914,44.7528],[-95.4874,44.7519]],[[-95.7482,44.9383],[-95.7558,44.9464],[-95.8043,44.9492],[-95.7482,44.9383]],[[-95.5534,47.6736],[-95.5542,47.5],[-95.5527,47.5],[-95.5534,47.6736]],[[-95.7091,47.8486],[-95.7096,47.9358],[-95.7098,47.9643],[-95.7091,47.8486]],[[-96.4826,47.9636],[-96.4921,48.0217],[-96.4821,47.8474],[-96.4826,47.9636]],[[-94.369,43.848],[-94.8136,43.8481],[-94.0728,43.848],[-94.369,43.848]],[[-94.7794,44.4563],[-94.7676,44.443],[-94.707,44.4343],[-94.7794,44.4563]],[[-93.9902,44.2892],[-93.9598,44.3073],[-93.9327,44.3449],[-93.9902,44.2892]],[[-94.0245,44.2559],[-94.0164,44.2517],[-94.0131,44.2669],[-94.0245,44.2559]],[[-94.0257,44.2125],[-94.0119,44.2395],[-94.0125,44.2395],[-94.0257,44.2125]],[[-94.8598,44.108],[-94.3707,44.1087],[-95.1002,44.108],[-94.8598,44.108]],[[-94.1796,44.1974],[-94.0553,44.154],[-94.1432,44.194],[-94.1796,44.1974]],[[-94.4121,44.2736],[-94.4512,44.3318],[-94.4524,44.3327],[-94.4121,44.2736]],[[-94.4659,44.3418],[-94.4906,44.3587],[-94.4938,44.3593],[-94.4659,44.3418]],[[-94.6929,44.4022],[-94.6791,44.3993],[-94.687,44.4092],[-94.6929,44.4022]],[[-94.0105,44.7175],[-94.2541,44.7179],[-93.8886,44.717],[-94.0105,44.7175]],[[-93.8882,44.5265],[-93.9101,44.543],[-93.9122,44.5381],[-93.8882,44.5265]],[[-93.0809,47.9785],[-93.0965,48.0678],[-93.0813,47.8961],[-93.0809,47.9785]],[[-93.0614,47.1726],[-93.0615,47.7204],[-93.0696,47.4002],[-93.0614,47.1726]],[[-93.7749,47.0304],[-93.0614,47.0264],[-93.0614,47.0264],[-93.7749,47.0304]],[[-93.8085,46.2517],[-93.8115,46.5842],[-93.8108,46.2533],[-93.8085,46.2517]],[[-93.4306,46.2464],[-93.8044,46.2488],[-93.7964,46.2433],[-93.4306,46.2464]],[[-93.5137,45.7343],[-93.5181,45.9817],[-93.5135,45.7207],[-93.5137,45.7343]],[[-93.5101,45.4148],[-93.511,45.4969],[-93.5122,45.2457],[-93.5101,45.4148]],[[-93.5519,45.265],[-93.5158,45.2407],[-93.5122,45.2457],[-93.5519,45.265]],[[-93.5117,45.5588],[-93.7595,45.5596],[-94.1495,45.5591],[-93.5117,45.5588]],[[-94.2037,45.6196],[-94.1493,45.5577],[-94.1495,45.5591],[-94.2037,45.6196]],[[-94.3965,47.4314],[-94.3926,47.4277],[-94.3218,47.4161],[-94.3965,47.4314]],[[-94.1028,47.4759],[-94.0886,47.4713],[-94.0951,47.478],[-94.1028,47.4759]],[[-94.0305,47.4114],[-94.0427,47.3788],[-94.0279,47.4086],[-94.0305,47.4114]],[[-93.8689,45.342],[-93.9185,45.3844],[-93.8791,45.3466],[-93.8689,45.342]],[[-93.7655,45.298],[-93.8185,45.3197],[-93.7695,45.2979],[-93.7655,45.298]],[[-94.2182,45.3156],[-94.2395,45.3046],[-94.2099,45.314],[-94.2182,45.3156]],[[-94.0557,45.4288],[-94.0477,45.4228],[-94.0084,45.4045],[-94.0557,45.4288]],[[-94.1011,45.4627],[-94.1004,45.4668],[-94.142,45.4932],[-94.1011,45.4627]],[[-94.7228,46.3523],[-94.7282,46.3812],[-94.7319,46.3822],[-94.7314,46.3686],[-94.7228,46.3523]],[[-94.6523,46.3482],[-94.6694,46.3608],[-94.6535,46.3487],[-94.6523,46.3482]],[[-94.4303,46.3324],[-94.5495,46.3085],[-94.5347,46.3028],[-94.4303,46.3324]],[[-94.3363,46.2816],[-94.3479,46.2879],[-94.3434,46.2751],[-94.3363,46.2816]],[[-94.3326,46.285],[-94.3273,46.2898],[-94.3429,46.8055],[-94.3326,46.285]],[[-93.0948,43.8484],[-92.6783,43.8486],[-93.046,43.8485],[-93.0948,43.8484]],[[-92.0791,43.8476],[-92.0791,44.193],[-92.0795,44.1067],[-92.0791,43.8476]],[[-93.2834,45.0354],[-93.2081,45.0357],[-93.2269,45.0357],[-93.2834,45.0354]],[[-93.2277,45.1245],[-92.9846,45.1236],[-93.0205,45.1239],[-93.2277,45.1245]],[[-93.0194,45.2969],[-93.0198,45.3357],[-93.0205,45.1239],[-93.0194,45.2969]],[[-93.2817,44.472],[-93.2801,44.544],[-93.2815,44.544],[-93.2817,44.472]],[[-93.0412,44.1967],[-93.0606,44.1967],[-92.9807,44.1965],[-93.0412,44.1967]],[[-93.3719,44.786],[-93.3797,44.7858],[-93.3782,44.7852],[-93.3719,44.786]],[[-93.2001,44.8601],[-93.2368,44.8256],[-93.2191,44.8322],[-93.2001,44.8601]],[[-93.1827,44.8855],[-93.1785,44.8883],[-93.2004,44.9096],[-93.1827,44.8855]],[[-93.096,44.9233],[-93.1047,44.9196],[-93.0516,44.9195],[-93.096,44.9233]],[[-93.0156,44.8688],[-93.02,44.8907],[-93.0516,44.9195],[-93.0156,44.8688]],[[-93.0047,44.8149],[-93.01,44.8411],[-93.016,44.7756],[-93.0047,44.8149]],[[-92.8826,44.7741],[-92.9254,44.7808],[-93.016,44.7756],[-92.8826,44.7741]]],[[[-91.6876,48.1117],[-91.6533,48.1141],[-91.6402,48.0969],[-91.5593,48.1083],[-91.5755,48.0663],[-91.5673,48.0437],[-91.4886,48.0681],[-91.4503,48.0688],[-91.4296,48.0486],[-91.2664,48.0787],[-91.143,48.1542],[-90.977,48.2195],[-90.8474,48.2444],[-90.8363,48.177],[-90.8211,48.1847],[-90.7966,48.1594],[-90.7763,48.1619],[-90.7968,48.1395],[-90.7516,48.091],[-90.5822,48.1238],[-90.5593,48.1217],[-90.5698,48.107],[-90.5568,48.096],[-90.4677,48.1088],[-90.3467,48.0941],[-90.1438,48.1126],[-90.0236,48.0847],[-89.993,48.0284],[-89.9345,48.0156],[-89.8974,47.9876],[-89.7493,48.0233],[-89.7014,48.0062],[-89.6117,48.0175],[-89.581,47.9959],[-89.4956,48.0027],[-89.601,47.9803],[-89.6245,47.9947],[-89.6496,47.9793],[-89.6395,47.9536],[-89.6761,47.9654],[-89.6905,47.9535],[-89.6818,47.945],[-89.7599,47.9041],[-89.9191,47.864],[-89.9745,47.8311],[-90.5371,47.7031],[-90.777,47.6062],[-91.1548,47.3804],[-91.2492,47.2842],[-91.4663,47.1323],[-91.5738,47.0899],[-91.6421,47.0386],[-91.6374,47.0273],[-91.7046,47.0052],[-91.7944,46.9396],[-91.7891,47.4804],[-91.7983,48.2029],[-91.7149,48.1991],[-91.7246,48.1707],[-91.7053,48.1708],[-91.6982,48.1416],[-91.712,48.1147],[-91.6828,48.1221],[-91.6876,48.1117]]],[[[-89.5541,47.9723],[-89.5864,47.9588],[-89.5731,47.979],[-89.5541,47.9723]]]]}},{"type":"Feature","properties":{"StateFIPS":"53","state":"Washington"},"geometry":{"type":"MultiPolygon","coordinates":[[[[-123.4276,46.2293],[-123.4796,46.2691],[-123.6695,46.2668],[-123.6806,46.296],[-123.7007,46.3046],[-123.7667,46.2735],[-123.8061,46.2836],[-123.8755,46.2398],[-123.9231,46.2518],[-124.0013,46.3133],[-124.0493,46.2958],[-124.042,46.2761],[-124.0752,46.2715],[-124.0574,46.4093],[-124.0643,46.6413],[-124.0353,46.636],[-124.0524,46.62],[-124.0236,46.5826],[-124.0317,46.4964],[-124.0153,46.3787],[-123.9537,46.3788],[-123.9499,46.4103],[-123.9653,46.4087],[-123.9653,46.4333],[-123.9917,46.4488],[-123.9927,46.4886],[-123.9791,46.4974],[-123.9708,46.4754],[-123.9425,46.4652],[-123.9426,46.4878],[-123.8955,46.5141],[-123.8933,46.5396],[-123.9537,46.6051],[-123.9606,46.6364],[-123.9361,46.627],[-123.9233,46.6727],[-123.8294,46.7134],[-123.8986,46.7502],[-123.9188,46.7388],[-123.9135,46.7267],[-123.9686,46.7361],[-123.9797,46.7247],[-123.9669,46.7052],[-124.0922,46.7416],[-124.1344,46.9038],[-124.1158,46.9132],[-124.093,46.9017],[-124.0893,46.8677],[-124.0731,46.8615],[-124.0463,46.894],[-123.9851,46.9219],[-123.8389,46.954],[-123.8591,46.9676],[-124.0122,46.9852],[-124.0052,47.0039],[-124.0263,47.0302],[-124.1221,47.0416],[-124.1513,47.0211],[-124.1274,46.9455],[-124.1062,46.9376],[-124.1355,46.9435],[-124.1739,46.9272],[-124.184,47.1353],[-124.2363,47.2873],[-124.2781,47.3064],[-124.2999,47.3484],[-124.3194,47.3556],[-124.3549,47.5335],[-124.4305,47.7462],[-124.4686,47.7683],[-124.4897,47.817],[-124.6108,47.8806],[-124.6724,47.9644],[-124.6965,48.0693],[-124.6871,48.0987],[-124.7332,48.1634],[-124.6961,48.1986],[-124.6904,48.2197],[-124.7059,48.2399],[-124.6847,48.2552],[-124.6863,48.2874],[-124.6659,48.2993],[-124.6589,48.3311],[-124.696,48.3443],[-124.7318,48.3812],[-124.6532,48.3907],[-124.6217,48.3678],[-124.5648,48.3679],[-124.3956,48.2888],[-124.2789,48.255],[-124.2386,48.2625],[-124.1018,48.2169],[-124.1077,48.2001],[-124.0507,48.1777],[-123.981,48.1648],[-123.8072,48.1548],[-123.7095,48.1676],[-123.5908,48.1349],[-123.5511,48.1514],[-123.5072,48.1318],[-123.4034,48.1414],[-123.4621,48.1347],[-123.4247,48.1181],[-123.3327,48.113],[-123.2391,48.1182],[-123.1448,48.1759],[-123.1019,48.185],[-123.1421,48.1571],[-123.0589,48.114],[-123.0406,48.0843],[-123.0468,48.0576],[-123.0135,48.0266],[-122.9961,48.0275],[-123.0215,48.0841],[-122.9163,48.0954],[-122.9277,48.0653],[-122.9492,48.0651],[-122.8752,48.0464],[-122.8584,48.0177],[-122.8846,47.9897],[-122.8492,47.9964],[-122.8269,48.0461],[-122.8901,48.0782],[-122.8849,48.1051],[-122.8379,48.1365],[-122.7545,48.1443],[-122.7625,48.1312],[-122.7489,48.117],[-122.8014,48.0876],[-122.7653,48.0576],[-122.7651,48.0406],[-122.7399,48.0312],[-122.7483,48.0721],[-122.7333,48.0912],[-122.6876,48.1013],[-122.6706,48.0176],[-122.731,48.0213],[-122.7181,47.9877],[-122.6788,47.9679],[-122.682,47.9214],[-122.6992,47.9187],[-122.6826,47.915],[-122.6577,47.9312],[-122.6478,47.896],[-122.6103,47.8873],[-122.6381,47.8655],[-122.6938,47.868],[-122.6873,47.831],[-122.743,47.8099],[-122.7564,47.7513],[-122.7835,47.7224],[-122.7722,47.6917],[-122.8333,47.6925],[-122.7881,47.8042],[-122.8166,47.8404],[-122.8219,47.789],[-122.8535,47.7801],[-122.8473,47.801],[-122.868,47.7989],[-122.8511,47.7385],[-122.8827,47.7312],[-122.8782,47.6901],[-122.9062,47.671],[-122.9041,47.6456],[-122.935,47.6443],[-122.9819,47.6067],[-123.0574,47.5008],[-123.1113,47.4589],[-123.1596,47.3544],[-123.1231,47.3378],[-123.1056,47.3567],[-123.0303,47.3509],[-122.9114,47.3891],[-122.8677,47.4221],[-122.9775,47.3962],[-123.0296,47.3588],[-123.1133,47.3747],[-123.1202,47.3915],[-122.9651,47.5852],[-122.9228,47.5979],[-122.9171,47.6207],[-122.7525,47.6678],[-122.7483,47.7179],[-122.7148,47.7675],[-122.6081,47.8567],[-122.5737,47.8576],[-122.5882,47.9129],[-122.6179,47.9253],[-122.612,47.9408],[-122.5922,47.9225],[-122.5253,47.9123],[-122.5061,47.8317],[-122.4825,47.8155],[-122.5019,47.7907],[-122.4718,47.7498],[-122.5545,47.7457],[-122.5497,47.7309],[-122.5878,47.6912],[-122.6127,47.7119],[-122.6312,47.7052],[-122.6146,47.6987],[-122.6178,47.6498],[-122.5911,47.6355],[-122.5917,47.5946],[-122.6075,47.5692],[-122.6982,47.5283],[-122.6063,47.5469],[-122.5485,47.5867],[-122.5527,47.5699],[-122.5328,47.5655],[-122.545,47.5229],[-122.4953,47.511],[-122.5323,47.4692],[-122.5318,47.4303],[-122.5509,47.4034],[-122.5385,47.3759],[-122.576,47.3264],[-122.5475,47.2853],[-122.5858,47.2539],[-122.6001,47.2624],[-122.5924,47.272],[-122.6958,47.2814],[-122.6795,47.3278],[-122.6585,47.3331],[-122.6713,47.3413],[-122.6262,47.3756],[-122.6839,47.3652],[-122.7296,47.3387],[-122.752,47.2906],[-122.7495,47.2596],[-122.735,47.2659],[-122.7339,47.2501],[-122.717,47.248],[-122.7189,47.2265],[-122.741,47.2062],[-122.7486,47.2197],[-122.7441,47.1786],[-122.7716,47.1671],[-122.8328,47.2434],[-122.7871,47.2997],[-122.789,47.3384],[-122.77,47.3391],[-122.8281,47.4024],[-122.8198,47.3278],[-122.8544,47.3096],[-122.8475,47.297],[-122.8715,47.2769],[-122.8648,47.2393],[-122.8392,47.2097],[-122.8584,47.1678],[-122.9035,47.1575],[-122.8418,47.1632],[-122.8466,47.136],[-122.8323,47.115],[-122.8152,47.1791],[-122.7772,47.1213],[-122.7257,47.0939],[-122.6927,47.1013],[-122.5848,47.1874],[-122.5297,47.2833],[-122.5477,47.3164],[-122.4403,47.262],[-122.4092,47.2886],[-122.4444,47.3061],[-122.3248,47.3485],[-122.3352,47.4084],[-122.3551,47.4419],[-122.3831,47.4505],[-122.3616,47.4853],[-122.394,47.5097],[-122.3983,47.5501],[-122.4211,47.576],[-122.3395,47.5991],[-122.4369,47.6617],[-122.4092,47.6717],[-122.4034,47.6977],[-122.3764,47.7165],[-122.3956,47.8068],[-122.3359,47.8523],[-122.307,47.9491],[-122.23,47.9709],[-122.219,48.0203],[-122.2899,48.0524],[-122.2722,48.0526],[-122.3432,48.0976],[-122.3678,48.1349],[-122.3575,48.1823],[-122.4055,48.252],[-122.3729,48.2977],[-122.4889,48.3669],[-122.5079,48.3605],[-122.4955,48.3741],[-122.5328,48.375],[-122.5583,48.4258],[-122.5482,48.4455],[-122.6561,48.4078],[-122.6789,48.4395],[-122.6548,48.4541],[-122.6578,48.4729],[-122.6683,48.4863],[-122.7029,48.492],[-122.6845,48.5091],[-122.607,48.5222],[-122.5806,48.4637],[-122.579,48.4924],[-122.5587,48.4998],[-122.525,48.4583],[-122.4702,48.4688],[-122.5044,48.5648],[-122.5608,48.5816],[-122.4959,48.5759],[-122.4746,48.5568],[-122.4253,48.5995],[-122.5099,48.6644],[-122.4912,48.6836],[-122.5192,48.7172],[-122.4904,48.7511],[-122.5635,48.7785],[-122.6081,48.7628],[-122.6519,48.7159],[-122.6748,48.7374],[-122.6468,48.785],[-122.7003,48.8048],[-122.7103,48.787],[-122.7171,48.8472],[-122.7932,48.8929],[-122.7513,48.9112],[-122.7492,48.9348],[-122.8225,48.9449],[-122.758,49.0024],[-117.0324,48.9992],[-117.0398,46.4259],[-117.05,46.4258],[-117.0347,46.4183],[-117.0626,46.3525],[-117.0238,46.336],[-117.0207,46.3148],[-116.9846,46.2927],[-116.9911,46.2763],[-116.9553,46.2309],[-116.9658,46.2034],[-116.9213,46.1648],[-116.9553,46.1022],[-116.9825,46.0913],[-116.9427,46.061],[-116.916,45.9954],[-118.9818,45.9998],[-119.1261,45.9329],[-119.2571,45.9399],[-119.4878,45.9063],[-119.5716,45.9255],[-119.6234,45.9056],[-119.6699,45.8569],[-119.9657,45.8244],[-120.1414,45.7732],[-120.2108,45.726],[-120.4824,45.6944],[-120.5595,45.7383],[-120.635,45.7458],[-120.6894,45.7158],[-120.8557,45.6715],[-120.8956,45.6429],[-120.944,45.6564],[-121.0644,45.6525],[-121.132,45.6098],[-121.1838,45.6064],[-121.2158,45.6712],[-121.3378,45.7049],[-121.4017,45.6929],[-121.5237,45.7249],[-121.7074,45.6948],[-121.8113,45.7068],[-121.8672,45.6933],[-121.9083,45.6544],[-122.1017,45.5835],[-122.1837,45.5777],[-122.2489,45.5478],[-122.3315,45.5482],[-122.3803,45.5759],[-122.4387,45.5636],[-122.675,45.618],[-122.7638,45.6571],[-122.7745,45.6804],[-122.7615,45.7592],[-122.7956,45.81],[-122.7855,45.8505],[-122.814,45.961],[-122.8781,46.0313],[-122.9041,46.0837],[-123.1159,46.1853],[-123.1664,46.189],[-123.2802,46.1448],[-123.3714,46.1464],[-123.431,46.1816],[-123.4276,46.2293]],[[-123.3709,46.7921],[-123.1606,46.7934],[-124.0983,46.7941],[-123.3709,46.7921]],[[-122.7081,47.0776],[-122.7025,47.0679],[-122.6927,47.1013],[-122.7081,47.0776]],[[-122.2425,46.2306],[-122.2459,46.0539],[-122.2489,45.5478],[-122.2425,46.2306]],[[-122.6716,47.0148],[-122.6773,47.0433],[-122.6984,47.0609],[-122.6716,47.0148]],[[-122.6291,46.9715],[-122.5778,46.9759],[-122.6294,46.9769],[-122.6291,46.9715]],[[-122.2031,46.7631],[-122.2009,46.7628],[-122.2406,46.7759],[-122.2031,46.7631]],[[-122.0233,46.7423],[-121.9529,46.7547],[-122.0339,46.7435],[-122.0233,46.7423]],[[-121.362,46.7107],[-121.3581,46.7122],[-121.3605,46.7131],[-121.362,46.7107]],[[-121.3958,46.39],[-121.3938,46.39],[-121.3866,46.4106],[-121.3958,46.39]],[[-123.5057,47.5115],[-123.5059,47.6046],[-123.5059,47.5177],[-123.5057,47.5115]],[[-123.4889,47.0826],[-123.4908,47.2582],[-123.4958,47.2583],[-123.4889,47.0826]],[[-119.8698,46.0409],[-121.5223,46.044],[-121.6122,46.0441],[-119.8698,46.0409]],[[-121.6126,45.8989],[-121.6092,45.7825],[-121.6122,46.0441],[-121.6126,45.8989]],[[-119.8811,46.633],[-119.874,46.6283],[-119.6255,46.6447],[-119.8811,46.633]],[[-119.413,46.6526],[-119.4528,46.679],[-119.456,46.671],[-119.413,46.6526]],[[-119.0415,46.1927],[-119.0619,46.198],[-119.0285,46.1827],[-119.0415,46.1927]],[[-118.9765,46.2376],[-118.9782,46.2363],[-118.975,46.2377],[-118.9765,46.2376]],[[-118.3947,46.5814],[-118.4759,46.5951],[-118.3976,46.5804],[-118.3947,46.5814]],[[-118.2157,46.5889],[-118.2239,46.5903],[-118.1726,46.5569],[-118.2157,46.5889]],[[-118.0121,46.5879],[-118.0215,46.5852],[-117.8919,46.5854],[-118.0121,46.5879]],[[-117.8537,46.6228],[-117.8664,46.6212],[-117.8919,46.5854],[-117.8537,46.6228]],[[-118.9945,46.1568],[-118.9777,46.1403],[-118.981,46.1466],[-118.9945,46.1568]],[[-117.1257,46.4253],[-117.0862,46.4174],[-117.0671,46.4257],[-117.1257,46.4253]],[[-117.2065,46.4489],[-117.2303,46.464],[-117.2288,46.4113],[-117.2281,46.4622],[-117.2065,46.4489]],[[-117.2145,46.4322],[-117.2101,46.4286],[-117.2065,46.4489],[-117.2145,46.4322]],[[-117.1774,46.425],[-117.2055,46.4248],[-117.1999,46.4202],[-117.1774,46.425]],[[-121.1192,47.7799],[-121.0659,47.7093],[-121.118,47.7811],[-121.1192,47.7799]],[[-121.1243,47.6786],[-121.1288,47.6762],[-121.1278,47.6662],[-121.1243,47.6786]],[[-121.0752,47.5511],[-121.1241,47.6301],[-121.1206,47.5964],[-121.0752,47.5511]],[[-120.579,47.3374],[-120.5703,47.3108],[-120.5612,47.3121],[-120.579,47.3374]],[[-120.5282,47.3167],[-120.525,47.3317],[-120.5291,47.3339],[-120.5282,47.3167]],[[-120.0049,47.2211],[-120.0021,47.1262],[-120.0047,47.32],[-120.0049,47.2211]],[[-120.0429,47.0735],[-120.0398,47.0701],[-120.0021,47.1262],[-120.0429,47.0735]],[[-118.9735,47.9434],[-118.8519,47.9626],[-118.9781,47.9453],[-118.9822,47.962],[-118.9827,46.9113],[-118.9735,47.9434]],[[-118.4458,47.8455],[-118.3835,47.8304],[-118.3748,47.8341],[-118.4458,47.8455]],[[-118.3417,47.8961],[-118.3662,47.8377],[-118.3571,47.8416],[-118.3417,47.8961]],[[-118.1557,47.885],[-118.1298,47.8566],[-118.1438,47.8847],[-118.1557,47.885]],[[-117.8236,47.2604],[-117.8283,47.8266],[-117.8236,47.2604],[-117.8236,47.2604]],[[-118.1998,46.6242],[-118.2307,46.6564],[-118.203,46.6171],[-118.1998,46.6242]],[[-119.9718,46.7342],[-119.9713,46.7393],[-119.973,46.7371],[-119.9718,46.7342]],[[-121.4486,46.9673],[-121.4584,46.9603],[-121.4564,46.9241],[-121.4486,46.9673]],[[-121.4065,46.9987],[-121.3998,47.0335],[-121.4085,46.9978],[-121.4065,46.9987]],[[-121.9401,47.1413],[-121.9939,47.1726],[-121.9435,47.14],[-121.9401,47.1413]],[[-121.6645,47.1596],[-121.7199,47.1512],[-121.6584,47.1583],[-121.6645,47.1596]],[[-121.6244,47.1513],[-121.6534,47.1573],[-121.582,47.1187],[-121.6244,47.1513]],[[-121.4906,47.1168],[-121.4996,47.117],[-121.4418,47.0844],[-121.4906,47.1168]],[[-121.386,47.087],[-121.3863,47.0872],[-121.4418,47.0844],[-121.386,47.087]],[[-121.305,47.1428],[-121.3101,47.1385],[-121.3034,47.1389],[-121.305,47.1428]],[[-121.3102,47.1992],[-121.3178,47.173],[-121.3065,47.1928],[-121.3102,47.1992]],[[-121.3651,47.2246],[-121.3131,47.2043],[-121.3176,47.2121],[-121.3651,47.2246]],[[-117.7427,47.8305],[-117.7311,47.8401],[-117.7533,47.8294],[-117.7427,47.8305]],[[-117.6728,47.8887],[-117.6922,47.8834],[-117.6949,47.8702],[-117.6728,47.8887]],[[-121.0416,48.4113],[-121.0413,48.4269],[-121.0658,48.3918],[-121.0416,48.4113]],[[-121.041,48.4457],[-121.0629,48.4602],[-121.0412,48.436],[-121.041,48.4457]],[[-121.043,48.4864],[-121.0497,48.4854],[-121.0629,48.4602],[-121.043,48.4864]],[[-120.7879,48.5071],[-120.7775,48.5094],[-120.7917,48.51],[-120.7879,48.5071]],[[-120.7087,48.5418],[-120.7031,48.5278],[-120.7276,48.5204],[-120.6735,48.5323],[-120.7021,48.5316],[-120.694,48.5579],[-120.7087,48.5418]],[[-120.6572,48.5073],[-120.649,48.5328],[-120.653,48.5327],[-120.6572,48.5073]],[[-120.6537,48.4818],[-120.63,48.4957],[-120.6333,48.4971],[-120.6537,48.4818]],[[-120.3623,48.1648],[-120.3607,48.1624],[-120.3597,48.1704],[-120.3623,48.1648]],[[-120.3486,48.1443],[-120.3299,48.1315],[-120.3527,48.1504],[-120.3486,48.1443]],[[-120.3196,48.1244],[-120.2904,48.1291],[-120.3263,48.129],[-120.3196,48.1244]],[[-119.873,47.9589],[-119.8743,47.9606],[-120.0663,47.9664],[-119.873,47.9589]],[[-120.2531,47.3816],[-120.13,47.3663],[-120.2721,47.3906],[-120.2531,47.3816]],[[-120.2928,47.4004],[-120.2895,47.3988],[-120.308,47.4348],[-120.2928,47.4004]],[[-120.3181,47.4577],[-120.3161,47.4531],[-120.3151,47.4699],[-120.3181,47.4577]],[[-120.3029,47.5201],[-120.3092,47.4943],[-120.2972,47.5265],[-120.3029,47.5201]],[[-120.2382,47.5924],[-120.2637,47.5639],[-120.2384,47.5863],[-120.2382,47.5924]],[[-121.1698,47.9373],[-121.1575,47.9613],[-121.165,47.9545],[-121.1698,47.9373]],[[-121.1669,47.8842],[-121.1767,47.913],[-121.1808,47.8988],[-121.1669,47.8842]],[[-120.7192,48.5964],[-120.6902,48.5702],[-120.6885,48.5757],[-120.7192,48.5964]],[[-120.7531,48.5852],[-120.7416,48.5789],[-120.7192,48.5964],[-120.7531,48.5852]],[[-120.7837,48.6019],[-120.7671,48.5928],[-120.7883,48.6251],[-120.7837,48.6019]],[[-120.7523,48.657],[-120.7173,48.6645],[-120.9084,48.657],[-120.7523,48.657]],[[-118.8696,48.6538],[-118.8699,48.637],[-118.8695,48.4819],[-118.8696,48.6538]]],[[[-123.8648,46.9651],[-123.8605,46.9561],[-123.8845,46.9658],[-123.8648,46.9651]]],[[[-122.8253,47.2705],[-122.8341,47.2568],[-122.8401,47.2681],[-122.8253,47.2705]]],[[[-124.4912,47.6741],[-124.4807,47.6798],[-124.4838,47.6721],[-124.4912,47.6741]]],[[[-124.6457,47.9074],[-124.6516,47.9053],[-124.6522,47.91],[-124.6457,47.9074]]],[[[-122.9181,48.1269],[-122.9353,48.1213],[-122.9306,48.1325],[-122.9181,48.1269]]],[[[-124.5994,48.3855],[-124.5929,48.3779],[-124.5994,48.3768],[-124.5994,48.3855]]],[[[-124.7372,48.3956],[-124.7329,48.3929],[-124.7346,48.3891],[-124.7372,48.3956]]],[[[-122.8418,48.54],[-122.8733,48.506],[-122.8507,48.4776],[-122.8595,48.4601],[-122.8436,48.4611],[-122.8512,48.4492],[-122.8267,48.4607],[-122.8406,48.5031],[-122.8287,48.5233],[-122.7694,48.5121],[-122.8162,48.4878],[-122.8186,48.4574],[-122.8001,48.4472],[-122.8126,48.421],[-122.839,48.4317],[-122.8953,48.421],[-122.8773,48.4319],[-122.8894,48.4359],[-122.8621,48.4396],[-122.9044,48.4462],[-122.9262,48.437],[-122.9175,48.456],[-122.9443,48.4579],[-122.932,48.5175],[-122.9161,48.523],[-122.9203,48.5507],[-122.8847,48.5732],[-122.883,48.5552],[-122.8661,48.5639],[-122.8737,48.5447],[-122.8418,48.54]]],[[[-122.9824,48.5145],[-123.0164,48.5186],[-123.0199,48.4952],[-123.0059,48.4709],[-122.9638,48.4671],[-122.961,48.4512],[-123.0369,48.4579],[-123.133,48.4983],[-123.1632,48.5301],[-123.1711,48.5757],[-123.2033,48.5955],[-123.1797,48.622],[-123.1053,48.6226],[-123.1005,48.599],[-123.0113,48.5596],[-122.9952,48.5355],[-122.9698,48.5361],[-122.9824,48.5145]]],[[[-122.769,48.5593],[-122.8077,48.5313],[-122.8311,48.5725],[-122.8109,48.5889],[-122.769,48.5593]]],[[[-123.0174,48.5901],[-122.9039,48.5757],[-122.9247,48.5546],[-122.9392,48.5628],[-122.943,48.548],[-122.9662,48.5491],[-123.0174,48.5901]]],[[[-122.8148,48.6],[-122.8081,48.593],[-122.8218,48.5909],[-122.8148,48.6]]],[[[-123.019,48.5944],[-123.0253,48.5949],[-123.023,48.5996],[-123.019,48.5944]]],[[[-123.0383,48.6121],[-123.0478,48.6108],[-123.0443,48.6195],[-123.0383,48.6121]]],[[[-123.1117,48.6337],[-123.1381,48.6385],[-123.1636,48.6492],[-123.1278,48.6437],[-123.1117,48.6337]]],[[[-122.7987,48.6027],[-122.8241,48.6008],[-122.8817,48.6535],[-122.885,48.69],[-122.9181,48.6896],[-122.9098,48.6539],[-122.8619,48.6123],[-122.8842,48.5887],[-122.9475,48.5972],[-122.953,48.6253],[-122.9839,48.6421],[-122.9929,48.6346],[-122.9712,48.6038],[-123.0039,48.593],[-122.9932,48.6095],[-123.0032,48.6209],[-123.028,48.6108],[-123.0303,48.6299],[-122.9465,48.7094],[-122.8776,48.7127],[-122.7415,48.6603],[-122.8088,48.6199],[-122.7987,48.6027]]],[[[-123.1275,48.6567],[-123.1828,48.6574],[-123.2361,48.685],[-123.1832,48.6843],[-123.1275,48.6567]]],[[[-123.0047,48.6978],[-123.0423,48.6757],[-123.0364,48.6901],[-123.0679,48.7003],[-123.0098,48.7223],[-123.0047,48.6978]]],[[[-122.8285,48.747],[-122.8344,48.7435],[-122.8407,48.7495],[-122.8285,48.747]]],[[[-122.8894,48.7673],[-122.9123,48.7624],[-122.8832,48.7536],[-122.9122,48.7506],[-122.9184,48.767],[-122.8894,48.7673]]],[[[-122.9691,48.7886],[-122.9416,48.7842],[-122.948,48.7811],[-122.9691,48.7886]]],[[[-123.022,48.9765],[-123.084,48.9715],[-123.0905,49.002],[-123.0354,49.0022],[-123.022,48.9765]]],[[[-122.7417,47.155],[-122.7067,47.1874],[-122.6739,47.1747],[-122.6755,47.142],[-122.6948,47.1438],[-122.6947,47.1259],[-122.7417,47.155]]],[[[-122.6304,47.1535],[-122.6406,47.1494],[-122.6311,47.1677],[-122.6304,47.1535]]],[[[-122.6777,47.1911],[-122.7269,47.2074],[-122.6852,47.2324],[-122.6418,47.205],[-122.6777,47.1911]]],[[[-122.5905,47.2278],[-122.6142,47.2209],[-122.6696,47.2765],[-122.6281,47.2675],[-122.5905,47.2278]]],[[[-122.3736,47.3887],[-122.4378,47.3656],[-122.4575,47.3426],[-122.4745,47.3591],[-122.4331,47.3881],[-122.4396,47.4042],[-122.46,47.4016],[-122.445,47.3894],[-122.4842,47.3801],[-122.4931,47.3303],[-122.5189,47.3333],[-122.509,47.4611],[-122.4827,47.4831],[-122.4766,47.5111],[-122.4524,47.5035],[-122.46,47.4869],[-122.4334,47.4664],[-122.4377,47.4074],[-122.3736,47.3887]]],[[[-122.4795,47.5419],[-122.4891,47.5295],[-122.5049,47.5465],[-122.4914,47.5454],[-122.4795,47.5419]]],[[[-122.5242,47.618],[-122.5004,47.6178],[-122.4983,47.5979],[-122.5147,47.5944],[-122.4803,47.5833],[-122.5184,47.5741],[-122.548,47.6037],[-122.5733,47.5946],[-122.5908,47.6633],[-122.5657,47.6659],[-122.5528,47.7208],[-122.5112,47.7087],[-122.4978,47.6618],[-122.515,47.6541],[-122.4891,47.6332],[-122.5242,47.618]]],[[[-122.516,48.3204],[-122.5047,48.3004],[-122.531,48.2824],[-122.6185,48.2942],[-122.6311,48.2671],[-122.643,48.2888],[-122.6627,48.2776],[-122.6587,48.2445],[-122.7324,48.2261],[-122.7212,48.2138],[-122.6483,48.2269],[-122.6049,48.2064],[-122.5679,48.1486],[-122.5577,48.1179],[-122.5719,48.1021],[-122.5463,48.076],[-122.5379,48.0161],[-122.5097,48.0398],[-122.5254,48.0965],[-122.4911,48.0942],[-122.4313,48.045],[-122.3763,48.0345],[-122.3496,47.9588],[-122.3805,47.904],[-122.3954,47.9221],[-122.431,47.9147],[-122.4692,47.9868],[-122.5468,47.9672],[-122.5476,48.0003],[-122.6073,48.031],[-122.5936,48.0472],[-122.614,48.0728],[-122.5983,48.1106],[-122.6127,48.1559],[-122.6796,48.1551],[-122.6931,48.1815],[-122.7699,48.2275],[-122.6737,48.3547],[-122.6647,48.4015],[-122.5967,48.4056],[-122.5802,48.3748],[-122.5976,48.3576],[-122.516,48.3204]]],[[[-122.3631,48.0545],[-122.4675,48.1304],[-122.493,48.1212],[-122.512,48.1339],[-122.5372,48.1837],[-122.531,48.2498],[-122.4809,48.2517],[-122.4668,48.2696],[-122.4055,48.252],[-122.3947,48.2299],[-122.4496,48.2326],[-122.4421,48.2093],[-122.479,48.1757],[-122.3732,48.0809],[-122.3631,48.0545]]],[[[-122.5302,48.3657],[-122.5245,48.3624],[-122.5275,48.3597],[-122.5302,48.3657]]],[[[-122.5601,48.4027],[-122.5606,48.3986],[-122.5753,48.401],[-122.5601,48.4027]]],[[[-122.6958,48.4598],[-122.7101,48.4616],[-122.6996,48.4697],[-122.6958,48.4598]]],[[[-122.688,48.475],[-122.7042,48.4738],[-122.7137,48.4784],[-122.6897,48.4875],[-122.688,48.475]]],[[[-122.5449,48.5259],[-122.5436,48.5233],[-122.5507,48.5215],[-122.5449,48.5259]]],[[[-122.6426,48.5883],[-122.5789,48.5481],[-122.5759,48.5293],[-122.6404,48.5259],[-122.6536,48.549],[-122.6426,48.5883]]],[[[-122.7405,48.585],[-122.7111,48.6093],[-122.6682,48.5664],[-122.6961,48.5543],[-122.6823,48.5453],[-122.7224,48.5406],[-122.7189,48.5618],[-122.7405,48.585]]],[[[-122.6028,48.6053],[-122.6145,48.6131],[-122.6017,48.614],[-122.6028,48.6053]]],[[[-122.657,48.6099],[-122.6768,48.6101],[-122.6993,48.6211],[-122.6742,48.6299],[-122.657,48.6099]]],[[[-122.5933,48.6514],[-122.5838,48.66],[-122.5776,48.6476],[-122.5933,48.6514]]],[[[-122.6918,48.7115],[-122.7188,48.7168],[-122.7108,48.7476],[-122.6182,48.6707],[-122.6086,48.6404],[-122.6735,48.6808],[-122.6918,48.7115]]],[[[-122.7615,48.6965],[-122.7643,48.6957],[-122.7648,48.7074],[-122.7615,48.6965]]],[[[-122.6224,48.6939],[-122.6504,48.7123],[-122.6112,48.714],[-122.6059,48.6997],[-122.6224,48.6939]]],[[[-122.3066,48.0044],[-122.3261,48.0103],[-122.3224,48.021],[-122.3066,48.0044]]]]}},{"type":"Feature","properties":{"StateFIPS":"54","state":"West Virginia"},"geometry":{"type":"MultiPolygon","coordinates":[[[[-81.6782,37.2015],[-81.744,37.2425],[-81.7576,37.274],[-81.8536,37.2877],[-81.8603,37.3157],[-81.9285,37.3606],[-81.9353,37.4364],[-81.9849,37.4543],[-81.9966,37.4767],[-81.9273,37.5123],[-81.9448,37.5137],[-81.946,37.5317],[-81.9676,37.5328],[-81.9701,37.5465],[-82.0074,37.5337],[-82.0448,37.5467],[-82.0482,37.529],[-82.075,37.5558],[-82.1332,37.5528],[-82.1432,37.5658],[-82.1273,37.5867],[-82.1567,37.5928],[-82.1642,37.6202],[-82.1814,37.6218],[-82.1776,37.649],[-82.1912,37.644],[-82.186,37.6284],[-82.2134,37.6252],[-82.2404,37.6616],[-82.3023,37.6756],[-82.2966,37.7024],[-82.334,37.7432],[-82.3108,37.7627],[-82.334,37.7651],[-82.3237,37.775],[-82.3853,37.8174],[-82.4022,37.8127],[-82.4226,37.8867],[-82.4629,37.9148],[-82.4711,37.8994],[-82.4819,37.9268],[-82.5022,37.9331],[-82.4655,37.9847],[-82.5192,38.0011],[-82.5513,38.0708],[-82.6373,38.139],[-82.643,38.1696],[-82.6113,38.1715],[-82.6046,38.2473],[-82.5861,38.2456],[-82.5747,38.2639],[-82.5718,38.3172],[-82.598,38.3449],[-82.5935,38.4218],[-82.5716,38.4051],[-82.3303,38.4445],[-82.3042,38.4963],[-82.2913,38.579],[-82.246,38.5985],[-82.0581,38.4764],[-82.219,38.5917],[-82.1888,38.595],[-82.1721,38.626],[-82.1956,38.7524],[-82.2216,38.7872],[-82.1449,38.8405],[-82.1432,38.8981],[-82.0226,39.0294],[-81.995,39.0225],[-81.9775,38.9927],[-81.9332,38.9877],[-81.8985,38.9296],[-81.927,38.8916],[-81.7913,38.7331],[-81.9086,38.8785],[-81.8589,38.8902],[-81.825,38.9466],[-81.7741,38.923],[-81.7561,38.9335],[-81.7818,38.9649],[-81.7643,39.0153],[-81.8117,39.0596],[-81.8079,39.084],[-81.7756,39.0784],[-81.7473,39.0954],[-81.7558,39.1805],[-81.7256,39.2158],[-81.6913,39.2279],[-81.6964,39.257],[-81.6783,39.2738],[-81.5702,39.2677],[-81.5575,39.3388],[-81.4561,39.4093],[-81.4127,39.3946],[-81.3636,39.3205],[-81.3713,39.3421],[-81.2707,39.3859],[-81.2173,39.3876],[-81.1799,39.4351],[-81.1213,39.458],[-81.0706,39.516],[-80.9438,39.6069],[-80.8804,39.6207],[-80.8658,39.6865],[-80.8339,39.7035],[-80.8335,39.7208],[-79.4767,39.7211],[-79.4871,39.1971],[-79.4675,39.1788],[-79.4869,39.206],[-79.4398,39.2171],[-79.3324,39.2999],[-79.2902,39.2993],[-79.2553,39.3359],[-79.2563,39.3572],[-79.2143,39.3635],[-79.1812,39.3946],[-79.1652,39.3871],[-79.1601,39.4164],[-79.1438,39.4052],[-79.1122,39.4309],[-79.1005,39.477],[-79.0554,39.4715],[-79.047,39.4834],[-78.9568,39.4403],[-78.9423,39.481],[-78.9165,39.4865],[-78.8904,39.525],[-78.8747,39.5226],[-78.8512,39.5599],[-78.8168,39.5617],[-78.826,39.5888],[-78.7959,39.6069],[-78.8017,39.6275],[-78.7752,39.6457],[-78.7653,39.644],[-78.7775,39.6217],[-78.7338,39.6139],[-78.7769,39.604],[-78.7675,39.5875],[-78.734,39.5866],[-78.725,39.564],[-78.6574,39.5351],[-78.4686,39.5168],[-78.4486,39.5421],[-78.4602,39.5512],[-78.4364,39.5393],[-78.439,39.5519],[-78.4173,39.5496],[-78.4572,39.5874],[-78.3953,39.5842],[-78.4303,39.6233],[-78.3782,39.6082],[-78.3825,39.6282],[-78.3339,39.6365],[-78.2668,39.6188],[-78.2239,39.6626],[-78.2331,39.6729],[-78.1714,39.6956],[-78.0775,39.6689],[-78.0023,39.6005],[-77.9521,39.6064],[-77.9462,39.5848],[-77.9419,39.6188],[-77.8885,39.5973],[-77.8851,39.6158],[-77.838,39.6061],[-77.8363,39.5664],[-77.8889,39.5559],[-77.8602,39.5143],[-77.8335,39.5326],[-77.8236,39.5241],[-77.8476,39.5034],[-77.766,39.4957],[-77.7955,39.4818],[-77.7785,39.4637],[-77.7985,39.4607],[-77.7861,39.4472],[-77.8025,39.436],[-77.7531,39.4233],[-77.7363,39.3877],[-77.7534,39.3821],[-77.7439,39.3599],[-77.7596,39.3373],[-77.7195,39.3213],[-77.7707,39.2553],[-77.8283,39.1324],[-78.3471,39.466],[-78.3594,39.4125],[-78.3432,39.3888],[-78.3669,39.3593],[-78.339,39.3499],[-78.4194,39.2575],[-78.3998,39.2441],[-78.4387,39.198],[-78.4037,39.1675],[-78.5719,39.032],[-78.5505,39.0181],[-78.6017,38.9646],[-78.6296,38.9809],[-78.6805,38.9253],[-78.7162,38.9048],[-78.7185,38.9343],[-78.7389,38.9273],[-78.788,38.8851],[-78.8693,38.763],[-78.994,38.8501],[-79.0273,38.7921],[-79.055,38.7857],[-79.0573,38.7614],[-79.0873,38.7201],[-79.093,38.6595],[-79.1311,38.6532],[-79.2106,38.4929],[-79.283,38.4181],[-79.3123,38.4119],[-79.4766,38.4572],[-79.5369,38.5509],[-79.6462,38.5905],[-79.673,38.5287],[-79.6621,38.5155],[-79.6976,38.4872],[-79.6897,38.4314],[-79.7263,38.3871],[-79.7256,38.3638],[-79.7644,38.3565],[-79.8087,38.3094],[-79.7901,38.2677],[-79.9212,38.1804],[-79.9187,38.1548],[-79.9448,38.1316],[-79.9263,38.1072],[-80.0025,37.9928],[-80.1622,37.8751],[-80.2271,37.7989],[-80.2157,37.7775],[-80.248,37.7685],[-80.2628,37.7383],[-80.2531,37.7259],[-80.2871,37.6964],[-80.3363,37.6876],[-80.2961,37.6918],[-80.2675,37.6461],[-80.221,37.6278],[-80.3285,37.5643],[-80.3124,37.5462],[-80.3303,37.5362],[-80.2824,37.5335],[-80.2998,37.5083],[-80.4648,37.4261],[-80.4949,37.4351],[-80.5114,37.4817],[-80.7701,37.3724],[-80.7842,37.3946],[-80.8585,37.4283],[-80.8598,37.4292],[-80.8832,37.3839],[-80.8495,37.3469],[-80.9479,37.2959],[-81.0948,37.2826],[-81.2251,37.2349],[-81.3622,37.3377],[-81.3137,37.4209],[-81.4167,37.2732],[-81.5032,37.2526],[-81.5088,37.2326],[-81.5536,37.2084],[-81.6782,37.2015]],[[-79.3264,39.2079],[-79.3451,39.2138],[-79.4675,39.1788],[-79.3264,39.2079]],[[-79.0573,38.7614],[-79.3577,38.9645],[-79.388,38.9656],[-79.3499,38.9575],[-79.0573,38.7614]],[[-79.3305,38.9826],[-79.3244,38.9973],[-79.3577,38.9645],[-79.3305,38.9826]],[[-80.6708,37.698],[-80.6703,37.7004],[-80.8585,37.4283],[-80.6708,37.698]],[[-81.0277,39.4629],[-81.0283,39.4665],[-81.0613,39.4764],[-81.0277,39.4629]],[[-81.0078,39.3509],[-81.0309,39.3505],[-81.0069,39.3471],[-81.01,39.3643],[-81.0078,39.3509]],[[-81.2376,39.2725],[-81.2314,39.275],[-81.2213,39.308],[-81.2376,39.2725]],[[-81.3018,39.2016],[-81.2971,39.1909],[-81.2924,39.2178],[-81.3018,39.2016]],[[-81.4249,39.1357],[-81.298,39.1856],[-81.298,39.1859],[-81.4249,39.1357]],[[-81.2534,39.038],[-81.2506,39.0384],[-81.2536,39.0559],[-81.2534,39.038]],[[-81.2109,39.0442],[-81.2137,39.045],[-81.2227,39.0425],[-81.2109,39.0442]],[[-81.0909,39.0149],[-81.0812,39.014],[-81.1296,39.0452],[-81.0909,39.0149]],[[-80.5836,38.8589],[-80.597,38.896],[-80.7167,39.0083],[-80.6058,38.9042],[-80.5836,38.8589]],[[-80.4738,38.8332],[-80.4908,38.8453],[-80.524,38.8628],[-80.4738,38.8332]],[[-80.5087,38.6456],[-80.4522,38.7359],[-80.4422,38.7716],[-80.5087,38.6456]],[[-80.6563,38.5275],[-80.6783,38.5035],[-80.5087,38.6456],[-80.6563,38.5275]],[[-80.4358,38.7256],[-80.3969,38.728],[-80.4476,38.7331],[-80.4358,38.7256]],[[-80.3182,38.6843],[-80.3338,38.7202],[-80.3465,38.7218],[-80.3182,38.6843]],[[-80.36,38.2258],[-80.3633,38.1144],[-80.3522,38.3453],[-80.36,38.2258]],[[-80.6128,38.367],[-80.4365,38.2673],[-80.36,38.2258],[-80.6128,38.367]],[[-81.5466,38.6724],[-81.5222,38.6127],[-81.5186,38.608],[-81.5466,38.6724]],[[-81.5062,38.9211],[-81.5302,38.8948],[-81.4481,38.9416],[-81.5062,38.9211]],[[-81.2784,38.9149],[-81.3441,38.8957],[-81.2701,38.9097],[-81.2784,38.9149]],[[-81.2489,38.8965],[-81.2557,38.9008],[-81.252,38.8956],[-81.2489,38.8965]],[[-81.2354,38.8625],[-81.2402,38.8685],[-81.2464,38.8531],[-81.2354,38.8625]],[[-81.2839,38.472],[-81.131,38.5658],[-81.0928,38.605],[-81.1941,38.5276],[-81.2839,38.472]],[[-81.2316,38.2635],[-81.1923,38.2494],[-81.2314,38.2637],[-81.3149,38.1806],[-81.2316,38.2635]],[[-81.4361,37.9681],[-81.3343,37.9668],[-81.4461,37.9774],[-81.4361,37.9681]],[[-80.9451,37.8191],[-80.948,37.8195],[-80.8946,37.7746],[-80.9451,37.8191]],[[-80.8887,37.4488],[-81.0946,37.5887],[-81.1031,37.5906],[-80.8887,37.4488]],[[-82.4012,37.8468],[-82.3944,37.8424],[-82.4037,37.8629],[-82.4012,37.8468]],[[-82.3064,37.9436],[-82.1923,38.0463],[-82.4037,37.8629],[-82.3064,37.9436]],[[-82.1907,37.9746],[-82.1973,37.963],[-82.0129,38.0223],[-82.1907,37.9746]],[[-81.9325,38.0254],[-81.9777,37.9827],[-81.9084,38.0298],[-82.0129,38.0223],[-81.9325,38.0254]],[[-81.5201,37.7886],[-81.4773,37.7866],[-81.5142,37.7912],[-81.5201,37.7886]],[[-81.5561,37.8326],[-81.5594,37.8387],[-81.5578,37.8332],[-81.5561,37.8326]],[[-81.5471,37.9605],[-81.5284,37.9736],[-81.5393,37.9708],[-81.5471,37.9605]],[[-81.4737,37.9876],[-81.4593,37.9874],[-81.4593,37.9913],[-81.4737,37.9876]],[[-81.8264,37.5354],[-81.8537,37.5518],[-81.8559,37.5489],[-81.8264,37.5354]],[[-81.8028,37.6594],[-81.8048,37.6587],[-81.8027,37.6578],[-81.8028,37.6594]],[[-81.7534,37.7584],[-81.7619,37.7566],[-81.7597,37.7546],[-81.7534,37.7584]],[[-81.3109,37.5823],[-81.458,37.7842],[-81.463,37.7848],[-81.3109,37.5823]],[[-81.3132,37.5548],[-81.3049,37.5507],[-81.3109,37.5823],[-81.3132,37.5548]],[[-81.2483,37.5232],[-81.2221,37.5104],[-81.2315,37.5048],[-81.2138,37.5087],[-81.2483,37.5232]],[[-81.1132,37.5929],[-81.1354,37.5979],[-81.1989,37.5755],[-81.1132,37.5929]],[[-81.3854,37.4613],[-81.3893,37.4603],[-81.3831,37.4575],[-81.3854,37.4613]],[[-81.7246,37.497],[-81.8179,37.5066],[-81.7296,37.4947],[-81.7246,37.497]],[[-81.9799,37.6678],[-81.9964,37.6483],[-81.9917,37.6427],[-81.9799,37.6678]],[[-81.8386,38.2098],[-81.8178,38.1916],[-81.8357,38.2176],[-81.8518,38.1848],[-81.8386,38.2098]],[[-81.8047,38.1801],[-81.8105,38.2083],[-81.81,38.1848],[-81.8047,38.1801]],[[-81.7049,38.227],[-81.7058,38.2271],[-81.7063,38.2267],[-81.7049,38.227]],[[-81.607,38.1744],[-81.5695,38.1373],[-81.5561,38.1376],[-81.607,38.1744]],[[-81.5464,38.1198],[-81.5178,38.11],[-81.5457,38.1301],[-81.5464,38.1198]],[[-81.4596,38.009],[-81.4599,38.0271],[-81.4781,38.0601],[-81.4596,38.009]],[[-82.2762,38.3039],[-82.286,38.3191],[-82.2912,38.3202],[-82.2762,38.3039]],[[-82.3056,38.2952],[-82.3067,38.2876],[-82.304,38.2957],[-82.3056,38.2952]],[[-82.3114,38.2562],[-82.2906,38.2441],[-82.3101,38.2647],[-82.3114,38.2562]],[[-82.2614,38.2407],[-82.2648,38.2292],[-82.2857,38.145],[-82.2614,38.2407]],[[-81.9974,38.2666],[-81.9932,38.2696],[-82.0489,38.2903],[-81.9974,38.2666]],[[-81.8331,38.2229],[-81.8352,38.2187],[-81.802,38.2211],[-81.8331,38.2229]],[[-81.9689,38.0777],[-81.9693,38.0721],[-81.9324,38.1501],[-81.9689,38.0777]],[[-81.971,38.0479],[-81.9633,38.0457],[-81.9702,38.059],[-81.971,38.0479]],[[-80.3979,37.7125],[-80.3778,37.686],[-80.3922,37.7156],[-80.3979,37.7125]],[[-80.9441,38.1937],[-80.9498,38.168],[-80.9397,38.162],[-80.9441,38.1937]],[[-80.8733,38.0638],[-80.8939,38.0796],[-80.878,38.0653],[-80.8733,38.0638]],[[-80.8003,38.0615],[-80.8581,38.0587],[-80.8402,38.0528],[-80.8003,38.0615]],[[-80.8253,38.4943],[-80.8797,38.5067],[-80.8787,38.504],[-80.8253,38.4943]],[[-80.4333,39.6391],[-80.3477,39.6118],[-80.3959,39.6387],[-80.4333,39.6391]],[[-80.485,39.5869],[-80.4796,39.5948],[-80.4808,39.5947],[-80.485,39.5869]],[[-80.4943,39.5516],[-80.4933,39.5718],[-80.4982,39.5629],[-80.4943,39.5516]],[[-80.4677,39.5036],[-80.4895,39.5377],[-80.4746,39.4946],[-80.4677,39.5036]],[[-80.5199,39.4343],[-80.4941,39.4696],[-80.4914,39.473],[-80.5127,39.4586],[-80.5199,39.4343]],[[-80.1973,39.3932],[-80.2828,39.4358],[-80.1973,39.3932],[-80.1973,39.3932]],[[-80.2488,39.1008],[-80.2319,39.1122],[-80.3002,39.1039],[-80.2488,39.1008]],[[-80.3678,38.8866],[-80.3176,38.9588],[-80.3782,38.8854],[-80.3678,38.8866]],[[-80.4095,38.7683],[-80.3862,38.8757],[-80.387,38.8748],[-80.4095,38.7683]],[[-80.9337,39.3861],[-80.9374,39.3866],[-80.9577,39.3401],[-80.9337,39.3861]],[[-80.8825,39.3584],[-80.9197,39.3844],[-80.9257,39.3851],[-80.8825,39.3584]],[[-80.9138,39.2729],[-80.7332,39.3956],[-80.8887,39.2943],[-80.9138,39.2729]],[[-80.8143,39.1054],[-80.813,39.1094],[-80.9138,39.2729],[-80.8143,39.1054]],[[-80.6292,39.1394],[-80.6067,39.155],[-80.6629,39.1378],[-80.6292,39.1394]],[[-80.6043,39.1566],[-80.5908,39.1659],[-80.5918,39.1827],[-80.6043,39.1566]],[[-80.9531,39.0338],[-80.8188,39.0916],[-80.8172,39.0965],[-80.9531,39.0338]],[[-80.7149,39.4293],[-80.6082,39.4477],[-80.649,39.4658],[-80.6186,39.4504],[-80.7149,39.4293]],[[-80.5811,39.4506],[-80.5857,39.4482],[-80.5794,39.4349],[-80.5811,39.4506]],[[-80.5438,39.4243],[-80.5445,39.4291],[-80.5794,39.4349],[-80.5438,39.4243]],[[-80.555,39.1843],[-80.5658,39.1794],[-80.5614,39.1789],[-80.555,39.1843]],[[-80.5302,39.2104],[-80.5296,39.2057],[-80.5256,39.209],[-80.5302,39.2104]],[[-80.5419,39.4116],[-80.5474,39.3966],[-80.5335,39.355],[-80.5419,39.4116]],[[-79.8548,39.0884],[-79.8588,39.0773],[-79.8393,39.0977],[-79.8548,39.0884]],[[-79.8381,39.131],[-79.8265,39.111],[-79.8207,39.1172],[-79.8381,39.131]],[[-79.8097,39.2305],[-79.8106,39.2309],[-79.8381,39.131],[-79.8097,39.2305]],[[-79.7796,39.0844],[-79.8096,39.1083],[-79.78,39.081],[-79.7796,39.0844]],[[-79.7929,38.7141],[-79.8465,38.6299],[-79.8298,38.6379],[-79.7929,38.7141]],[[-79.7765,38.7398],[-79.7792,38.7356],[-79.7318,38.7106],[-79.7765,38.7398]],[[-79.6275,38.6615],[-79.6354,38.6611],[-79.6281,38.6594],[-79.6275,38.6615]],[[-79.5968,38.6654],[-79.5939,38.6655],[-79.5977,38.6876],[-79.5968,38.6654]],[[-79.9534,39.2804],[-79.9154,39.2981],[-79.9432,39.2958],[-79.9534,39.2804]],[[-79.8955,39.2996],[-79.8962,39.2997],[-79.8617,39.2851],[-79.8955,39.2996]],[[-80.0542,39.0312],[-80.0543,39.0346],[-80.0558,39.0347],[-80.0542,39.0312]],[[-80.0733,38.965],[-80.0685,38.9615],[-80.0527,38.9752],[-80.0733,38.965]],[[-79.3038,39.047],[-79.2982,39.0732],[-79.3123,39.0265],[-79.3038,39.047]],[[-79.3092,39.1743],[-79.3318,39.1478],[-79.3315,39.1316],[-79.3092,39.1743]],[[-79.2967,39.1984],[-79.2998,39.1994],[-79.2975,39.1968],[-79.2967,39.1984]],[[-78.0147,39.2949],[-77.9885,39.3198],[-77.9825,39.3476],[-78.0147,39.2949]],[[-79.9389,39.4525],[-79.8987,39.4371],[-79.9655,39.467],[-79.9389,39.4525]],[[-80.0254,39.4998],[-80.1535,39.6104],[-80.0392,39.5073],[-80.0254,39.4998]]],[[[-80.8213,39.85],[-80.7902,39.8723],[-80.8076,39.9149],[-80.7583,39.9104],[-80.7634,39.9535],[-80.7401,39.9708],[-80.7386,40.0757],[-80.7102,40.0996],[-80.7029,40.1573],[-80.6696,40.1836],[-80.6818,40.1856],[-80.6521,40.245],[-80.6193,40.2652],[-80.5999,40.3177],[-80.6097,40.375],[-80.6336,40.3905],[-80.518,40.3996],[-80.5193,39.7214],[-80.8335,39.7208],[-80.8699,39.7636],[-80.8261,39.7986],[-80.8213,39.85]]],[[[-80.6118,40.4039],[-80.5948,40.4714],[-80.668,40.5825],[-80.6272,40.6199],[-80.5767,40.6142],[-80.519,40.6388],[-80.518,40.3996],[-80.6297,40.395],[-80.6118,40.4039]]]]}},{"type":"Feature","properties":{"StateFIPS":"47","state":"Tennessee"},"geometry":{"type":"Polygon","coordinates":[[[-87.9849,35.0059],[-89.1983,34.9945],[-90.3084,34.9957],[-90.2923,35.0414],[-90.2132,35.0255],[-90.1912,35.0402],[-90.1674,35.1236],[-90.1418,35.133],[-90.0897,35.1181],[-90.0665,35.1368],[-90.0687,35.156],[-90.1174,35.1901],[-90.0755,35.214],[-90.0864,35.2382],[-90.1051,35.2544],[-90.1521,35.256],[-90.1689,35.282],[-90.1573,35.3015],[-90.11,35.305],[-90.081,35.3859],[-90.1293,35.4138],[-90.1462,35.3995],[-90.1355,35.3767],[-90.1721,35.3775],[-90.1689,35.4219],[-90.1077,35.4769],[-90.079,35.4769],[-90.0553,35.3929],[-89.7788,35.3878],[-90.0568,35.4039],[-90.0027,35.4305],[-90.0477,35.5026],[-90.0345,35.5526],[-89.9894,35.56],[-89.9289,35.5124],[-89.9046,35.5193],[-89.9064,35.5442],[-89.942,35.5569],[-89.9511,35.5975],[-89.8566,35.6344],[-89.8512,35.6574],[-89.8669,35.6702],[-89.8989,35.6509],[-89.9274,35.6595],[-89.9557,35.6901],[-89.9583,35.7266],[-89.912,35.7583],[-89.8255,35.7452],[-89.799,35.7594],[-89.7996,35.7883],[-89.7817,35.8052],[-89.7282,35.8027],[-89.6965,35.8206],[-89.6974,35.8367],[-89.7725,35.8651],[-89.7431,35.9112],[-89.6691,35.8745],[-89.6456,35.8858],[-89.6503,35.9277],[-89.7185,35.9631],[-89.7331,36.0008],[-89.7069,36.001],[-89.6725,36.0918],[-89.594,36.1272],[-89.5944,36.1555],[-89.7053,36.2366],[-89.6952,36.2528],[-89.6024,36.2381],[-89.5392,36.2488],[-89.5395,36.2774],[-89.6203,36.323],[-89.6005,36.343],[-89.519,36.3486],[-89.5097,36.3736],[-89.5453,36.4271],[-89.5197,36.467],[-89.5392,36.4979],[-89.4854,36.4975],[-89.4932,36.4701],[-89.4642,36.4572],[-89.4173,36.499],[-89.3461,36.5032],[-88.5163,36.5014],[-88.0533,36.4971],[-88.0615,36.4441],[-88.0325,36.5407],[-88.0705,36.6781],[-87.8496,36.6637],[-87.8532,36.6332],[-87.6411,36.638],[-87.115,36.6424],[-86.5899,36.6525],[-86.5639,36.6336],[-86.634,36.5364],[-86.5501,36.6448],[-85.7886,36.6218],[-85.2763,36.6265],[-84.7854,36.6034],[-84.7577,36.5626],[-84.7785,36.6032],[-83.6907,36.5826],[-83.6754,36.6008],[-81.9341,36.5942],[-81.9226,36.6162],[-81.6469,36.6119],[-81.708,36.5362],[-81.6953,36.4679],[-81.7407,36.4131],[-81.7074,36.3352],[-81.7649,36.3387],[-81.8008,36.3581],[-81.9081,36.302],[-82.0331,36.1204],[-82.1271,36.1044],[-82.1479,36.1495],[-82.1768,36.1422],[-82.2221,36.1569],[-82.2475,36.1309],[-82.2895,36.1357],[-82.4095,36.0834],[-82.4607,36.0078],[-82.5579,35.9539],[-82.6109,35.9674],[-82.6139,36.0047],[-82.5908,36.0319],[-82.6372,36.0658],[-82.776,36.0001],[-82.7778,35.9669],[-82.8219,35.9218],[-82.8526,35.9491],[-82.92,35.9284],[-82.8963,35.8803],[-82.9206,35.8685],[-82.9166,35.8414],[-82.984,35.778],[-83.0787,35.7895],[-83.1202,35.7662],[-83.1592,35.7649],[-83.1857,35.7299],[-83.2629,35.7146],[-83.2613,35.6892],[-83.2972,35.6577],[-83.335,35.6655],[-83.3966,35.6227],[-83.4458,35.6118],[-83.4983,35.563],[-83.582,35.5627],[-83.6089,35.5795],[-83.7717,35.5621],[-83.8256,35.5238],[-83.8826,35.5172],[-83.9118,35.476],[-83.9592,35.4674],[-84.0231,35.4097],[-84.0076,35.3717],[-84.0383,35.3478],[-84.0214,35.3014],[-84.0557,35.2682],[-84.0981,35.2472],[-84.1884,35.24],[-84.2237,35.2691],[-84.2902,35.2256],[-84.3219,34.9884],[-85.4741,34.9831],[-86.8363,34.9918],[-87.9849,35.0059]],[[-89.1826,35.4328],[-89.1839,35.3971],[-89.1983,34.9945],[-89.1826,35.4328]],[[-88.8416,35.4278],[-89.0789,35.4314],[-89.1826,35.4328],[-88.8416,35.4278]],[[-88.5322,36.1154],[-88.5303,36.152],[-88.5163,36.5014],[-88.5322,36.1154]],[[-87.9909,36.3601],[-88.0937,36.3603],[-87.9839,36.3569],[-88.0615,36.4441],[-87.9909,36.3601]],[[-87.5924,36.3677],[-87.587,36.3418],[-87.6411,36.638],[-87.5924,36.3677]],[[-83.4155,36.5494],[-83.4326,36.5731],[-83.4721,36.5973],[-83.4155,36.5494]],[[-86.3126,35.1343],[-86.3334,35.1465],[-86.3182,35.127],[-86.3188,34.9911],[-86.3126,35.1343]],[[-86.8283,35.2637],[-86.8292,35.2671],[-86.8363,34.9918],[-86.8283,35.2637]],[[-87.119,36.5215],[-87.1161,36.5392],[-87.1186,36.541],[-87.119,36.5215]],[[-87.1204,36.4555],[-87.0054,36.3924],[-87.1204,36.4573],[-87.1204,36.4555]],[[-86.9192,36.3865],[-86.9132,36.3826],[-86.9012,36.3868],[-86.9192,36.3865]],[[-86.8621,36.3696],[-86.8529,36.3801],[-86.8703,36.3745],[-86.8621,36.3696]],[[-86.7822,36.3854],[-86.791,36.3768],[-86.7874,36.3596],[-86.7822,36.3854]],[[-86.7506,36.4013],[-86.7483,36.4185],[-86.775,36.3924],[-86.7506,36.4013]],[[-86.2393,36.482],[-86.1901,36.4827],[-86.2279,36.491],[-86.2393,36.482]],[[-85.9796,36.4205],[-85.828,36.4118],[-86.1683,36.4443],[-85.9796,36.4205]],[[-85.8465,36.2882],[-85.8245,36.4304],[-85.828,36.4118],[-85.8465,36.2882]],[[-85.7802,36.2381],[-85.7799,36.2437],[-85.7901,36.2455],[-85.7802,36.2381]],[[-85.8074,36.1316],[-85.8054,36.1296],[-85.8036,36.1703],[-85.8074,36.1316]],[[-86.0942,36.2057],[-86.0534,36.0438],[-86.0416,36.0355],[-86.0597,36.086],[-86.0942,36.2057]],[[-86.0407,36.0088],[-86.0148,35.9611],[-86.0374,36.0239],[-86.0407,36.0088]],[[-86.0192,35.9618],[-85.9058,35.8679],[-86.0148,35.9611],[-86.0192,35.9618]],[[-85.8877,35.8444],[-85.8852,35.8397],[-85.7518,35.85],[-85.8877,35.8444]],[[-85.657,35.8198],[-85.6821,35.8313],[-85.6589,35.8259],[-85.7518,35.85],[-85.657,35.8198]],[[-85.9849,35.7346],[-85.9868,35.7185],[-85.9139,35.8225],[-85.9849,35.7346]],[[-85.9941,35.6572],[-85.9697,35.6379],[-85.9893,35.697],[-85.9941,35.6572]],[[-85.88,35.5354],[-85.887,35.3815],[-85.877,35.5241],[-85.8203,35.5046],[-85.9482,35.5734],[-85.88,35.5354]],[[-87.5838,35.4084],[-87.6073,35.4362],[-87.5972,35.4117],[-87.5838,35.4084]],[[-87.9807,36.3533],[-87.9834,36.3563],[-87.9476,36.2853],[-87.9807,36.3533]],[[-87.9516,36.2223],[-87.9157,36.1607],[-87.9496,36.2432],[-87.9476,36.2853],[-87.9516,36.2223]],[[-87.9217,36.1269],[-87.919,36.13],[-87.9157,36.1607],[-87.9217,36.1269]],[[-87.5668,36.1779],[-87.586,36.1977],[-87.5598,36.1516],[-87.5668,36.1779]],[[-87.5445,36.0942],[-87.5519,36.1218],[-87.5524,36.016],[-87.5445,36.0942]],[[-87.5325,35.9695],[-87.5345,35.9931],[-87.5524,36.016],[-87.5325,35.9695]],[[-87.5882,35.9492],[-87.5622,35.9483],[-87.5325,35.9695],[-87.5882,35.9492]],[[-87.6587,35.9155],[-87.6372,35.9313],[-87.707,35.9059],[-87.6587,35.9155]],[[-87.7168,35.8387],[-87.7329,35.7263],[-87.707,35.9059],[-87.7168,35.8387]],[[-87.6582,35.6093],[-87.6677,35.6154],[-87.657,35.6013],[-87.6582,35.6093]],[[-88.1779,35.8458],[-88.092,35.8492],[-88.2174,35.8466],[-88.1779,35.8458]],[[-88.2126,36.1203],[-88.2117,36.146],[-88.2174,35.8466],[-88.2126,36.1203]],[[-88.0593,35.8498],[-88.0455,35.8465],[-88.0518,35.85],[-88.0593,35.8498]],[[-88.0329,35.8395],[-88.0282,35.811],[-88.0286,35.8372],[-88.0329,35.8395]],[[-87.9707,35.8157],[-87.9863,35.7666],[-87.9707,35.8158],[-87.9707,35.8157]],[[-87.9891,35.4827],[-88.0268,35.4721],[-88.0319,35.463],[-87.9891,35.4827]],[[-88.0379,35.4524],[-88.0423,35.4446],[-88.0329,35.4349],[-88.0379,35.4524]],[[-88.0066,35.4246],[-88.0249,35.4268],[-87.9757,35.4147],[-88.0066,35.4246]],[[-87.9812,35.4007],[-87.9749,35.402],[-87.9757,35.4147],[-87.9812,35.4007]],[[-89.6662,35.6328],[-89.6623,35.6321],[-89.6254,35.651],[-89.6662,35.6328]],[[-89.5017,35.5839],[-89.4986,35.5822],[-89.47,35.5952],[-89.5017,35.5839]],[[-89.4372,35.7605],[-89.4338,35.7748],[-89.4397,35.7659],[-89.4372,35.7605]],[[-89.3398,35.7907],[-89.2712,35.7549],[-89.2267,35.7483],[-89.3398,35.7907]],[[-89.1522,35.7203],[-89.117,35.6992],[-89.0839,35.6947],[-89.1522,35.7203]],[[-88.6101,35.3672],[-88.6411,35.3609],[-88.6631,35.3403],[-88.6101,35.3672]],[[-88.4412,35.3796],[-88.522,35.3851],[-88.5592,35.3775],[-88.4412,35.3796]],[[-88.3626,35.381],[-88.3622,35.389],[-88.367,35.3809],[-88.3626,35.381]],[[-89.5852,35.3975],[-89.6328,35.3758],[-89.5597,35.3987],[-89.5852,35.3975]],[[-88.6286,35.5505],[-88.6759,35.4892],[-88.6343,35.5361],[-88.6286,35.5505]],[[-89.3439,35.8776],[-89.3428,35.8809],[-89.3457,35.8838],[-89.3439,35.8776]],[[-89.2135,35.9517],[-89.2081,35.9622],[-89.2277,35.9416],[-89.2135,35.9517]],[[-89.136,35.9678],[-89.1908,36.002],[-89.1888,35.9998],[-89.136,35.9678]],[[-89.1639,36.0262],[-89.2031,36.0162],[-89.1995,36.0121],[-89.1639,36.0262]],[[-88.9612,36.2016],[-89.483,36.2127],[-89.1545,36.2047],[-88.9612,36.2016]],[[-88.9598,36.2228],[-88.9502,36.4092],[-88.9612,36.2016],[-88.9598,36.2228]],[[-89.4689,36.2248],[-89.4858,36.2209],[-89.4883,36.1875],[-89.483,36.2127],[-89.4689,36.2248]],[[-87.9452,35.8605],[-87.9403,35.866],[-87.9394,35.8708],[-87.9452,35.8605]],[[-87.1876,36.0189],[-87.2042,35.9592],[-87.2341,35.7247],[-87.2151,35.8507],[-87.1876,36.0189]],[[-86.7862,35.7052],[-86.8119,35.6964],[-86.7748,35.701],[-86.7862,35.7052]],[[-86.6993,35.7178],[-86.692,35.7094],[-86.6561,35.6948],[-86.6993,35.7178]],[[-86.6382,35.6872],[-86.6421,35.6873],[-86.6492,35.5994],[-86.6382,35.6872]],[[-86.6252,35.7015],[-86.6074,35.7006],[-86.6239,35.7028],[-86.6252,35.7015]],[[-86.534,35.6908],[-86.5188,35.6796],[-86.5155,35.6884],[-86.534,35.6908]],[[-86.2452,35.6319],[-86.2367,35.455],[-86.2452,35.6494],[-86.2452,35.6319]],[[-86.2506,35.4132],[-86.288,35.4073],[-86.2515,35.409],[-86.2799,35.3875],[-86.2517,35.4035],[-86.2367,35.455],[-86.2506,35.4132]],[[-86.2454,35.6866],[-86.2402,35.6909],[-86.2454,35.6889],[-86.2454,35.6866]],[[-86.2118,35.702],[-86.1889,35.6917],[-86.2071,35.7038],[-86.2118,35.702]],[[-86.0889,35.6468],[-86.0379,35.643],[-86.0078,35.6528],[-86.0889,35.6468]],[[-86.5995,35.3649],[-86.5491,35.358],[-86.6182,35.3668],[-86.5995,35.3649]],[[-86.273,35.3664],[-86.2443,35.3561],[-86.2699,35.3693],[-86.273,35.3664]],[[-86.2447,35.3149],[-86.2615,35.3336],[-86.2664,35.3386],[-86.2447,35.3149]],[[-86.3162,35.2197],[-86.3008,35.2112],[-86.2959,35.2181],[-86.3162,35.2197]],[[-86.9988,35.4096],[-86.9884,35.41],[-87.0093,35.4172],[-86.9988,35.4096]],[[-86.9805,35.4103],[-86.9408,35.4117],[-86.96,35.4168],[-86.9805,35.4103]],[[-86.9246,35.3631],[-86.9229,35.407],[-86.9308,35.4091],[-86.9246,35.3631]],[[-87.2694,35.5059],[-87.2834,35.4969],[-87.2795,35.481],[-87.2694,35.5059]],[[-87.3177,35.5491],[-87.289,35.5428],[-87.2899,35.548],[-87.3177,35.5491]],[[-87.4336,35.6246],[-87.3406,35.6586],[-87.3574,35.6595],[-87.4336,35.6246]],[[-87.5493,35.6303],[-87.4596,35.6151],[-87.4557,35.6165],[-87.5493,35.6303]],[[-87.3031,36.3124],[-87.2308,36.3278],[-87.2865,36.3219],[-87.2841,36.3359],[-87.3031,36.3124]],[[-87.1562,36.3014],[-87.153,36.3053],[-87.2308,36.3278],[-87.1562,36.3014]],[[-87.1682,36.2917],[-87.1664,36.2887],[-87.1617,36.2946],[-87.1682,36.2917]],[[-86.9768,36.2374],[-86.9208,36.3307],[-86.9187,36.3449],[-86.9744,36.2499],[-86.9768,36.2374]],[[-86.7211,36.3421],[-86.7305,36.3813],[-86.7412,36.392],[-86.7211,36.3421]],[[-86.6441,36.2893],[-86.6444,36.2911],[-86.7211,36.3421],[-86.6441,36.2893]],[[-86.5944,36.2454],[-86.5883,36.2502],[-86.6019,36.2469],[-86.5944,36.2454]],[[-86.5604,36.2727],[-86.5608,36.2753],[-86.5642,36.2696],[-86.5604,36.2727]],[[-86.3548,36.3097],[-86.2985,36.3136],[-86.3542,36.3118],[-86.3548,36.3097]],[[-86.2634,36.2994],[-86.2658,36.3374],[-86.2783,36.3461],[-86.2634,36.2994]],[[-86.1893,36.3201],[-86.183,36.3242],[-86.2301,36.3492],[-86.1893,36.3201]],[[-86.1579,36.3109],[-86.1156,36.2689],[-86.1343,36.2984],[-86.1579,36.3109]],[[-86.6187,35.9695],[-86.6189,35.9696],[-86.628,35.9102],[-86.6187,35.9695]],[[-86.2967,35.9765],[-86.319,35.9829],[-86.3104,35.9786],[-86.2967,35.9765]],[[-86.223,35.9693],[-86.228,35.9659],[-86.1532,35.9544],[-86.223,35.9693]],[[-87.25,36.3779],[-87.2535,36.3736],[-87.2232,36.3963],[-87.25,36.3779]],[[-87.2006,36.4118],[-87.2042,36.4093],[-87.1794,36.4066],[-87.2006,36.4118]],[[-87.1713,36.4276],[-87.1733,36.4224],[-87.151,36.4166],[-87.1713,36.4276]],[[-86.0812,36.3551],[-86.0919,36.3406],[-86.0746,36.3579],[-86.0812,36.3551]],[[-85.743,36.2283],[-85.6241,36.217],[-85.7664,36.2414],[-85.743,36.2283]],[[-85.5262,36.2396],[-85.5731,36.2264],[-85.5575,36.2232],[-85.5262,36.2396]],[[-85.4954,36.4031],[-85.4944,36.311],[-85.4817,36.4543],[-85.4954,36.4031]],[[-85.5644,36.4752],[-85.5662,36.4755],[-85.4954,36.4031],[-85.5644,36.4752]],[[-85.2849,36.5313],[-85.2671,36.5732],[-85.2992,36.5224],[-85.2692,36.5403],[-85.2849,36.5313]],[[-85.1591,36.4677],[-85.1854,36.4904],[-85.2692,36.5403],[-85.1591,36.4677]],[[-85.1351,36.407],[-85.1503,36.4601],[-85.1576,36.4663],[-85.1351,36.407]],[[-85.0107,36.5741],[-85.0439,36.5588],[-84.9524,36.5763],[-85.0107,36.5741]],[[-84.8998,36.5783],[-84.9091,36.5779],[-84.8931,36.5752],[-84.8998,36.5783]],[[-84.6648,36.4135],[-84.673,36.4199],[-84.6591,36.3952],[-84.6648,36.4135]],[[-84.7012,36.3709],[-84.7008,36.3708],[-84.6591,36.3952],[-84.7012,36.3709]],[[-84.2854,35.9374],[-84.3418,36.049],[-84.345,36.0471],[-84.2854,35.9374]],[[-84.2527,35.9204],[-84.2708,35.9106],[-84.2672,35.9039],[-84.2527,35.9204]],[[-84.2771,35.8996],[-84.2032,35.8382],[-84.2642,35.8984],[-84.2771,35.8996]],[[-84.2856,35.8751],[-84.2816,35.9004],[-84.2846,35.901],[-84.2856,35.8751]],[[-84.6199,35.6447],[-84.5843,35.6384],[-84.5844,35.6445],[-84.6199,35.6447]],[[-84.5361,35.6166],[-84.5047,35.6197],[-84.5476,35.6413],[-84.5711,35.6361],[-84.526,35.6281],[-84.5361,35.6166]],[[-84.4006,35.3443],[-84.4092,35.3984],[-84.401,35.3304],[-84.4006,35.3443]],[[-84.3467,35.2098],[-84.3569,35.2337],[-84.3521,35.2073],[-84.3467,35.2098]],[[-85.4238,35.5674],[-85.4362,35.5422],[-85.2654,35.7212],[-85.4238,35.5674]],[[-85.1275,35.4577],[-85.1289,35.4555],[-85.1096,35.4554],[-85.1275,35.4577]],[[-85.1022,35.4326],[-85.1011,35.4294],[-85.0669,35.4365],[-85.1022,35.4326]],[[-85.0167,35.4091],[-85.0304,35.3791],[-84.9801,35.4393],[-85.0167,35.4091]],[[-84.9782,35.4703],[-84.9458,35.4397],[-84.9308,35.4417],[-84.9782,35.4703]],[[-84.9206,35.4431],[-84.9098,35.4446],[-84.9017,35.478],[-84.9206,35.4431]],[[-84.8804,35.5311],[-84.8713,35.5502],[-84.874,35.5502],[-84.8804,35.5311]],[[-84.7213,35.7469],[-84.7125,35.7266],[-84.7115,35.7301],[-84.7213,35.7469]],[[-84.7166,35.7459],[-84.6986,35.7285],[-84.6984,35.7418],[-84.7166,35.7459]],[[-84.6875,35.7177],[-84.6722,35.7029],[-84.6765,35.7175],[-84.6875,35.7177]],[[-84.6407,35.7217],[-84.619,35.7079],[-84.6363,35.7243],[-84.6407,35.7217]],[[-85.5535,35.3158],[-85.5476,35.3295],[-85.5586,35.3193],[-85.5535,35.3158]],[[-85.4891,35.2722],[-85.4734,35.2689],[-85.5092,35.2858],[-85.4891,35.2722]],[[-85.422,35.2413],[-85.426,35.2465],[-85.4289,35.2479],[-85.422,35.2413]],[[-85.3902,35.1865],[-85.3914,35.2014],[-85.3986,35.2108],[-85.3902,35.1865]],[[-85.3958,35.1056],[-85.3871,35.1472],[-85.3891,35.1722],[-85.3958,35.1056]],[[-85.246,35.3191],[-85.2262,35.3538],[-85.3871,35.1472],[-85.246,35.3191]],[[-84.9451,35.2886],[-84.937,35.2939],[-84.9489,35.2973],[-84.9451,35.2886]],[[-84.7498,35.2874],[-84.8602,35.3501],[-84.8775,35.3579],[-84.7498,35.2874]],[[-84.7499,35.2759],[-84.748,35.2719],[-84.7265,35.2763],[-84.7499,35.2759]],[[-84.7036,35.2536],[-84.7035,35.2588],[-84.7404,35.2565],[-84.7036,35.2536]],[[-84.7158,35.2337],[-84.7036,35.2423],[-84.7036,35.2469],[-84.7158,35.2337]],[[-85.3845,35.0444],[-85.4096,35.0402],[-85.387,35.041],[-85.3845,35.0444]],[[-85.3665,35.072],[-85.3743,35.0585],[-85.3664,35.0695],[-85.3665,35.072]],[[-85.5274,35.3481],[-85.5065,35.3575],[-85.4994,35.374],[-85.5274,35.3481]],[[-84.7696,35.8309],[-84.7912,35.8207],[-84.786,35.8173],[-84.7696,35.8309]],[[-84.6653,35.9173],[-84.6806,35.9085],[-84.7342,35.8602],[-84.6653,35.9173]],[[-84.6209,35.9322],[-84.6067,35.9511],[-84.6441,35.9295],[-84.6209,35.9322]],[[-84.5341,35.9709],[-84.5457,35.9689],[-84.555,35.9504],[-84.5341,35.9709]],[[-84.7522,35.7596],[-84.7396,35.7875],[-84.7576,35.7608],[-84.7522,35.7596]],[[-85.6029,35.795],[-85.6031,35.7951],[-85.6029,35.7948],[-85.6029,35.795]],[[-85.2624,35.785],[-85.2702,35.7999],[-85.2739,35.7836],[-85.2624,35.785]],[[-85.6419,36.0198],[-85.6463,36.0162],[-85.6378,36.006],[-85.6419,36.0198]],[[-85.6096,36.0461],[-85.6316,36.0282],[-85.5848,36.0442],[-85.6096,36.0461]],[[-85.5605,36.0735],[-85.5641,36.0691],[-85.5516,36.0749],[-85.5605,36.0735]],[[-85.5077,36.082],[-85.5275,36.0788],[-85.5009,36.0803],[-85.5077,36.082]],[[-85.2642,35.9792],[-85.2638,35.9778],[-85.3113,35.993],[-85.2642,35.9792]],[[-85.1317,36.1282],[-85.0817,36.1328],[-85.1196,36.1447],[-85.2042,36.1525],[-85.1002,36.1386],[-85.1317,36.1282]],[[-84.9856,36.1613],[-85.0007,36.1509],[-84.939,36.1545],[-84.9856,36.1613]],[[-84.9083,36.1609],[-84.9118,36.1561],[-84.9078,36.1563],[-84.9083,36.1609]],[[-85.4671,36.3022],[-85.4619,36.2872],[-85.4596,36.3021],[-85.4671,36.3022]],[[-85.4558,36.2699],[-85.4529,36.2615],[-85.447,36.2617],[-85.4558,36.2699]],[[-84.8844,36.2386],[-84.8682,36.2867],[-84.8752,36.2856],[-84.8844,36.2386]],[[-84.4036,36.1748],[-84.3727,36.2168],[-84.3731,36.2218],[-84.4036,36.1748]],[[-84.0774,36.2277],[-84.0768,36.2277],[-84.0766,36.228],[-84.0774,36.2277]],[[-84.072,36.2363],[-84.0647,36.2495],[-84.076,36.2479],[-84.072,36.2363]],[[-83.9948,36.2791],[-84.0137,36.2743],[-83.989,36.2441],[-84.0043,36.2704],[-83.9948,36.2791]],[[-83.9475,36.1935],[-83.9417,36.1864],[-83.9052,36.1609],[-83.9475,36.1935]],[[-83.6686,36.0881],[-83.6686,36.0881],[-83.6742,36.125],[-83.6686,36.0881]],[[-83.5644,36.1665],[-83.5633,36.1872],[-83.5673,36.1901],[-83.5644,36.1665]],[[-83.5189,36.1782],[-83.4929,36.1661],[-83.4868,36.1681],[-83.5189,36.1782]],[[-83.4664,36.1786],[-83.4772,36.1713],[-83.4587,36.1553],[-83.4664,36.1786]],[[-83.2255,36.0828],[-83.2426,36.0967],[-83.2346,36.0851],[-83.2539,36.0822],[-83.2255,36.0828]],[[-83.2197,36.1275],[-83.2216,36.1476],[-83.2249,36.1491],[-83.2197,36.1275]],[[-83.1851,36.1714],[-83.1738,36.1796],[-83.1862,36.1763],[-83.1851,36.1714]],[[-83.1661,36.1809],[-83.17,36.1807],[-83.1668,36.1508],[-83.1661,36.1809]],[[-84.1345,35.6474],[-84.1376,35.6527],[-84.1443,35.6407],[-84.1345,35.6474]],[[-84.1395,35.8001],[-84.1401,35.8048],[-84.1475,35.8011],[-84.1395,35.8001]],[[-83.8535,35.8411],[-83.7911,35.8825],[-83.7672,35.9119],[-83.8535,35.8411]],[[-83.9759,35.5007],[-83.9428,35.4867],[-83.9396,35.4889],[-83.9759,35.5007]],[[-84.1123,35.5875],[-84.0888,35.5437],[-84.0836,35.5443],[-84.1123,35.5875]],[[-84.1623,35.5944],[-84.1487,35.5838],[-84.1456,35.5841],[-84.1623,35.5944]],[[-83.5215,35.963],[-83.6075,36.0157],[-83.5146,35.9506],[-83.5215,35.963]],[[-83.3913,35.9314],[-83.3976,35.9307],[-83.3909,35.9194],[-83.3913,35.9314]],[[-83.3875,35.9136],[-83.3333,35.9084],[-83.3534,35.9196],[-83.3875,35.9136]],[[-83.3108,35.8958],[-83.3203,35.9011],[-83.3087,35.8717],[-83.3108,35.8958]],[[-83.2764,35.7136],[-83.271,35.714],[-83.2874,35.7954],[-83.2764,35.7136]],[[-84.2715,35.9422],[-84.2417,35.9292],[-84.2421,35.9335],[-84.2715,35.9422]],[[-84.1389,35.99],[-84.0709,36.0263],[-84.0586,36.0363],[-84.1389,35.99]],[[-83.7101,36.0915],[-83.6675,36.0806],[-83.6724,36.0869],[-83.7101,36.0915]],[[-82.3196,36.2603],[-82.3421,36.2509],[-82.299,36.2515],[-82.3196,36.2603]],[[-82.5772,36.0784],[-82.5951,36.0962],[-82.6478,36.1464],[-82.5772,36.0784]],[[-82.8516,36.3645],[-82.8598,36.3643],[-82.9161,36.3286],[-82.8516,36.3645]],[[-82.815,36.3639],[-82.8114,36.3655],[-82.8205,36.3653],[-82.815,36.3639]],[[-82.7159,36.4061],[-82.6857,36.4107],[-82.6985,36.4137],[-82.7159,36.4061]],[[-82.6629,36.4425],[-82.6828,36.4317],[-82.6802,36.4285],[-82.6629,36.4425]],[[-82.3877,36.3938],[-82.3843,36.394],[-82.3754,36.4181],[-82.3877,36.3938]],[[-82.3017,36.3964],[-82.3694,36.4031],[-82.3825,36.394],[-82.3017,36.3964]],[[-81.9515,36.4739],[-81.9836,36.5081],[-81.9841,36.5076],[-81.9515,36.4739]],[[-83.974,36.2983],[-83.9509,36.4013],[-83.9833,36.2897],[-83.974,36.2983]],[[-83.9,36.4218],[-83.9005,36.422],[-83.9007,36.4216],[-83.9,36.4218]],[[-83.8054,36.4308],[-83.8055,36.4359],[-83.8333,36.4197],[-83.8054,36.4308]],[[-83.6325,36.3384],[-83.5901,36.3692],[-83.6588,36.332],[-83.6325,36.3384]],[[-83.3894,36.4082],[-83.3874,36.4134],[-83.4131,36.4206],[-83.3894,36.4082]],[[-83.2913,36.3924],[-83.2741,36.3847],[-83.2806,36.3947],[-83.1939,36.4243],[-83.2913,36.3924]],[[-83.1458,36.3079],[-83.0829,36.2465],[-83.1109,36.218],[-83.0742,36.2427],[-83.1458,36.3079]],[[-82.6296,36.4115],[-82.6322,36.4115],[-82.6364,36.3395],[-82.6296,36.4115]],[[-83.3979,36.2556],[-83.4095,36.2488],[-83.4121,36.2432],[-83.3979,36.2556]],[[-83.4161,36.2194],[-83.4184,36.2295],[-83.4231,36.2191],[-83.4161,36.2194]],[[-83.922,36.4294],[-83.9831,36.5786],[-83.9846,36.5612],[-83.922,36.4294]],[[-83.2001,36.4484],[-83.1992,36.445],[-83.1622,36.4618],[-83.2001,36.4484]],[[-83.0246,36.5572],[-83.0405,36.5519],[-83.1228,36.5115],[-83.0246,36.5572]],[[-83.0046,36.564],[-83.0082,36.5628],[-83.0005,36.5602],[-83.0046,36.564]],[[-82.9608,36.5552],[-82.9715,36.5502],[-82.9505,36.543],[-82.9608,36.5552]],[[-82.6102,36.5193],[-82.6094,36.5785],[-82.616,36.5798],[-82.6102,36.5193]],[[-83.3747,36.4457],[-83.3859,36.5085],[-83.3945,36.5203],[-83.3747,36.4457]]]}},{"type":"Feature","properties":{"StateFIPS":"19","state":"Iowa"},"geometry":{"type":"Polygon","coordinates":[[[-95.7486,40.6034],[-95.7763,40.6475],[-95.8428,40.6775],[-95.8526,40.7023],[-95.8853,40.7211],[-95.8836,40.7478],[-95.8342,40.7838],[-95.8478,40.8643],[-95.8159,40.8798],[-95.8135,40.9017],[-95.8397,40.9328],[-95.8303,40.9783],[-95.8695,41.0094],[-95.8591,41.0316],[-95.8824,41.0604],[-95.8626,41.0884],[-95.8809,41.1603],[-95.8413,41.175],[-95.9233,41.1912],[-95.9109,41.2318],[-95.9296,41.2923],[-95.9059,41.3009],[-95.9025,41.2734],[-95.8729,41.2895],[-95.8747,41.3071],[-95.9567,41.3455],[-95.9288,41.3701],[-95.9375,41.3931],[-95.9203,41.4516],[-96.0118,41.4762],[-96.0,41.5395],[-96.0139,41.5453],[-96.0481,41.5073],[-96.092,41.5339],[-96.0834,41.5833],[-96.1179,41.6174],[-96.0954,41.6527],[-96.1214,41.6885],[-96.076,41.7017],[-96.1064,41.7379],[-96.0649,41.7962],[-96.1076,41.8207],[-96.1102,41.8488],[-96.162,41.9056],[-96.1367,41.9208],[-96.1446,41.9415],[-96.1295,41.9717],[-96.1842,41.9767],[-96.1946,42.0087],[-96.2407,41.9994],[-96.2219,42.0296],[-96.2729,42.0473],[-96.2673,42.1103],[-96.3424,42.1605],[-96.3567,42.2151],[-96.3237,42.2299],[-96.3313,42.2594],[-96.4178,42.3514],[-96.4118,42.4109],[-96.3807,42.4464],[-96.386,42.4745],[-96.4754,42.4896],[-96.493,42.5173],[-96.477,42.5561],[-96.4988,42.561],[-96.4923,42.5878],[-96.5095,42.6127],[-96.5316,42.6151],[-96.5163,42.6304],[-96.5753,42.6828],[-96.6306,42.7059],[-96.6335,42.7242],[-96.6205,42.7535],[-96.6349,42.7707],[-96.597,42.7919],[-96.5798,42.8381],[-96.5513,42.8366],[-96.5497,42.8703],[-96.5266,42.8938],[-96.5411,42.9245],[-96.5003,42.9594],[-96.5202,42.9776],[-96.4917,43.0097],[-96.5184,43.0421],[-96.4608,43.064],[-96.4605,43.0949],[-96.4366,43.1208],[-96.4665,43.1503],[-96.4767,43.222],[-96.5604,43.2242],[-96.5712,43.239],[-96.555,43.26],[-95.8619,43.2576],[-96.5642,43.2602],[-96.5852,43.2689],[-96.5885,43.2963],[-96.5304,43.3],[-96.5216,43.3856],[-96.5943,43.4342],[-96.6026,43.4496],[-96.581,43.4814],[-96.5989,43.5004],[-94.9146,43.5009],[-93.4974,43.4996],[-92.0798,43.5007],[-91.2177,43.5005],[-91.2334,43.4552],[-91.1977,43.3953],[-91.2148,43.3659],[-91.1072,43.3136],[-91.0626,43.2432],[-91.1753,43.1347],[-91.1772,43.0802],[-91.1462,42.9098],[-91.1006,42.8831],[-91.0647,42.7509],[-90.9742,42.6952],[-90.7202,42.6408],[-90.644,42.5399],[-90.636,42.5154],[-90.654,42.4785],[-90.4738,42.3815],[-90.4159,42.3227],[-90.4309,42.2782],[-90.3911,42.2255],[-90.2161,42.1567],[-90.2014,42.1309],[-90.1629,42.1167],[-90.1401,42.0033],[-90.1641,41.9562],[-90.1536,41.9066],[-90.182,41.8071],[-90.2786,41.7674],[-90.3164,41.7289],[-90.3339,41.7394],[-90.3128,41.7024],[-90.3435,41.647],[-90.3432,41.5878],[-90.4128,41.5653],[-90.4614,41.5235],[-90.5562,41.5242],[-90.6558,41.4621],[-90.7776,41.4513],[-90.7838,41.5965],[-90.7863,41.4529],[-90.8576,41.4528],[-90.93,41.4214],[-90.9849,41.4339],[-91.0371,41.42],[-91.1136,41.2414],[-91.0415,41.1661],[-90.9897,41.1557],[-90.9466,41.0966],[-90.9423,41.0347],[-90.9629,40.925],[-91.0095,40.9006],[-91.093,40.8211],[-91.1239,40.6692],[-91.1854,40.6381],[-91.2582,40.6367],[-91.3599,40.6018],[-91.4069,40.5476],[-91.3642,40.5],[-91.3818,40.4426],[-91.3757,40.3919],[-91.4845,40.3839],[-91.4878,40.4039],[-91.5246,40.4108],[-91.5239,40.4563],[-91.5747,40.4657],[-91.6214,40.5101],[-91.619,40.5391],[-91.6817,40.553],[-91.6888,40.5834],[-91.7291,40.6136],[-94.4712,40.5708],[-95.7656,40.5852],[-95.7486,40.6034]],[[-95.3402,41.5056],[-95.498,41.5061],[-95.9962,41.507],[-95.3402,41.5056]],[[-94.4431,43.255],[-94.443,42.9081],[-94.4429,43.5004],[-94.4431,43.255]],[[-93.9712,42.9078],[-93.9704,43.2554],[-93.9708,43.4999],[-93.9712,42.9078]],[[-93.9717,42.6447],[-93.9716,42.4721],[-93.9712,42.9078],[-93.9717,42.6447]],[[-93.0241,43.2555],[-93.0251,42.9075],[-93.0243,43.4997],[-93.0241,43.2555]],[[-92.0798,43.5007],[-92.0816,42.907],[-92.0817,42.6421],[-92.0798,43.5007]],[[-90.8999,41.5971],[-91.3664,41.5984],[-90.7838,41.5965],[-90.8999,41.5971]],[[-90.8984,41.7714],[-90.8984,42.0297],[-90.8999,41.5971],[-90.8984,41.7714]],[[-91.366,41.8992],[-91.3685,41.4232],[-91.3693,41.3361],[-91.3664,41.5984],[-91.366,41.8992]],[[-93.0882,42.2093],[-94.0293,42.2098],[-93.2317,42.2089],[-93.0882,42.2093]],[[-93.3284,41.5078],[-92.8714,41.5085],[-92.5138,41.5093],[-92.7565,41.5088],[-93.3284,41.5078]],[[-93.7892,41.162],[-94.2394,41.1572],[-93.5228,41.1612],[-93.7892,41.162]],[[-94.615,42.2094],[-94.6593,42.2095],[-94.6288,42.2094],[-94.615,42.2094]],[[-95.0929,41.8634],[-94.2803,41.863],[-93.944,41.8633],[-95.0929,41.8634]],[[-95.1255,41.1592],[-94.4706,41.1576],[-94.3339,41.1573],[-95.1255,41.1592]],[[-95.6708,42.2114],[-95.1904,42.2106],[-95.3235,42.2109],[-95.6708,42.2114]],[[-93.73,41.8634],[-93.6572,41.8633],[-93.698,41.8634],[-93.73,41.8634]],[[-91.5198,41.511],[-91.8292,41.5115],[-92.2434,41.51],[-91.946,41.5107],[-91.5198,41.511]],[[-92.2957,41.1623],[-91.716,41.1628],[-91.3703,41.1612],[-91.4857,41.1624],[-91.9456,41.1636],[-92.2957,41.1623]],[[-91.7182,40.9011],[-91.7181,40.8946],[-91.716,41.1628],[-91.7182,40.9011]],[[-91.3721,40.8126],[-91.3707,41.0741],[-91.3703,41.1612],[-91.3721,40.8126]],[[-92.6404,41.1614],[-92.5184,41.1617],[-92.7772,41.1612],[-92.6404,41.1614]]]}},{"type":"Feature","properties":{"StateFIPS":"56","state":"Wyoming"},"geometry":{"type":"Polygon","coordinates":[[[-111.0467,40.998],[-111.0451,45.0009],[-104.0579,44.9976],[-104.0548,44.1804],[-104.0528,42.6118],[-104.0532,41.0014],[-105.2769,40.9982],[-111.0467,40.998]],[[-105.0784,44.1762],[-105.0784,44.1762],[-104.0548,44.1804],[-105.0784,44.1762]],[[-104.8924,42.6089],[-105.2865,42.6058],[-104.6556,42.6095],[-104.0528,42.6118],[-104.8924,42.6089]],[[-104.6533,41.653],[-104.653,41.565],[-104.6556,42.6095],[-104.6533,41.653]],[[-105.2782,41.6567],[-105.2825,42.147],[-105.2769,40.9982],[-105.2782,41.6567]],[[-107.8819,44.9334],[-107.8817,44.9855],[-107.8901,44.9898],[-107.8819,44.9334]],[[-107.3714,44.5569],[-107.3652,44.555],[-107.3835,44.5954],[-107.3714,44.5569]],[[-107.1111,43.514],[-107.1137,43.8161],[-107.1192,43.816],[-107.1111,43.514]],[[-107.4926,43.5012],[-107.111,43.4994],[-107.111,43.5003],[-107.4926,43.5012]],[[-107.5167,43.128],[-107.5092,43.128],[-107.517,43.4727],[-107.5167,43.128]],[[-107.5223,42.088],[-107.5229,42.4343],[-107.5229,42.4343],[-107.5227,42.2618],[-107.5223,42.088]],[[-110.0516,43.4648],[-110.0532,44.008],[-110.0534,44.1326],[-110.0569,43.4648],[-109.7547,43.4632],[-110.0516,43.4648]],[[-110.0537,42.2707],[-109.6568,42.2693],[-110.5416,42.2775],[-110.0537,42.2707]],[[-109.8552,43.8483],[-109.8565,43.8284],[-109.8459,43.8244],[-109.8552,43.8483]],[[-109.6477,43.9124],[-109.6269,43.9286],[-109.6418,43.9228],[-109.6477,43.9124]],[[-109.5911,43.9424],[-109.5843,43.9379],[-109.5423,43.9614],[-109.5911,43.9424]],[[-109.4532,43.9311],[-109.374,43.8774],[-109.4424,43.9304],[-109.4532,43.9311]],[[-109.3129,43.8133],[-109.3258,43.8378],[-109.2994,43.8047],[-109.3129,43.8133]],[[-107.5951,43.5014],[-107.5952,43.6464],[-107.5951,43.4723],[-107.5951,43.5014]],[[-109.1714,43.6992],[-109.2349,43.7639],[-109.257,43.7779],[-109.1714,43.6992]],[[-110.2959,44.5439],[-110.2953,44.5472],[-110.3196,44.5496],[-110.2959,44.5439]],[[-108.5831,44.5209],[-108.5923,44.8714],[-108.5925,44.5209],[-108.5831,44.5209]],[[-106.0174,43.495],[-106.1277,43.4947],[-106.0781,43.4945],[-105.6767,43.4962],[-106.0174,43.495]],[[-106.0085,44.5211],[-106.0097,44.5572],[-106.0174,43.495],[-106.0085,44.5211]]]}},{"type":"Feature","properties":{"StateFIPS":"30","state":"Montana"},"geometry":{"type":"Polygon","coordinates":[[[-111.5252,44.6052],[-111.5074,44.5621],[-111.4693,44.5576],[-111.4637,44.5416],[-111.5153,44.537],[-111.5865,44.5627],[-111.6127,44.5488],[-111.7017,44.56],[-111.8215,44.5089],[-111.8704,44.5635],[-111.9489,44.5563],[-111.9775,44.5358],[-112.0327,44.5466],[-112.0324,44.5287],[-112.0696,44.5369],[-112.1068,44.5208],[-112.1371,44.5398],[-112.2217,44.5435],[-112.2293,44.5641],[-112.2569,44.5713],[-112.3542,44.5356],[-112.3585,44.4857],[-112.3863,44.4478],[-112.4739,44.4792],[-112.5002,44.463],[-112.5417,44.4838],[-112.6636,44.4862],[-112.7191,44.5043],[-112.7798,44.4846],[-112.8394,44.4238],[-112.8119,44.3879],[-112.8452,44.358],[-112.8815,44.3796],[-112.8847,44.4021],[-112.9794,44.4336],[-113.0265,44.4962],[-113.008,44.5272],[-113.0442,44.5434],[-113.0378,44.5651],[-113.0875,44.5995],[-113.0515,44.6369],[-113.0678,44.6788],[-113.0978,44.6989],[-113.1016,44.7294],[-113.1343,44.7523],[-113.1318,44.773],[-113.2465,44.8227],[-113.34,44.7848],[-113.3561,44.8198],[-113.4216,44.8376],[-113.478,44.8952],[-113.4719,44.9095],[-113.4984,44.9417],[-113.4439,44.9602],[-113.452,45.0592],[-113.4853,45.0635],[-113.5226,45.0927],[-113.5103,45.1155],[-113.5698,45.1243],[-113.5654,45.1487],[-113.5907,45.1559],[-113.5919,45.1842],[-113.6925,45.2634],[-113.6808,45.2793],[-113.7381,45.3284],[-113.7344,45.3924],[-113.776,45.4085],[-113.7601,45.4274],[-113.7835,45.452],[-113.76,45.4807],[-113.7666,45.5209],[-113.8341,45.5205],[-113.8209,45.5661],[-113.7971,45.5821],[-113.8074,45.6028],[-113.8612,45.6236],[-113.9037,45.6216],[-113.8952,45.6434],[-113.9342,45.6822],[-113.9321,45.6985],[-114.0155,45.6959],[-114.0274,45.6758],[-114.0188,45.6485],[-114.067,45.628],[-114.0866,45.5912],[-114.1922,45.5371],[-114.2484,45.5454],[-114.2704,45.4844],[-114.3344,45.4591],[-114.3661,45.491],[-114.4247,45.5099],[-114.4306,45.5295],[-114.4639,45.5454],[-114.4563,45.561],[-114.4983,45.5555],[-114.5276,45.5708],[-114.565,45.5578],[-114.5385,45.6078],[-114.564,45.6376],[-114.5091,45.6568],[-114.499,45.6787],[-114.515,45.685],[-114.4954,45.7031],[-114.5665,45.7733],[-114.5093,45.8455],[-114.4383,45.8626],[-114.4096,45.8523],[-114.3886,45.8822],[-114.4314,45.936],[-114.4025,45.9579],[-114.4118,45.9779],[-114.48,45.9929],[-114.4805,46.0304],[-114.5074,46.0319],[-114.4694,46.0618],[-114.4605,46.0978],[-114.5205,46.1249],[-114.5271,46.1462],[-114.5156,46.1661],[-114.4452,46.1679],[-114.4486,46.233],[-114.4707,46.266],[-114.4273,46.2836],[-114.4105,46.3651],[-114.4222,46.3873],[-114.3688,46.4365],[-114.4026,46.5002],[-114.3428,46.5183],[-114.3472,46.5524],[-114.3298,46.5772],[-114.3438,46.5897],[-114.3203,46.6385],[-114.3327,46.6606],[-113.8363,46.6609],[-114.3579,46.6687],[-114.4244,46.6606],[-114.4671,46.6318],[-114.5423,46.6496],[-114.6053,46.6358],[-114.6418,46.6725],[-114.621,46.7061],[-114.6749,46.7474],[-114.7673,46.6972],[-114.7881,46.7121],[-114.7652,46.7583],[-114.8658,46.8145],[-114.8952,46.8016],[-114.8996,46.8226],[-114.9483,46.8611],[-114.9253,46.9187],[-114.961,46.9304],[-115.0013,46.9719],[-115.0484,46.9698],[-115.0717,47.0259],[-115.1311,47.069],[-115.1443,47.102],[-115.2431,47.1507],[-115.2624,47.1817],[-115.3005,47.1881],[-115.2916,47.21],[-115.3197,47.2563],[-115.4836,47.2821],[-115.5285,47.2993],[-115.5491,47.3472],[-115.5776,47.3674],[-115.6429,47.3774],[-115.6573,47.4002],[-115.7214,47.4257],[-115.7593,47.4239],[-115.717,47.4526],[-115.6401,47.4597],[-115.6306,47.4785],[-115.6863,47.4849],[-115.7114,47.5168],[-115.7023,47.5342],[-115.7557,47.5483],[-115.6884,47.5956],[-115.6944,47.6238],[-115.7365,47.6547],[-115.7228,47.6947],[-115.774,47.7179],[-115.7973,47.7571],[-115.8319,47.756],[-115.8506,47.8253],[-115.882,47.8494],[-115.9188,47.8537],[-116.0491,47.9773],[-116.0491,49.0008],[-104.0487,48.9999],[-104.0397,44.9981],[-111.0451,45.0009],[-111.0382,45.3514],[-111.0546,45.001],[-111.0524,44.4784],[-111.1307,44.5001],[-111.1314,44.5324],[-111.1738,44.5493],[-111.181,44.5692],[-111.2275,44.5772],[-111.24,44.6148],[-111.2201,44.6221],[-111.2532,44.6512],[-111.2764,44.6496],[-111.2697,44.6688],[-111.3231,44.7286],[-111.3552,44.7272],[-111.3771,44.7512],[-111.3925,44.7524],[-111.4143,44.7107],[-111.4317,44.7207],[-111.4899,44.7006],[-111.4723,44.6669],[-111.5162,44.6441],[-111.5025,44.6268],[-111.5252,44.6052]],[[-111.9291,47.5018],[-111.9246,47.5012],[-111.9226,47.6113],[-111.9291,47.5018]],[[-112.0273,47.518],[-112.278,47.5056],[-112.0478,47.516],[-111.951,47.5044],[-112.0273,47.518]],[[-111.6333,46.9035],[-111.6581,46.9134],[-111.5392,46.9134],[-111.7902,46.9138],[-111.6333,46.9035]],[[-111.4981,46.7625],[-111.5934,46.7765],[-111.4821,46.755],[-111.4981,46.7625]],[[-111.458,46.7366],[-111.4554,46.7425],[-111.4622,46.7457],[-111.458,46.7366]],[[-111.3467,46.1878],[-110.9308,46.1914],[-111.062,46.1928],[-111.3467,46.1878]],[[-109.6539,46.2194],[-109.4029,46.2197],[-110.2813,46.2206],[-109.6539,46.2194]],[[-109.3907,46.6936],[-109.7458,46.6941],[-109.8199,46.6934],[-109.3907,46.6936]],[[-107.8277,46.7559],[-107.8134,46.7433],[-107.8537,46.7789],[-107.8277,46.7559]],[[-107.8277,46.7257],[-107.8251,46.7162],[-107.8199,46.7283],[-107.8277,46.7257]],[[-107.822,46.7045],[-107.7929,46.6798],[-107.8241,46.7121],[-107.822,46.7045]],[[-107.7821,46.3952],[-107.7812,46.4959],[-107.7888,46.4959],[-107.7821,46.3952]],[[-107.7384,46.4676],[-107.7385,46.4818],[-107.1745,46.4827],[-107.7466,46.4818],[-107.7384,46.4676]],[[-107.6961,46.4095],[-107.6963,46.4385],[-107.7068,46.4385],[-107.6961,46.4095]],[[-107.6334,46.3515],[-107.6124,46.3516],[-107.6334,46.3588],[-107.6334,46.3515]],[[-107.5914,46.2936],[-107.5705,46.2937],[-107.5914,46.3009],[-107.5914,46.2936]],[[-107.5079,46.1923],[-107.508,46.2213],[-107.5183,46.2213],[-107.5079,46.1923]],[[-107.5032,46.08],[-107.5071,46.063],[-107.4745,46.103],[-107.5032,46.08]],[[-107.5115,46.0435],[-107.4249,46.0434],[-107.5101,46.0495],[-107.5115,46.0435]],[[-115.7714,48.2591],[-115.8002,48.2228],[-115.763,48.2601],[-115.7714,48.2591]],[[-115.7373,48.2633],[-115.7514,48.2615],[-115.7262,48.2536],[-115.7373,48.2633]],[[-115.5227,47.9095],[-115.5293,47.9129],[-115.5254,47.909],[-115.5227,47.9095]],[[-114.6045,47.7899],[-114.6046,47.8756],[-114.6049,47.7464],[-114.6045,47.7899]],[[-113.8139,47.9832],[-113.8422,47.9782],[-113.8098,47.9799],[-113.8139,47.9832]],[[-113.7472,47.953],[-113.7573,47.9507],[-113.7332,47.9353],[-113.7472,47.953]],[[-113.6672,47.8895],[-113.6718,47.8919],[-113.6704,47.8681],[-113.6672,47.8895]],[[-113.5986,47.6975],[-113.6039,47.7214],[-113.5998,47.6943],[-113.5986,47.6975]],[[-113.6227,47.6587],[-113.6341,47.6],[-113.6071,47.6742],[-113.6227,47.6587]],[[-113.1337,47.5878],[-113.1444,47.5955],[-113.4095,47.598],[-113.1337,47.5878]],[[-113.0925,47.8961],[-113.0581,47.8708],[-113.0905,47.9036],[-113.0925,47.8961]],[[-113.0866,47.9182],[-113.0893,47.9081],[-113.057,47.9223],[-113.0866,47.9182]],[[-112.9818,47.9553],[-112.9838,47.9538],[-112.9126,47.9464],[-112.9818,47.9553]],[[-112.95,48.0335],[-112.9027,48.0207],[-112.9077,48.0296],[-112.95,48.0335]],[[-112.1778,48.1307],[-113.0306,48.1333],[-113.0512,48.1213],[-113.0148,48.131],[-112.1778,48.1307]],[[-111.7879,46.5695],[-111.6319,46.57],[-112.0292,46.5688],[-111.7879,46.5695]],[[-111.6601,45.8385],[-111.6604,46.0492],[-111.6612,45.8375],[-111.6601,45.8385]],[[-111.7744,45.7975],[-111.7055,45.7957],[-111.7559,45.8042],[-111.7744,45.7975]],[[-111.8054,45.7867],[-111.7976,45.7981],[-111.809,45.805],[-111.8054,45.7867]],[[-111.7633,45.7795],[-111.7633,45.7868],[-111.8054,45.7867],[-111.7633,45.7795]],[[-113.2552,46.8187],[-113.2284,46.7836],[-113.2493,46.8206],[-113.2552,46.8187]],[[-113.0387,46.7355],[-113.0368,46.2233],[-113.0368,46.2668],[-113.0387,46.7355]],[[-112.3125,46.4184],[-112.3501,46.3851],[-112.3072,46.4225],[-112.3125,46.4184]],[[-112.3047,46.4225],[-112.27,46.415],[-112.2498,46.4225],[-112.3047,46.4225]],[[-112.2386,46.4267],[-112.2259,46.4314],[-112.2153,46.4504],[-112.2386,46.4267]],[[-113.9065,45.7042],[-113.9078,45.7107],[-113.9112,45.7031],[-113.9065,45.7042]],[[-113.5792,45.9387],[-113.5181,45.9361],[-113.5081,45.9378],[-113.5094,45.9394],[-113.5792,45.9387]],[[-113.377,45.7596],[-113.3629,45.758],[-113.382,45.7634],[-113.377,45.7596]],[[-113.337,45.8111],[-113.3397,45.8108],[-113.3629,45.758],[-113.337,45.8111]],[[-113.1999,45.876],[-113.2135,45.8753],[-113.2167,45.8723],[-113.1999,45.876]],[[-113.1003,45.8817],[-113.0846,45.8553],[-113.0008,45.8083],[-113.0855,45.8606],[-113.1003,45.8817]],[[-113.0241,45.8714],[-112.9926,45.8896],[-113.0855,45.8606],[-113.0241,45.8714]],[[-112.9653,45.9055],[-112.9602,45.9226],[-112.9801,45.8969],[-112.9653,45.9055]],[[-112.9287,45.9271],[-112.9295,45.9322],[-112.9602,45.9226],[-112.9287,45.9271]],[[-112.5258,46.1821],[-112.5771,46.179],[-112.5944,46.1652],[-112.5258,46.1821]],[[-112.5147,46.1539],[-112.5051,46.1833],[-112.5149,46.1827],[-112.5147,46.1539]],[[-112.5145,46.1249],[-112.4663,46.0927],[-112.5145,46.1327],[-112.5145,46.1249]],[[-112.4265,45.8437],[-112.4174,45.8401],[-112.4245,45.8476],[-112.4265,45.8437]],[[-112.1925,45.7494],[-112.1907,45.7494],[-112.2505,45.7728],[-112.1925,45.7494]],[[-112.1688,45.75],[-112.1573,45.7614],[-112.1808,45.7497],[-112.1688,45.75]],[[-112.0304,45.8568],[-112.0371,45.8583],[-112.118,45.8341],[-112.0304,45.8568]],[[-111.8265,45.8154],[-111.8344,45.8202],[-111.9066,45.828],[-111.8265,45.8154]],[[-112.6876,45.5619],[-112.6874,45.5871],[-112.7048,45.5332],[-112.6876,45.5619]],[[-112.7836,45.7627],[-112.8391,45.7743],[-112.7593,45.7482],[-112.7836,45.7627]],[[-112.8977,45.7866],[-112.9183,45.7909],[-112.9122,45.7837],[-112.8977,45.7866]],[[-113.7995,46.0365],[-113.7532,46.1128],[-113.8037,46.0377],[-113.7995,46.0365]],[[-113.6937,46.0373],[-113.7449,46.0488],[-113.6925,46.0365],[-113.6937,46.0373]],[[-113.6716,46.0218],[-113.685,46.0312],[-113.6487,45.9652],[-113.6716,46.0218]],[[-112.3234,46.4333],[-112.3165,46.4238],[-112.3124,46.4431],[-112.3234,46.4333]],[[-115.5375,47.4748],[-115.5365,47.476],[-115.5424,47.475],[-115.5375,47.4748]],[[-114.6037,47.2605],[-114.6314,47.2685],[-114.6872,47.2743],[-114.6037,47.2605]],[[-114.4913,47.2202],[-114.3542,47.1892],[-114.5244,47.2378],[-114.4913,47.2202]],[[-114.2641,47.1211],[-114.2607,47.1219],[-114.2715,47.124],[-114.2641,47.1211]],[[-113.8212,47.2687],[-113.8242,47.2704],[-113.8214,47.1817],[-113.8212,47.2687]],[[-113.9006,47.3131],[-113.8427,47.2719],[-113.83,47.2736],[-113.9006,47.3131]],[[-114.6292,47.1334],[-114.6292,47.1237],[-114.5867,47.1238],[-114.6292,47.1334]],[[-112.1956,48.4777],[-112.1755,48.4742],[-112.1859,48.5446],[-112.1848,48.4776],[-112.1956,48.4777]],[[-113.4707,48.5212],[-113.4674,48.5476],[-113.4732,48.5506],[-113.4707,48.5212]],[[-113.3435,48.3074],[-113.2896,48.2653],[-113.298,48.2843],[-113.3435,48.3074]],[[-109.0685,45.5832],[-108.9764,45.6159],[-108.9779,45.6164],[-109.0685,45.5832]],[[-108.9073,45.6052],[-108.8914,45.6025],[-108.8741,45.6082],[-108.9073,45.6052]],[[-109.7987,45.1673],[-109.6878,45.1673],[-109.7987,45.1687],[-109.7987,45.1673]],[[-111.4199,46.0013],[-111.4158,46.0018],[-111.4203,46.0074],[-111.4199,46.0013]],[[-108.9246,46.1324],[-108.8561,46.1324],[-109.4162,46.1324],[-108.9246,46.1324]],[[-110.0645,45.1721],[-110.2281,45.1721],[-110.0645,45.1721],[-110.0645,45.1721]],[[-108.8157,47.7052],[-108.8166,47.7056],[-108.7841,47.6821],[-108.8157,47.7052]],[[-108.7688,47.6458],[-108.7898,47.6629],[-108.7716,47.6455],[-108.7688,47.6458]],[[-108.1609,47.5807],[-108.3239,47.5854],[-108.3251,47.5784],[-108.313,47.5836],[-108.1609,47.5807]],[[-107.9762,47.5859],[-108.0045,47.5838],[-107.9262,47.5652],[-107.9762,47.5859]],[[-107.8981,47.5101],[-107.9192,47.5206],[-107.8987,47.5052],[-107.8981,47.5101]],[[-107.9096,47.4016],[-107.9091,47.4507],[-107.8996,47.497],[-107.917,47.4466],[-107.9096,47.4016]],[[-107.9082,46.9533],[-107.8831,46.9983],[-107.9089,46.9686],[-107.9082,46.9533]],[[-107.9227,46.9272],[-107.9186,46.9346],[-107.9284,46.9336],[-107.9227,46.9272]],[[-107.9376,46.9005],[-107.9275,46.9187],[-107.934,46.9173],[-107.9376,46.9005]],[[-107.9398,46.8822],[-107.9403,46.8881],[-107.9413,46.8832],[-107.9398,46.8822]],[[-107.9006,46.8657],[-107.9218,46.8715],[-107.901,46.8591],[-107.9006,46.8657]],[[-106.7202,46.8596],[-107.8902,46.8526],[-107.888,46.8512],[-106.7202,46.8596]],[[-104.9819,45.787],[-104.9393,45.787],[-106.2345,45.7886],[-104.9819,45.787]],[[-104.8855,46.1366],[-104.9392,46.1366],[-104.5161,46.1362],[-104.8855,46.1366]],[[-106.9391,46.1367],[-106.9391,45.87],[-106.9391,45.8316],[-106.9391,46.1367]],[[-109.5358,47.7399],[-109.4253,47.7202],[-109.5184,47.7465],[-109.5358,47.7399]],[[-109.015,47.801],[-108.9919,47.8013],[-109.0007,47.8031],[-109.015,47.801]],[[-107.8417,46.8037],[-107.8517,46.7936],[-107.8464,46.794],[-107.8417,46.8037]],[[-110.6789,46.8248],[-110.6703,46.8244],[-110.6983,46.845],[-110.6789,46.8248]],[[-110.6529,46.8236],[-110.6529,46.826],[-110.6561,46.8238],[-110.6529,46.8236]],[[-110.6394,47.4165],[-110.2136,47.4167],[-110.1616,47.4174],[-110.6394,47.4165]],[[-110.2108,46.7085],[-110.2031,46.7153],[-110.2723,46.7105],[-110.2108,46.7085]],[[-110.6306,46.7812],[-110.629,46.7781],[-110.5677,46.7719],[-110.6306,46.7812]],[[-110.7691,47.4461],[-110.6406,47.4454],[-110.6406,47.4463],[-110.7691,47.4461]],[[-109.5438,48.2213],[-109.5347,48.1387],[-109.5339,48.2213],[-109.5438,48.2213]],[[-106.2719,45.1797],[-106.2795,45.3518],[-106.2797,45.1797],[-106.768,45.1797],[-106.2719,45.1797]],[[-107.8903,47.4529],[-107.8635,47.4561],[-107.8643,47.459],[-107.8903,47.4529]],[[-107.8655,47.5129],[-107.8331,47.537],[-107.8394,47.5344],[-107.8655,47.5129]],[[-107.8115,47.5457],[-107.7619,47.548],[-107.7928,47.5532],[-107.8115,47.5457]],[[-107.5943,47.6497],[-107.4515,47.6221],[-107.4499,47.6249],[-107.5943,47.6497]],[[-107.4261,47.6644],[-107.4099,47.6913],[-107.4149,47.6917],[-107.4261,47.6644]],[[-106.8978,47.6746],[-106.8928,47.6748],[-106.8911,47.6762],[-106.8978,47.6746]],[[-106.8792,47.7181],[-106.8796,47.686],[-106.87,47.6941],[-106.8792,47.7181]],[[-106.3583,47.9572],[-106.429,47.9679],[-106.429,47.9546],[-106.3583,47.9572]],[[-105.833,47.1811],[-105.3249,47.1815],[-105.4063,47.1816],[-105.833,47.1811]],[[-104.5133,47.3547],[-104.4203,47.3544],[-104.1319,47.3539],[-104.5133,47.3547]],[[-104.7327,46.4822],[-104.7328,46.6563],[-104.7331,46.6127],[-104.7327,46.4822]],[[-104.4966,46.8608],[-105.0275,46.8615],[-104.6038,46.8609],[-104.4966,46.8608]],[[-104.4332,46.8896],[-104.4271,46.8964],[-104.4966,46.8608],[-104.4332,46.8896]],[[-104.4015,46.9331],[-104.4068,46.9186],[-104.3879,46.9393],[-104.4015,46.9331]],[[-105.2253,48.084],[-105.229,48.0893],[-105.2365,48.0884],[-105.2253,48.084]],[[-105.2187,48.0641],[-105.212,48.0648],[-105.2188,48.0747],[-105.2187,48.0641]],[[-105.1948,48.0666],[-105.1943,48.0677],[-105.2007,48.066],[-105.1948,48.0666]],[[-104.203,48.064],[-104.2063,48.0629],[-104.2007,48.0373],[-104.203,48.064]],[[-104.1878,48.0661],[-104.1891,48.0685],[-104.1966,48.066],[-104.1878,48.0661]],[[-104.1883,48.049],[-104.1707,48.0354],[-104.1848,48.0607],[-104.1883,48.049]],[[-104.9734,48.5632],[-105.0539,48.5632],[-104.7576,48.5631],[-104.9734,48.5632]]]}},{"type":"Feature","properties":{"StateFIPS":"21","state":"Kentucky"},"geometry":{"type":"MultiPolygon","coordinates":[[[[-89.4659,36.5299],[-89.4854,36.4975],[-89.5392,36.4979],[-89.5712,36.5473],[-89.5425,36.5806],[-89.4791,36.5682],[-89.4659,36.5299]]],[[[-89.1591,36.6664],[-89.1998,36.7342],[-89.1669,36.7596],[-89.1261,36.7517],[-89.1235,36.7853],[-89.1042,36.7973],[-89.1609,36.7909],[-89.1782,36.8346],[-89.138,36.8473],[-89.1008,36.944],[-89.1095,36.9766],[-89.1736,37.0114],[-89.1719,37.0682],[-89.03,37.2111],[-88.9833,37.2287],[-88.9334,37.225],[-88.816,36.9541],[-88.814,36.8229],[-88.8129,36.9469],[-88.9279,37.2262],[-88.8057,37.1886],[-88.7321,37.144],[-88.6011,37.1071],[-88.5195,37.0294],[-88.506,37.0269],[-88.5665,37.0758],[-88.4606,37.0743],[-88.4248,37.1499],[-88.4478,37.2035],[-88.5159,37.284],[-88.4702,37.3963],[-88.4088,37.4252],[-88.3712,37.4027],[-88.3376,37.3989],[-88.3585,37.4048],[-88.2817,37.4526],[-88.0818,37.473],[-88.0037,37.5464],[-88.0613,37.5053],[-88.1343,37.5746],[-88.1584,37.6399],[-88.1516,37.6751],[-88.1178,37.7126],[-88.0596,37.7426],[-88.028,37.7992],[-87.9526,37.7717],[-87.9068,37.8076],[-87.9103,37.8434],[-87.941,37.8792],[-87.9271,37.9017],[-87.8833,37.9262],[-87.8389,37.8802],[-87.7952,37.8753],[-87.6791,37.903],[-87.6644,37.8867],[-87.6792,37.8363],[-87.6154,37.832],[-87.5839,37.8725],[-87.6279,37.9223],[-87.5962,37.9749],[-87.5757,37.9678],[-87.5621,37.9333],[-87.5115,37.9064],[-87.4512,37.9411],[-87.4022,37.9427],[-87.2203,37.8491],[-87.1647,37.8414],[-87.1296,37.7866],[-87.111,37.7824],[-87.0697,37.8015],[-87.0342,37.9063],[-86.9179,37.9372],[-86.8235,37.9989],[-86.7955,37.9895],[-86.7315,37.8943],[-86.6809,37.915],[-86.6501,37.9106],[-86.6553,37.8425],[-86.6046,37.8583],[-86.5886,37.9212],[-86.5342,37.917],[-86.5066,37.9307],[-86.5252,37.9682],[-86.525,38.0279],[-86.4328,38.0672],[-86.434,38.0868],[-86.4639,38.1012],[-86.461,38.1212],[-86.4295,38.1253],[-86.4019,38.1043],[-86.3798,38.1293],[-86.3291,38.132],[-86.3239,38.1524],[-86.3774,38.1714],[-86.3577,38.1988],[-86.2728,38.1408],[-86.2714,38.062],[-86.2207,38.0282],[-86.1766,38.0102],[-86.1042,38.0126],[-86.0423,37.9582],[-86.0325,37.9901],[-85.999,38.0],[-85.9068,37.9912],[-85.9471,38.0051],[-85.9213,38.0303],[-85.9053,38.0889],[-85.9039,38.1741],[-85.8444,38.231],[-85.8292,38.2765],[-85.781,38.2885],[-85.7409,38.2679],[-85.6836,38.2955],[-85.6514,38.3307],[-85.6379,38.3802],[-85.6045,38.4408],[-85.4989,38.4682],[-85.4669,38.5108],[-85.4332,38.5247],[-85.4158,38.5636],[-85.4397,38.6115],[-85.4524,38.7082],[-85.4195,38.7355],[-85.2589,38.7378],[-85.2133,38.6954],[-85.173,38.688],[-85.0234,38.7621],[-84.8873,38.7948],[-84.8146,38.7845],[-84.83,38.8306],[-84.7786,38.8594],[-84.7948,38.8572],[-84.7846,38.8753],[-84.8002,38.8911],[-84.877,38.909],[-84.8299,38.9694],[-84.8969,39.0575],[-84.7441,39.1475],[-84.6235,39.0744],[-84.5508,39.0994],[-84.5053,39.0918],[-84.4553,39.1204],[-84.4355,39.1023],[-84.4279,39.055],[-84.3265,39.0275],[-84.2319,38.8748],[-84.2275,38.8244],[-84.2056,38.8026],[-84.0715,38.7705],[-83.9621,38.7874],[-83.859,38.7568],[-83.834,38.716],[-83.7907,38.7017],[-83.7693,38.6552],[-83.6714,38.6274],[-83.6451,38.6365],[-83.6141,38.684],[-83.5126,38.7017],[-83.4681,38.6755],[-83.3564,38.654],[-83.302,38.5982],[-83.2457,38.6286],[-83.1538,38.6188],[-83.1124,38.6717],[-83.0309,38.7256],[-82.8795,38.7515],[-82.8776,38.6902],[-82.8395,38.5862],[-82.7898,38.56],[-82.7248,38.5576],[-82.6041,38.4598],[-82.598,38.3449],[-82.5718,38.3172],[-82.5783,38.2548],[-82.6037,38.2476],[-82.6113,38.1715],[-82.643,38.1696],[-82.6373,38.139],[-82.5513,38.0708],[-82.5192,38.0011],[-82.4892,37.999],[-82.465,37.9769],[-82.4843,37.9714],[-82.4716,37.9591],[-82.4878,37.9453],[-82.5349,37.9628],[-82.4899,37.9392],[-82.5022,37.9331],[-82.4819,37.9268],[-82.4711,37.8994],[-82.4629,37.9148],[-82.4226,37.8867],[-82.4022,37.8127],[-82.3853,37.8174],[-82.3237,37.775],[-82.334,37.7651],[-82.3108,37.7627],[-82.4131,37.7122],[-82.3443,37.7451],[-82.2966,37.7024],[-82.2944,37.6704],[-82.2404,37.6616],[-82.2134,37.6252],[-82.186,37.6284],[-82.1912,37.644],[-82.1747,37.6465],[-82.1814,37.6218],[-82.1642,37.6202],[-82.1567,37.5928],[-82.1273,37.5867],[-82.1432,37.5658],[-82.1332,37.5528],[-82.075,37.5558],[-82.0482,37.529],[-82.039,37.5479],[-82.0074,37.5337],[-81.965,37.543],[-82.3553,37.2652],[-82.5654,37.1961],[-82.7221,37.1202],[-82.7225,37.0451],[-82.7821,37.0082],[-82.8286,37.0057],[-82.8692,36.9742],[-82.9322,37.0101],[-82.8561,36.9525],[-82.8701,36.9017],[-82.9078,36.8747],[-83.0061,36.8479],[-83.0726,36.8546],[-83.1332,36.7832],[-83.1364,36.7431],[-83.3071,36.7114],[-83.4365,36.6662],[-83.5319,36.665],[-83.6483,36.6227],[-83.6907,36.5826],[-84.7785,36.6032],[-84.6723,36.7584],[-84.7854,36.6034],[-84.9995,36.6246],[-84.9749,36.6156],[-85.9729,36.6285],[-86.5078,36.6524],[-86.5639,36.6336],[-86.5899,36.6525],[-86.7633,36.6489],[-87.0608,36.6432],[-87.8532,36.6332],[-87.8496,36.6637],[-88.07,36.6781],[-88.0451,36.6029],[-88.0395,36.5104],[-88.0533,36.4971],[-89.4173,36.499],[-89.3755,36.6157],[-89.3276,36.6322],[-89.2681,36.5689],[-89.2365,36.5668],[-89.1591,36.6664]],[[-85.5747,38.334],[-85.4998,38.303],[-85.6379,38.3802],[-85.5747,38.334]],[[-85.3156,38.4959],[-85.3461,38.4595],[-85.314,38.4926],[-85.2868,38.4976],[-85.4332,38.5247],[-85.3156,38.4959]],[[-82.769,38.4337],[-82.7874,38.4111],[-82.6655,38.5057],[-82.769,38.4337]],[[-85.2126,36.8577],[-85.2417,36.8558],[-85.2154,36.8545],[-85.2959,36.6258],[-85.2126,36.8577]],[[-86.743,36.7433],[-86.7513,36.7271],[-86.7633,36.6489],[-86.743,36.7433]],[[-88.4857,36.7503],[-88.483,37.0226],[-88.4891,36.5011],[-88.4857,36.7503]],[[-88.3981,37.0533],[-88.4944,37.0247],[-88.483,37.0226],[-88.3981,37.0533]],[[-85.2734,38.5001],[-85.1698,38.5842],[-85.2753,38.4997],[-85.2734,38.5001]],[[-84.8693,38.3632],[-84.8684,38.3686],[-84.8986,38.379],[-84.8693,38.3632]],[[-84.8924,38.3552],[-84.7934,38.3387],[-84.8697,38.3613],[-84.8924,38.3552]],[[-84.7406,38.3524],[-84.6807,38.3984],[-84.7432,38.3517],[-84.7406,38.3524]],[[-84.8648,38.1414],[-84.8648,38.1351],[-84.7309,38.1932],[-84.8648,38.1414]],[[-84.8649,38.1169],[-84.8619,38.0913],[-84.8649,38.1228],[-84.8649,38.1169]],[[-84.8328,38.0924],[-84.8363,38.0986],[-84.8619,38.0913],[-84.8328,38.0924]],[[-84.843,38.07],[-84.8274,38.0829],[-84.8315,38.0901],[-84.843,38.07]],[[-84.8198,37.9509],[-84.7947,37.966],[-84.7995,37.9675],[-84.8198,37.9509]],[[-84.7607,37.8724],[-84.7591,37.8743],[-84.7826,37.8947],[-84.7607,37.8724]],[[-84.7706,37.8524],[-84.7678,37.8525],[-84.7696,37.8539],[-84.7706,37.8524]],[[-84.699,37.8545],[-84.7099,37.862],[-84.7393,37.8533],[-84.699,37.8545]],[[-84.7099,37.862],[-84.6227,38.1228],[-84.6394,38.1164],[-84.6251,38.1164],[-84.7099,37.862]],[[-84.6996,37.846],[-84.6905,37.8486],[-84.6937,37.8509],[-84.6996,37.846]],[[-84.7247,37.8248],[-84.7227,37.8218],[-84.7208,37.8281],[-84.7247,37.8248]],[[-84.7033,37.791],[-84.7169,37.8154],[-84.6797,37.8298],[-84.7221,37.8207],[-84.7033,37.791]],[[-84.7691,37.7155],[-84.7399,37.7135],[-84.7437,37.6984],[-84.732,37.7209],[-84.7691,37.7155]],[[-84.6837,37.6831],[-84.6826,37.6841],[-84.6844,37.6845],[-84.6837,37.6831]],[[-84.658,37.6484],[-84.6557,37.654],[-84.694,37.6411],[-84.658,37.6484]],[[-84.6661,37.6398],[-84.6641,37.6341],[-84.6599,37.6441],[-84.6661,37.6398]],[[-84.6609,37.625],[-84.6524,37.6285],[-84.6636,37.6328],[-84.6609,37.625]],[[-84.6903,37.6224],[-84.7085,37.6054],[-84.6733,37.6199],[-84.6903,37.6224]],[[-84.7554,37.5961],[-84.7496,37.5886],[-84.7377,37.5934],[-84.7554,37.5961]],[[-84.8981,37.5321],[-84.8474,37.5483],[-84.8172,37.5608],[-84.8981,37.5321]],[[-84.9044,37.1154],[-84.9011,37.1163],[-84.8495,37.1521],[-84.9044,37.1154]],[[-84.8357,36.9976],[-84.7838,36.9785],[-84.8359,36.9977],[-84.8357,36.9976]],[[-85.0205,36.6943],[-85.0014,36.6769],[-85.0189,36.7004],[-85.0205,36.6943]],[[-86.932,37.9097],[-86.9871,37.8974],[-86.923,37.9033],[-86.932,37.9097]],[[-86.2681,37.5846],[-86.2753,37.5935],[-86.3004,37.5951],[-86.2681,37.5846]],[[-86.054,37.4949],[-86.0566,37.498],[-86.0551,37.4919],[-86.054,37.4949]],[[-86.0476,37.4499],[-85.6611,37.4223],[-86.0673,37.4574],[-86.0323,37.4268],[-86.0476,37.4499]],[[-86.0392,37.3829],[-86.0425,37.395],[-86.0456,37.3813],[-86.0392,37.3829]],[[-86.0584,37.3734],[-86.0702,37.3885],[-86.0655,37.3552],[-86.0584,37.3734]],[[-86.0713,37.3404],[-86.0687,37.347],[-86.0785,37.3432],[-86.0713,37.3404]],[[-86.1029,37.3527],[-86.0842,37.3454],[-86.0832,37.3518],[-86.1029,37.3527]],[[-86.0996,37.333],[-86.0952,37.3331],[-86.1029,37.3527],[-86.0996,37.333]],[[-86.1227,37.3324],[-86.107,37.3328],[-86.1219,37.3375],[-86.1227,37.3324]],[[-86.0491,37.2153],[-86.1615,37.35],[-86.1576,37.3356],[-86.0491,37.2153]],[[-86.0743,37.0533],[-86.0564,37.1672],[-86.0491,37.2153],[-86.0743,37.0533]],[[-86.1922,37.0767],[-86.1135,37.0611],[-86.0743,37.0533],[-86.1922,37.0767]],[[-85.9065,37.1484],[-85.8877,37.1509],[-86.0564,37.1672],[-85.9065,37.1484]],[[-86.203,36.931],[-86.189,36.9217],[-86.2014,36.9353],[-86.203,36.931]],[[-86.2079,36.9071],[-86.2069,36.92],[-86.2118,36.9062],[-86.2079,36.9071]],[[-86.2665,36.8934],[-86.2153,36.9054],[-86.2263,36.9126],[-86.2665,36.8934]],[[-88.3669,37.0625],[-88.3393,37.0569],[-88.3622,37.0639],[-88.3669,37.0625]],[[-88.3088,37.0475],[-88.2654,37.0068],[-88.3052,37.0464],[-88.3088,37.0475]],[[-88.193,37.1459],[-88.1845,37.1263],[-88.1881,37.1533],[-88.193,37.1459]],[[-88.1602,37.1331],[-88.1621,37.1392],[-88.1845,37.1263],[-88.1602,37.1331]],[[-88.1451,37.1489],[-88.1103,37.1598],[-88.099,37.1753],[-88.1451,37.1489]],[[-87.8581,36.9507],[-87.9751,37.0674],[-87.8833,36.958],[-87.8581,36.9507]],[[-87.3336,37.1615],[-87.3432,37.1571],[-87.3322,37.133],[-87.3336,37.1615]],[[-87.2843,37.108],[-87.2806,37.0769],[-87.2759,37.0759],[-87.2843,37.108]],[[-87.2564,37.0707],[-87.2497,37.0667],[-87.2506,37.0703],[-87.2564,37.0707]],[[-87.2485,37.0619],[-87.2604,37.0539],[-87.2466,37.0544],[-87.2485,37.0619]],[[-86.5564,37.1782],[-86.541,37.176],[-86.537,37.1773],[-86.5564,37.1782]],[[-88.1108,36.7471],[-88.088,36.7161],[-88.1894,36.9355],[-88.1108,36.7471]],[[-88.0027,36.9102],[-87.9305,36.9424],[-88.1573,36.8672],[-88.0027,36.9102]],[[-87.944,37.4652],[-87.7345,37.6384],[-87.933,37.4801],[-87.944,37.4652]],[[-87.8134,37.3506],[-87.8282,37.3589],[-87.8148,37.3426],[-87.8517,37.3187],[-87.5936,37.462],[-87.8134,37.3506]],[[-87.2977,37.3887],[-87.2971,37.3898],[-87.2996,37.39],[-87.2977,37.3887]],[[-87.0941,37.3781],[-87.1048,37.4616],[-87.0998,37.416],[-87.0941,37.3781]],[[-87.1173,37.4739],[-87.1305,37.4819],[-87.1048,37.4616],[-87.1173,37.4739]],[[-87.0267,37.3597],[-87.0306,37.3633],[-87.0706,37.3705],[-87.0267,37.3597]],[[-86.9082,37.1895],[-86.8244,37.2934],[-86.8993,37.2123],[-86.9082,37.1895]],[[-88.3134,37.3921],[-88.3126,37.3913],[-88.3128,37.3919],[-88.3134,37.3921]],[[-88.2203,37.183],[-88.1884,37.1555],[-88.1899,37.1664],[-88.2203,37.183]],[[-87.342,37.3148],[-87.3396,37.315],[-87.3229,37.3444],[-87.342,37.3148]],[[-87.4649,37.6677],[-87.4953,37.6475],[-87.444,37.6688],[-87.4649,37.6677]],[[-87.3873,37.73],[-87.4144,37.6811],[-87.4085,37.6836],[-87.3873,37.73]],[[-87.0254,37.5707],[-87.0383,37.5608],[-87.0387,37.5603],[-87.0254,37.5707]],[[-86.9483,37.6305],[-86.9515,37.6281],[-86.9049,37.6298],[-86.9483,37.6305]],[[-86.569,37.5814],[-86.5907,37.5678],[-86.5895,37.5667],[-86.569,37.5814]],[[-87.3761,37.5708],[-87.38,37.5784],[-87.3863,37.5798],[-87.3761,37.5708]],[[-85.6343,37.4717],[-85.6107,37.4604],[-85.5965,37.4654],[-85.6343,37.4717]],[[-85.5028,37.4823],[-85.4798,37.4654],[-85.4717,37.4681],[-85.5028,37.4823]],[[-85.7442,37.1698],[-85.6865,37.1824],[-85.8056,37.1617],[-85.7442,37.1698]],[[-85.5962,36.818],[-85.6132,36.8327],[-85.5888,36.7773],[-85.5962,36.818]],[[-85.7393,36.8415],[-85.7579,36.836],[-85.6132,36.8327],[-85.7393,36.8415]],[[-85.4727,36.7341],[-85.5174,36.7313],[-85.4745,36.731],[-85.4727,36.7341]],[[-85.9734,36.7149],[-85.9528,36.6569],[-85.9494,36.6616],[-85.9734,36.7149]],[[-85.7896,36.8267],[-85.807,36.8216],[-85.9763,36.7231],[-85.7896,36.8267]],[[-85.5607,36.8509],[-85.5074,36.8675],[-85.4947,36.8837],[-85.5607,36.8509]],[[-86.0347,36.7804],[-86.0529,36.7748],[-86.0506,36.7727],[-86.0347,36.7804]],[[-85.9925,36.7449],[-86.0023,36.7587],[-86.0499,36.772],[-86.0373,36.7602],[-85.9925,36.7449]],[[-85.1184,36.8273],[-85.227,36.8874],[-85.2222,36.8775],[-85.1184,36.8273]],[[-85.3803,37.1683],[-85.3078,37.228],[-85.5269,37.1094],[-85.3803,37.1683]],[[-85.1974,37.2715],[-85.3113,37.2468],[-85.1993,37.2677],[-85.1974,37.2715]],[[-85.1884,37.307],[-85.1909,37.2839],[-85.1766,37.3114],[-85.1884,37.307]],[[-85.0569,37.257],[-85.1622,37.3169],[-85.1754,37.3119],[-85.0569,37.257]],[[-84.9544,37.1023],[-85.0435,37.1872],[-85.0433,37.186],[-84.9544,37.1023]],[[-85.1696,37.464],[-85.0738,37.4137],[-85.1312,37.3843],[-85.0551,37.4148],[-85.1696,37.464]],[[-85.0494,37.4171],[-85.0445,37.4191],[-85.041,37.511],[-85.0494,37.4171]],[[-85.4892,37.9907],[-85.3996,37.9399],[-85.5169,38.0113],[-85.4892,37.9907]],[[-85.1202,37.9105],[-85.1475,37.891],[-85.1692,37.9979],[-85.1512,37.8925],[-85.1875,37.8836],[-85.1542,37.8855],[-85.1202,37.9105]],[[-85.0082,37.8909],[-84.9862,37.919],[-85.0171,37.8912],[-85.0082,37.8909]],[[-84.9331,37.9542],[-84.9563,37.9461],[-84.9623,37.9406],[-84.9331,37.9542]],[[-85.6368,37.6966],[-85.6335,37.6939],[-85.5925,37.6939],[-85.6368,37.6966]],[[-85.8593,37.9476],[-85.9052,37.9426],[-85.8569,37.9453],[-85.8593,37.9476]],[[-85.8302,37.9188],[-85.849,37.9374],[-85.8133,37.889],[-85.8302,37.9188]],[[-85.8339,37.8927],[-85.8364,37.8851],[-85.8133,37.889],[-85.8339,37.8927]],[[-85.8331,37.8762],[-85.8376,37.8813],[-85.8382,37.8793],[-85.8331,37.8762]],[[-85.7378,37.8118],[-85.7399,37.813],[-85.7335,37.7775],[-85.7378,37.8118]],[[-85.6582,37.7141],[-85.6806,37.7332],[-85.6805,37.7323],[-85.6582,37.7141]],[[-84.8077,37.7048],[-84.8006,37.711],[-85.0238,37.679],[-84.8077,37.7048]],[[-85.6793,37.8172],[-85.6165,37.8612],[-85.6907,37.8162],[-85.6793,37.8172]],[[-85.5303,37.9489],[-85.5252,37.9527],[-85.5342,37.9652],[-85.5303,37.9489]],[[-84.8973,38.0993],[-85.0237,38.1291],[-84.9078,38.0937],[-84.8973,38.0993]],[[-85.0038,38.1607],[-85.0463,38.111],[-85.0237,38.1291],[-85.0038,38.1607]],[[-85.0478,38.0723],[-85.1016,38.0373],[-85.1265,38.0203],[-85.0478,38.0723]],[[-85.2831,38.3581],[-84.957,38.3323],[-84.9977,38.3356],[-85.2831,38.3581]],[[-84.6157,38.8023],[-84.6171,38.8015],[-84.6007,38.7996],[-84.6157,38.8023]],[[-84.4303,38.8286],[-84.4185,38.8059],[-84.5317,38.792],[-84.4052,38.8064],[-84.4303,38.8286]],[[-83.9807,38.5886],[-83.9914,38.5936],[-83.9946,38.5871],[-83.9807,38.5886]],[[-83.9444,38.5109],[-83.9683,38.5828],[-83.9727,38.5848],[-83.961,38.5329],[-83.9444,38.5109]],[[-83.8593,38.4563],[-83.9375,38.5017],[-83.9303,38.4923],[-83.8593,38.4563]],[[-83.9491,38.4228],[-83.9807,38.4432],[-83.9913,38.4329],[-83.9491,38.4228]],[[-83.8737,38.3622],[-83.8992,38.3483],[-83.873,38.3609],[-83.8737,38.3622]],[[-83.847,38.2972],[-83.8343,38.3132],[-83.9779,38.1921],[-83.847,38.2972]],[[-83.9778,38.1977],[-84.0805,38.1151],[-83.9779,38.1921],[-83.9778,38.1977]],[[-83.8759,38.1317],[-83.8771,38.1321],[-83.8683,38.1228],[-83.8759,38.1317]],[[-83.7722,37.9769],[-83.7605,37.9968],[-83.7627,37.9994],[-83.7744,37.9901],[-83.7722,37.9769]],[[-83.7738,37.9155],[-83.7564,37.8999],[-83.7647,37.9291],[-83.7738,37.9155]],[[-83.6363,37.8285],[-83.7073,37.7174],[-83.6212,37.834],[-83.6363,37.8285]],[[-83.7247,37.7184],[-83.7158,37.7196],[-83.738,37.7286],[-83.7247,37.7184]],[[-83.9086,37.5448],[-83.884,37.4773],[-83.8853,37.5177],[-83.8302,37.487],[-83.9086,37.5448]],[[-83.8436,37.4371],[-83.85,37.4478],[-83.884,37.4773],[-83.8436,37.4371]],[[-83.7879,37.3407],[-83.6786,37.3371],[-83.7921,37.3512],[-83.8179,37.3943],[-83.7879,37.3407]],[[-83.7918,37.3303],[-83.791,37.3325],[-83.882,37.3069],[-83.7918,37.3303]],[[-83.9437,37.2506],[-83.9016,37.2537],[-83.96,37.2535],[-83.9437,37.2506]],[[-83.8667,37.104],[-83.8857,37.1188],[-83.8689,37.0989],[-83.8667,37.104]],[[-83.8831,37.065],[-83.8756,37.0829],[-83.8877,37.0751],[-83.8831,37.065]],[[-83.8713,37.0549],[-83.8254,37.0393],[-83.8811,37.0604],[-83.8713,37.0549]],[[-83.6411,36.9595],[-83.7226,36.9985],[-83.7199,36.9952],[-83.6411,36.9595]],[[-84.5323,38.7919],[-84.4763,38.5427],[-84.4706,38.5423],[-84.5323,38.7919]],[[-84.937,38.6508],[-84.9345,38.6621],[-84.9614,38.645],[-84.937,38.6508]],[[-85.0158,38.6321],[-85.0274,38.6131],[-85.0243,38.6142],[-85.0158,38.6321]],[[-85.0285,38.6127],[-85.0598,38.611],[-85.0654,38.6],[-85.0285,38.6127]],[[-84.6141,37.7452],[-84.5875,37.7502],[-84.5906,37.7542],[-84.6141,37.7452]],[[-84.5836,37.7454],[-84.5792,37.7307],[-84.575,37.7345],[-84.5836,37.7454]],[[-84.4721,37.7981],[-84.4824,37.8021],[-84.5382,37.7679],[-84.5208,37.766],[-84.4721,37.7981]],[[-84.4832,37.8465],[-84.4688,37.7998],[-84.462,37.8034],[-84.4832,37.8465]],[[-84.4573,37.844],[-84.4468,37.8404],[-84.4446,37.8428],[-84.4573,37.844]],[[-84.44,37.8478],[-84.4368,37.8512],[-84.4379,37.8552],[-84.44,37.8478]],[[-84.3411,37.882],[-84.2724,37.9175],[-84.3416,37.8937],[-84.3411,37.882]],[[-84.0885,37.8607],[-84.0862,37.8467],[-84.0838,37.8493],[-84.0885,37.8607]],[[-84.002,37.8376],[-84.0569,37.8432],[-84.017,37.8328],[-84.002,37.8376]],[[-83.8653,37.9059],[-83.8526,37.9028],[-83.8137,37.909],[-83.8653,37.9059]],[[-84.502,37.328],[-84.5029,37.3288],[-84.5565,37.3557],[-84.502,37.328]],[[-84.288,37.1581],[-84.2952,37.1641],[-84.2894,37.1524],[-84.288,37.1581]],[[-84.297,37.1223],[-84.2895,37.1521],[-84.2928,37.1549],[-84.297,37.1223]],[[-84.2872,37.0965],[-84.2802,37.1019],[-84.293,37.1136],[-84.2872,37.0965]],[[-84.3499,36.9873],[-84.35,36.9787],[-84.3478,36.9884],[-84.3499,36.9873]],[[-84.3669,36.9595],[-84.3591,36.9399],[-84.3537,36.9628],[-84.3669,36.9595]],[[-84.2974,36.9459],[-84.2556,36.9711],[-84.3083,36.9449],[-84.2974,36.9459]],[[-84.1742,36.9403],[-84.1506,36.9675],[-84.1795,36.9425],[-84.1742,36.9403]],[[-84.1453,36.9563],[-84.134,36.9642],[-84.1506,36.9675],[-84.1453,36.9563]],[[-84.3547,36.8093],[-84.318,36.8347],[-84.3553,36.8131],[-84.3547,36.8093]],[[-84.2921,36.6604],[-84.3085,36.6817],[-84.3076,36.6768],[-84.2921,36.6604]],[[-84.4168,36.9469],[-84.5476,36.8822],[-84.3856,36.9548],[-84.4168,36.9469]],[[-84.5824,37.5698],[-84.6526,37.6182],[-84.6327,37.601],[-84.5824,37.5698]],[[-84.3744,37.4727],[-84.4537,37.4902],[-84.4467,37.4859],[-84.3744,37.4727]],[[-84.345,37.539],[-84.352,37.5476],[-84.3534,37.5202],[-84.345,37.539]],[[-84.2649,37.516],[-84.3019,37.5234],[-84.2686,37.5156],[-84.2649,37.516]],[[-83.9652,37.5814],[-84.0811,37.5674],[-83.9517,37.5727],[-83.9652,37.5814]],[[-84.1239,37.3343],[-84.0933,37.2963],[-84.1191,37.3357],[-84.1239,37.3343]],[[-84.1291,37.3578],[-84.143,37.3523],[-84.1415,37.3355],[-84.1291,37.3578]],[[-84.1409,37.329],[-84.1396,37.3151],[-84.1265,37.3335],[-84.1409,37.329]],[[-84.1486,37.3025],[-84.1443,37.3084],[-84.1801,37.304],[-84.1486,37.3025]],[[-84.2359,37.2311],[-84.2329,37.2483],[-84.2394,37.2326],[-84.2359,37.2311]],[[-84.2666,37.2212],[-84.2717,37.2138],[-84.2589,37.2058],[-84.2666,37.2212]],[[-84.2656,37.1817],[-84.2987,37.1711],[-84.2975,37.1686],[-84.2656,37.1817]],[[-84.5072,37.7564],[-84.4992,37.7404],[-84.4945,37.7475],[-84.5072,37.7564]],[[-83.967,37.8439],[-83.9633,37.8001],[-83.9626,37.8446],[-83.967,37.8439]],[[-84.1218,37.8077],[-84.0925,37.8398],[-84.1042,37.8388],[-84.1218,37.8077]],[[-84.4213,38.2528],[-84.4381,38.2967],[-84.4447,38.2851],[-84.4213,38.2528]],[[-84.4223,38.2171],[-84.4196,38.2159],[-84.4213,38.2528],[-84.4223,38.2171]],[[-84.2913,38.3158],[-84.2966,38.3177],[-84.3449,38.285],[-84.2913,38.3158]],[[-84.1941,38.3717],[-84.1021,38.4594],[-84.2454,38.3422],[-84.1941,38.3717]],[[-84.1021,38.4594],[-83.998,38.4396],[-84.1184,38.4719],[-84.1021,38.4594]],[[-84.1202,38.2755],[-84.1178,38.2732],[-84.1041,38.2857],[-84.1202,38.2755]],[[-84.103,38.2588],[-84.0876,38.2646],[-84.1166,38.272],[-84.103,38.2588]],[[-84.0777,38.2562],[-84.0572,38.2568],[-84.0771,38.2619],[-84.0777,38.2562]],[[-84.4527,37.9088],[-84.4796,37.9402],[-84.4471,37.8884],[-84.4527,37.9088]],[[-84.3428,37.92],[-84.3419,37.9004],[-84.3396,37.9212],[-84.3428,37.92]],[[-84.34,37.9311],[-84.3386,37.9302],[-84.3383,37.9325],[-84.34,37.9311]],[[-84.6515,38.1165],[-84.6517,38.1168],[-84.6531,38.1165],[-84.6515,38.1165]],[[-84.3692,38.1982],[-84.3608,38.1861],[-84.3586,38.1948],[-84.3692,38.1982]],[[-84.365,38.1692],[-84.3725,38.1625],[-84.3794,38.1111],[-84.365,38.1692]],[[-84.324,38.0867],[-84.2927,38.0729],[-84.3144,38.093],[-84.324,38.0867]],[[-84.3942,38.206],[-84.4018,38.2079],[-84.4957,38.1718],[-84.3942,38.206]],[[-84.5214,38.5083],[-84.5414,38.4964],[-84.4853,38.5086],[-84.5214,38.5083]],[[-84.2053,38.582],[-84.2113,38.5509],[-84.1957,38.5907],[-84.4124,38.5647],[-84.2053,38.582]],[[-84.0182,38.5945],[-84.0337,38.5829],[-84.002,38.5863],[-84.0182,38.5945]],[[-84.163,38.499],[-84.1709,38.486],[-84.1582,38.4993],[-84.163,38.499]],[[-84.8729,38.6964],[-84.9173,38.6717],[-84.9056,38.6694],[-84.8729,38.6964]],[[-84.8654,38.7006],[-84.8677,38.6993],[-84.8635,38.7007],[-84.8654,38.7006]],[[-84.7743,38.6186],[-84.7808,38.7652],[-84.7874,38.7194],[-84.7743,38.6186]],[[-84.6228,38.4841],[-84.6578,38.5328],[-84.6267,38.4851],[-84.6228,38.4841]],[[-83.4275,37.6831],[-83.3999,37.695],[-83.4033,37.6956],[-83.4275,37.6831]],[[-83.3628,37.6888],[-83.3307,37.6746],[-83.296,37.6776],[-83.3628,37.6888]],[[-83.2519,37.6731],[-83.2458,37.6706],[-83.2584,37.6803],[-83.2519,37.6731]],[[-82.9255,37.4865],[-82.9421,37.4963],[-82.9278,37.4809],[-82.8787,37.5401],[-82.9255,37.4865]],[[-82.9476,37.7196],[-82.9459,37.6779],[-82.9408,37.7163],[-82.9012,37.7032],[-82.9476,37.7196]],[[-82.642,37.7257],[-82.7632,37.7562],[-82.6144,37.7058],[-82.642,37.7257]],[[-82.5513,37.6881],[-82.5678,37.69],[-82.5855,37.6812],[-82.5513,37.6881]],[[-82.4858,37.6805],[-82.4558,37.6687],[-82.4367,37.6749],[-82.4858,37.6805]],[[-83.58,37.5063],[-83.5792,37.5062],[-83.5223,37.6385],[-83.58,37.5063]],[[-83.1035,36.9934],[-83.0544,37.0183],[-83.1061,36.9945],[-83.1035,36.9934]],[[-83.0383,37.1655],[-83.0588,37.1241],[-83.0581,37.1213],[-83.0383,37.1655]],[[-83.0543,37.2158],[-82.9774,37.1734],[-83.0062,37.2058],[-83.0543,37.2158]],[[-82.8391,37.2571],[-82.8523,37.2558],[-82.8701,37.2384],[-82.8391,37.2571]],[[-82.7327,37.2715],[-82.7266,37.2769],[-82.737,37.2714],[-82.7327,37.2715]],[[-83.4921,36.9134],[-83.5041,36.8982],[-83.4894,36.9113],[-83.4921,36.9134]],[[-83.2259,37.0057],[-83.188,37.0057],[-83.1859,37.0113],[-83.2259,37.0057]],[[-83.0226,36.9774],[-82.9402,37.0147],[-82.9411,37.0152],[-83.0226,36.9774]],[[-83.5405,37.3477],[-83.5515,37.333],[-83.5518,37.2872],[-83.5476,37.3344],[-83.5405,37.3477]],[[-83.5215,37.2646],[-83.5675,37.2675],[-83.5165,37.2562],[-83.5231,37.2716],[-83.5518,37.2872],[-83.5215,37.2646]],[[-83.477,37.3766],[-83.48,37.3728],[-83.4604,37.3767],[-83.477,37.3766]],[[-83.4474,37.3767],[-83.456,37.3767],[-83.4054,37.3389],[-83.4474,37.3767]],[[-83.113,37.3183],[-83.1099,37.3362],[-83.1347,37.4572],[-83.1243,37.405],[-83.113,37.3183]],[[-82.6187,37.3884],[-82.5885,37.4466],[-82.5899,37.4548],[-82.6187,37.3884]],[[-83.4952,38.0526],[-83.464,38.0681],[-83.4644,38.0716],[-83.4952,38.0526]],[[-83.4634,38.017],[-83.4339,38.034],[-83.4242,38.0416],[-83.4355,38.0428],[-83.4634,38.017]],[[-83.2582,38.1881],[-83.2433,38.1761],[-83.1994,38.1707],[-83.2582,38.1881]],[[-83.2333,38.1931],[-83.2444,38.1922],[-83.2449,38.1907],[-83.2333,38.1931]],[[-82.9757,38.172],[-82.9596,38.1721],[-82.9818,38.1777],[-82.9757,38.172]],[[-82.9366,38.1722],[-82.9232,38.1722],[-82.8838,38.196],[-82.9366,38.1722]],[[-82.8504,38.1919],[-82.8123,38.22],[-82.8514,38.192],[-82.8504,38.1919]],[[-82.8193,38.2301],[-82.8237,38.2282],[-82.8123,38.22],[-82.8193,38.2301]],[[-82.7854,38.2428],[-82.7717,38.3626],[-82.794,38.2438],[-82.7854,38.2428]],[[-83.0046,37.8592],[-83.0344,37.8863],[-82.9815,37.8354],[-83.0046,37.8592]],[[-82.9648,37.8973],[-82.9877,37.8969],[-82.9663,37.8935],[-82.9648,37.8973]],[[-82.9839,37.9535],[-82.964,37.8992],[-82.9609,37.9072],[-82.9839,37.9535]],[[-82.989,37.964],[-82.9707,37.991],[-82.9905,37.9643],[-82.989,37.964]],[[-83.5903,37.8183],[-83.5649,37.8205],[-83.62,37.8345],[-83.5903,37.8183]],[[-83.5514,37.8216],[-83.4969,37.8606],[-83.5627,37.8207],[-83.5514,37.8216]],[[-83.4168,37.8172],[-83.4485,37.8297],[-83.433,37.8191],[-83.4168,37.8172]],[[-83.3322,37.7837],[-83.3843,37.8043],[-83.3832,37.7996],[-83.3322,37.7837]],[[-83.2731,37.7149],[-83.2871,37.7423],[-83.2812,37.7189],[-83.2436,37.6992],[-83.2627,37.7192],[-83.2424,37.7383],[-83.2731,37.7149]],[[-82.6536,37.778],[-82.6557,37.7529],[-82.6444,37.7367],[-82.6536,37.778]],[[-83.1417,37.9972],[-83.0221,38.007],[-83.0196,38.009],[-83.1417,37.9972]],[[-83.4443,37.9425],[-83.496,37.8906],[-83.4942,37.8786],[-83.4443,37.9425]],[[-82.8889,38.1118],[-82.9298,38.0889],[-82.9428,38.0695],[-82.8889,38.1118]],[[-82.9743,38.0447],[-82.9976,38.0384],[-83.012,38.015],[-82.9743,38.0447]],[[-83.5794,38.4315],[-83.5813,38.4383],[-83.5827,38.4324],[-83.5794,38.4315]],[[-83.4528,38.3818],[-83.4666,38.3989],[-83.4538,38.378],[-83.4528,38.3818]],[[-83.4068,38.3894],[-83.412,38.3963],[-83.4528,38.3818],[-83.4068,38.3894]],[[-83.3608,38.3279],[-83.3789,38.3521],[-83.3643,38.3294],[-83.3608,38.3279]],[[-83.3055,38.326],[-83.3483,38.3225],[-83.3413,38.3195],[-83.3055,38.326]],[[-83.2308,38.3427],[-83.2367,38.3384],[-83.2306,38.3395],[-83.2308,38.3427]],[[-83.2109,38.4487],[-83.2372,38.4265],[-83.2075,38.4412],[-83.2109,38.4487]],[[-83.1539,38.5156],[-83.1884,38.494],[-83.1664,38.504],[-83.1539,38.5156]],[[-83.8352,38.2989],[-83.8156,38.2873],[-83.823,38.3008],[-83.8352,38.2989]],[[-83.8079,38.2828],[-83.8019,38.2793],[-83.7961,38.2844],[-83.8079,38.2828]],[[-83.7082,38.2437],[-83.6902,38.2582],[-83.692,38.2602],[-83.7082,38.2437]],[[-83.6881,38.2559],[-83.6934,38.2234],[-83.6846,38.2521],[-83.6881,38.2559]],[[-83.6965,38.2045],[-83.6976,38.1981],[-83.6858,38.2141],[-83.6965,38.2045]],[[-83.62,38.1972],[-83.633,38.1926],[-83.6465,38.171],[-83.6352,38.1875],[-83.62,38.1972]],[[-83.2998,38.2091],[-83.2741,38.2014],[-83.2886,38.2155],[-83.2998,38.2091]],[[-83.4646,38.0732],[-83.4658,38.0843],[-83.5018,38.0878],[-83.4646,38.0732]]]]}},{"type":"Feature","properties":{"StateFIPS":"04","state":"Arizona"},"geometry":{"type":"Polygon","coordinates":[[[-111.0748,31.3322],[-114.8136,32.4943],[-114.7916,32.557],[-114.7918,32.5678],[-114.8126,32.5595],[-114.7997,32.5936],[-114.8094,32.6171],[-114.7644,32.6427],[-114.7019,32.7455],[-114.6184,32.7282],[-114.5392,32.7498],[-114.5269,32.7571],[-114.5288,32.7963],[-114.469,32.8452],[-114.4629,32.9079],[-114.4809,32.9353],[-114.469,32.9723],[-114.4929,32.9718],[-114.5169,33.0278],[-114.2688,33.03],[-114.5717,33.0366],[-114.601,33.0254],[-114.646,33.0489],[-114.6623,33.0327],[-114.689,33.084],[-114.7065,33.0882],[-114.6758,33.1815],[-114.6745,33.2255],[-114.6894,33.2452],[-114.6724,33.2605],[-114.7312,33.3024],[-114.698,33.3524],[-114.7253,33.405],[-114.6495,33.4136],[-114.5916,33.4994],[-114.5246,33.5522],[-114.5406,33.5914],[-114.5221,33.6113],[-114.5332,33.6484],[-114.5141,33.6602],[-114.5303,33.6792],[-114.4942,33.7079],[-114.528,33.815],[-114.5306,33.8554],[-114.503,33.868],[-114.5259,33.901],[-114.5087,33.9006],[-114.5346,33.9254],[-114.5287,33.9478],[-114.4383,34.0226],[-114.4342,34.0874],[-114.4159,34.1076],[-114.2297,34.1869],[-114.1646,34.259],[-114.1312,34.2627],[-114.1383,34.3032],[-114.1769,34.3493],[-114.2261,34.3659],[-114.3354,34.45],[-114.3789,34.4504],[-114.3808,34.5297],[-114.4344,34.5926],[-114.4242,34.6105],[-114.457,34.6563],[-114.4686,34.7076],[-114.5527,34.7669],[-114.5868,34.8357],[-114.6368,34.8857],[-114.6369,35.0284],[-114.6029,35.0686],[-114.6468,35.1019],[-114.5783,35.1288],[-114.5692,35.1835],[-114.6057,35.3585],[-114.6268,35.4096],[-114.6635,35.4478],[-114.6787,35.4987],[-114.6572,35.5323],[-114.675,35.5807],[-114.6534,35.6108],[-114.689,35.6503],[-114.6806,35.684],[-114.7054,35.7083],[-114.6957,35.756],[-114.7121,35.8062],[-114.6952,35.8323],[-114.7065,35.849],[-114.6632,35.8737],[-114.7085,35.9123],[-114.7406,35.9757],[-114.7432,36.0065],[-114.7229,36.0272],[-114.7421,36.0398],[-114.7363,36.0585],[-114.7548,36.0847],[-114.7362,36.1044],[-114.6798,36.1099],[-114.6305,36.1422],[-114.6155,36.1297],[-114.5711,36.1511],[-114.5143,36.1508],[-114.5047,36.1272],[-114.4636,36.1397],[-114.4437,36.1256],[-114.4091,36.147],[-114.3702,36.1426],[-114.3069,36.0825],[-114.3119,36.0577],[-114.2709,36.0455],[-114.2421,36.0152],[-114.1459,36.0272],[-114.1119,36.0958],[-114.1213,36.1095],[-114.097,36.1208],[-114.0682,36.1777],[-114.0439,36.1933],[-114.0506,37.0004],[-110.7507,37.0032],[-109.0452,36.9991],[-109.05,31.3325],[-111.0748,31.3322]],[[-110.7507,34.2633],[-110.7507,34.0],[-110.7507,37.0032],[-110.7507,34.2633]],[[-112.6197,36.7827],[-112.5293,36.9524],[-112.5308,36.9603],[-112.6197,36.7827]],[[-113.3339,35.8007],[-113.3339,35.6127],[-113.3332,35.8033],[-113.3339,35.8007]],[[-111.6596,34.3863],[-111.5729,34.4233],[-111.5545,34.4394],[-111.6596,34.3863]],[[-111.4947,34.0041],[-111.4544,34.0047],[-111.4947,34.0043],[-111.4947,34.0041]],[[-111.3955,33.8409],[-111.3766,33.8271],[-111.3919,33.8518],[-111.3955,33.8409]],[[-111.3879,33.8032],[-111.3715,33.8188],[-111.3736,33.8222],[-111.3879,33.8032]],[[-110.7811,32.9837],[-110.7795,32.9851],[-110.7818,32.9849],[-110.7811,32.9837]],[[-110.7166,33.0408],[-110.7638,33.0049],[-110.7642,32.9987],[-110.7166,33.0408]],[[-110.4515,32.514],[-110.4517,32.3409],[-110.4508,32.514],[-110.4515,32.514]],[[-113.3339,32.5971],[-113.3333,34.0],[-113.3335,34.2884],[-113.335,33.3775],[-113.9575,33.3776],[-113.3339,33.3774],[-113.3339,32.5971]],[[-111.1576,32.5016],[-110.4522,32.514],[-113.3339,32.5052],[-113.3339,32.5052],[-111.1576,32.5016]],[[-114.0164,34.2596],[-114.0058,34.2537],[-113.8577,34.2534],[-114.0164,34.2596]],[[-113.7044,34.2099],[-113.6793,34.2099],[-113.6736,34.2116],[-113.7044,34.2099]],[[-110.8203,34.2881],[-110.8324,34.3019],[-110.8445,34.3054],[-110.8203,34.2881]],[[-110.8606,34.2699],[-110.8357,34.2693],[-110.8651,34.2739],[-110.8606,34.2699]],[[-111.0332,34.3409],[-111.0201,34.3732],[-111.0407,34.3455],[-111.0332,34.3409]],[[-111.5375,34.4125],[-111.4838,34.4314],[-111.5429,34.4159],[-111.5375,34.4125]],[[-111.5492,34.4201],[-111.544,34.4167],[-111.5371,34.424],[-111.5492,34.4201]],[[-110.457,33.2914],[-110.4548,33.2878],[-110.4508,33.3648],[-110.457,33.2914]],[[-110.3412,33.4269],[-110.363,33.3982],[-110.324,33.4307],[-110.3412,33.4269]],[[-110.1984,33.4417],[-110.2723,33.4421],[-110.3136,33.433],[-110.2153,33.436],[-110.1984,33.4417]],[[-110.1697,33.4654],[-110.188,33.4452],[-110.1692,33.4516],[-110.1697,33.4654]],[[-109.8917,33.5679],[-110.0006,33.5769],[-109.885,33.5639],[-109.8917,33.5679]],[[-109.8235,33.5275],[-109.8446,33.54],[-109.8104,33.5081],[-109.8235,33.5275]],[[-109.8053,33.5005],[-109.8072,33.5033],[-109.8121,33.4836],[-109.8053,33.5005]],[[-109.4798,33.6637],[-109.5186,33.6407],[-109.5252,33.6186],[-109.4954,33.6527],[-109.4798,33.6637]],[[-109.2138,32.6807],[-109.2482,32.7502],[-109.2062,32.6358],[-109.2138,32.6807]],[[-109.4749,33.6938],[-109.4698,33.6968],[-109.4746,33.6955],[-109.4749,33.6938]]]}},{"type":"Feature","properties":{"StateFIPS":"28","state":"Mississippi"},"geometry":{"type":"MultiPolygon","coordinates":[[[[-89.552,31.0115],[-91.6369,30.9994],[-91.5612,31.0462],[-91.5641,31.0668],[-91.626,31.1169],[-91.5919,31.1936],[-91.654,31.2558],[-91.5156,31.2782],[-91.508,31.3129],[-91.549,31.3473],[-91.5462,31.3825],[-91.569,31.3776],[-91.5763,31.4105],[-91.545,31.433],[-91.5269,31.3809],[-91.4789,31.365],[-91.4721,31.3959],[-91.5134,31.4444],[-91.5225,31.5221],[-91.45,31.5397],[-91.4054,31.5765],[-91.4227,31.5971],[-91.4941,31.5902],[-91.5167,31.6273],[-91.4977,31.6454],[-91.4367,31.6127],[-91.401,31.6204],[-91.4,31.6979],[-91.365,31.7482],[-91.2755,31.7455],[-91.263,31.767],[-91.3655,31.7616],[-91.3384,31.8513],[-91.2934,31.8602],[-91.2849,31.8184],[-91.262,31.8094],[-91.245,31.8314],[-91.2677,31.8627],[-91.0137,31.8619],[-91.2481,31.8698],[-91.1832,31.9162],[-91.1932,31.9357],[-91.1774,31.9733],[-91.1041,31.9904],[-91.0759,32.0168],[-91.0881,32.0345],[-91.1563,32.0527],[-91.1558,32.0756],[-91.1393,32.0818],[-91.0823,32.0476],[-91.08,32.0792],[-91.0307,32.1143],[-91.0029,32.1621],[-91.0583,32.181],[-91.0532,32.1242],[-91.1655,32.1343],[-91.1642,32.1969],[-91.0837,32.2264],[-91.0614,32.2186],[-91.039,32.2423],[-91.0029,32.223],[-90.9952,32.1921],[-90.9694,32.2525],[-90.9807,32.2914],[-90.9478,32.2835],[-90.9162,32.3036],[-90.8756,32.3724],[-90.9124,32.3395],[-91.0001,32.3577],[-90.9941,32.4039],[-90.9678,32.4183],[-90.9696,32.4395],[-90.9939,32.4508],[-91.0529,32.4384],[-91.116,32.4831],[-91.0937,32.5491],[-91.0381,32.4904],[-90.9876,32.4924],[-91.0071,32.5164],[-91.0754,32.5467],[-91.0046,32.6098],[-91.0191,32.6438],[-91.0384,32.6364],[-91.0498,32.6072],[-91.1186,32.5851],[-91.1462,32.6041],[-91.1527,32.6408],[-91.0545,32.7223],[-91.1634,32.747],[-91.1617,32.8125],[-91.1379,32.849],[-91.0706,32.8887],[-91.0639,32.9227],[-91.1066,32.9889],[-91.1355,32.9797],[-91.1321,32.9231],[-91.1451,32.9055],[-91.2083,32.9154],[-91.2018,32.9612],[-91.1661,33.0043],[-90.9143,33.0077],[-91.1663,33.0114],[-91.1283,33.0343],[-91.1212,33.0592],[-91.196,33.1046],[-91.202,33.1231],[-91.1837,33.1417],[-91.1281,33.1289],[-91.0857,33.1372],[-91.0808,33.1822],[-91.1003,33.2194],[-91.0707,33.2273],[-91.0436,33.2746],[-91.0785,33.2833],[-91.1008,33.2383],[-91.1416,33.2995],[-91.1422,33.349],[-91.0644,33.4185],[-91.0581,33.4465],[-91.087,33.4513],[-91.0963,33.4128],[-91.1488,33.3788],[-91.1911,33.3896],[-91.2053,33.4142],[-91.1319,33.4301],[-91.1178,33.4581],[-91.168,33.4983],[-91.1765,33.4446],[-91.2352,33.439],[-91.1826,33.4992],[-91.2187,33.5294],[-91.2338,33.5613],[-91.1582,33.5734],[-91.1287,33.6085],[-91.16,33.6429],[-91.2245,33.6652],[-91.2179,33.698],[-91.1604,33.7066],[-91.0914,33.6578],[-91.031,33.6794],[-91.0605,33.7151],[-91.1174,33.7053],[-91.1399,33.7215],[-91.1341,33.7829],[-91.0184,33.7641],[-90.9885,33.7845],[-91.0491,33.816],[-91.0702,33.8453],[-91.0698,33.8727],[-91.0102,33.9316],[-91.0878,33.9593],[-91.0862,34.0064],[-91.0487,33.9927],[-91.0189,34.0032],[-91.0001,33.9664],[-90.9769,33.9605],[-90.9615,33.9799],[-90.9882,34.0192],[-90.8912,34.0279],[-90.8719,34.0867],[-90.9213,34.0935],[-90.9586,34.1355],[-90.91,34.1655],[-90.8472,34.1369],[-90.8159,34.1499],[-90.8124,34.1808],[-90.8876,34.1824],[-90.9255,34.207],[-90.9355,34.2378],[-90.9063,34.2444],[-90.8966,34.2258],[-90.8471,34.2061],[-90.8296,34.2786],[-90.7529,34.2746],[-90.7352,34.3026],[-90.7687,34.3478],[-90.7573,34.3674],[-90.6786,34.3711],[-90.6931,34.3226],[-90.6614,34.3154],[-90.6585,34.3757],[-90.606,34.3933],[-90.5809,34.4199],[-90.5939,34.4842],[-90.5678,34.524],[-90.5396,34.5539],[-90.5872,34.6109],[-90.5701,34.6934],[-90.5415,34.6831],[-90.5551,34.6462],[-90.5416,34.6286],[-90.5172,34.6309],[-90.466,34.6743],[-90.4742,34.7053],[-90.5324,34.6962],[-90.5719,34.7128],[-90.5636,34.7378],[-90.5456,34.7389],[-90.5478,34.7833],[-90.5111,34.7983],[-90.4928,34.7725],[-90.5242,34.7314],[-90.4917,34.7214],[-90.4484,34.7391],[-90.4765,34.7936],[-90.4554,34.8208],[-90.4844,34.8636],[-90.476,34.8858],[-90.4366,34.8827],[-90.4294,34.8666],[-90.4497,34.8399],[-90.4387,34.8252],[-90.3894,34.8307],[-90.3384,34.8585],[-90.3113,34.8442],[-90.3048,34.8604],[-90.2021,34.8604],[-90.3177,34.8711],[-90.2579,34.8934],[-90.2413,34.919],[-90.2459,34.9487],[-90.3084,34.9957],[-88.2001,34.9956],[-88.1546,34.9224],[-88.0979,34.8922],[-88.4732,31.8939],[-88.4256,30.9983],[-88.3946,30.3501],[-88.4477,30.358],[-88.4538,30.3296],[-88.4801,30.3183],[-88.5269,30.3424],[-88.5798,30.3458],[-88.585,30.3687],[-88.6115,30.356],[-88.6123,30.3734],[-88.7289,30.3427],[-88.8117,30.3852],[-88.7898,30.3863],[-88.8578,30.4302],[-88.8831,30.4188],[-88.8582,30.3948],[-89.0164,30.3846],[-89.0898,30.3647],[-89.0941,30.3479],[-89.0988,30.3626],[-89.2914,30.3033],[-89.2918,30.3281],[-89.2687,30.3406],[-89.2925,30.3656],[-89.3119,30.3629],[-89.308,30.3734],[-89.3409,30.3729],[-89.3783,30.3433],[-89.3388,30.343],[-89.3225,30.3149],[-89.4193,30.2543],[-89.4581,30.1778],[-89.4681,30.1938],[-89.5745,30.1817],[-89.6159,30.2232],[-89.6474,30.2913],[-89.6262,30.3143],[-89.6297,30.3393],[-89.6572,30.3565],[-89.6837,30.4059],[-89.6898,30.4593],[-89.7586,30.5059],[-89.8028,30.5579],[-89.7869,30.5691],[-89.8062,30.5675],[-89.8308,30.6176],[-89.8139,30.6368],[-89.8519,30.6612],[-89.8369,30.7347],[-89.8175,30.7373],[-89.8304,30.7798],[-89.8192,30.7952],[-89.8068,30.7891],[-89.7987,30.8209],[-89.7824,30.818],[-89.7925,30.8504],[-89.7717,30.8547],[-89.7736,30.8969],[-89.7448,30.9189],[-89.7563,30.9435],[-89.728,30.9665],[-89.7355,30.9997],[-89.5519,31.0019],[-89.552,31.0115]],[[-90.914,32.9442],[-90.9145,33.0974],[-90.9143,33.0077],[-90.914,32.9442]],[[-90.7007,33.0967],[-90.6958,33.0983],[-90.9145,33.0974],[-90.7007,33.0967]],[[-90.7635,33.5294],[-90.7635,33.5294],[-91.2187,33.5294],[-90.7635,33.5294]],[[-90.3995,34.4238],[-90.3995,34.4238],[-90.5678,34.524],[-90.3995,34.4238]],[[-89.7234,34.7723],[-89.7223,34.6855],[-89.7243,34.9952],[-89.7234,34.7723]],[[-88.5434,34.089],[-88.5551,34.0885],[-88.2038,34.0866],[-88.5434,34.089]],[[-88.8828,31.4338],[-88.8417,31.4337],[-88.4496,31.4358],[-88.8828,31.4338]],[[-88.8357,30.9984],[-88.8345,30.9103],[-88.8343,30.998],[-88.4256,30.9983],[-88.8357,30.9984]],[[-88.8845,30.7356],[-88.885,30.9102],[-88.8831,30.4188],[-88.8845,30.7356]],[[-90.1986,34.5544],[-89.7213,34.5543],[-89.4767,34.554],[-89.6684,34.5544],[-90.1986,34.5544]],[[-90.1985,34.5111],[-90.1941,34.3014],[-90.1986,34.5544],[-90.1985,34.5111]],[[-89.7214,34.1635],[-89.7211,34.1925],[-89.7213,34.5543],[-89.7214,34.1635]],[[-89.9314,34.1618],[-89.9263,33.8239],[-89.9261,33.898],[-89.9314,34.1618]],[[-90.1022,33.6524],[-90.1278,33.677],[-90.137,33.6769],[-90.1022,33.6524]],[[-90.3215,33.3751],[-89.7639,33.2095],[-89.7579,33.2168],[-90.1746,33.3334],[-90.3215,33.3751]],[[-89.7303,32.6342],[-89.7302,32.5772],[-89.7302,32.7657],[-89.7303,32.6342]],[[-89.3226,32.5764],[-88.9145,32.577],[-89.7302,32.5772],[-89.3226,32.5764]],[[-89.7862,32.5868],[-89.7301,32.3527],[-89.7841,32.5869],[-89.7862,32.5868]],[[-89.3166,31.8021],[-89.3491,31.8],[-88.9408,31.8248],[-89.3166,31.8021]],[[-90.3427,33.0211],[-89.9659,32.8796],[-90.3424,33.0212],[-90.3427,33.0211]],[[-90.7314,33.2646],[-90.5552,33.2705],[-90.7638,33.2704],[-90.7163,33.27],[-90.7314,33.2646]],[[-90.111,31.7893],[-90.1507,31.7999],[-90.1117,31.7799],[-90.111,31.7893]],[[-90.1125,31.7697],[-90.112,31.7757],[-90.129,31.7682],[-90.1125,31.7697]],[[-90.0404,31.3356],[-90.0405,31.3947],[-90.0405,31.336],[-90.0404,31.3356]],[[-90.9572,32.0858],[-90.9568,32.0836],[-90.9522,32.0833],[-90.9572,32.0858]],[[-90.7311,32.2233],[-90.7286,32.2251],[-90.7281,32.2282],[-90.7311,32.2233]],[[-90.7183,32.0449],[-90.7183,32.0484],[-90.7286,32.2251],[-90.7183,32.0449]],[[-91.5565,31.2355],[-91.5605,31.2356],[-91.5652,31.2284],[-91.5565,31.2355]],[[-91.4916,31.2272],[-91.4883,31.2345],[-91.5301,31.2148],[-91.4916,31.2272]],[[-91.2254,31.3719],[-91.2628,31.3694],[-91.2766,31.3648],[-91.2254,31.3719]],[[-91.1581,31.3491],[-91.1539,31.6101],[-91.1538,31.6305],[-91.1581,31.3491]],[[-91.0954,31.321],[-91.018,31.3475],[-91.1018,31.3257],[-91.08,31.2888],[-91.0954,31.321]],[[-90.2728,31.7035],[-90.3801,31.7002],[-90.28,31.6999],[-90.2728,31.7035]],[[-90.7363,31.7861],[-90.7368,31.6992],[-90.733,31.83],[-90.7363,31.7861]],[[-90.7229,32.6614],[-90.7209,32.6664],[-90.7232,32.6621],[-90.7229,32.6614]],[[-90.7189,32.6466],[-90.7003,32.6419],[-90.7213,32.6552],[-90.7189,32.6466]],[[-90.6948,32.6342],[-90.6914,32.6363],[-90.6937,32.6378],[-90.6948,32.6342]],[[-90.7201,32.6189],[-90.7207,32.624],[-90.7283,32.5663],[-90.7201,32.6189]],[[-90.588,32.5367],[-90.588,32.5461],[-90.6542,32.546],[-90.588,32.5367]],[[-90.5539,32.5319],[-90.5554,32.5068],[-90.5429,32.5067],[-90.5539,32.5319]],[[-90.5249,32.5054],[-90.4989,32.5292],[-90.5401,32.5065],[-90.5249,32.5054]],[[-90.4441,32.5848],[-90.45,32.5738],[-90.4499,32.4884],[-90.4441,32.5848]],[[-90.7262,32.2603],[-90.7232,32.2563],[-90.7213,32.2669],[-90.7262,32.2603]],[[-90.7047,32.3473],[-90.7043,32.3433],[-90.7007,32.3469],[-90.7047,32.3473]],[[-90.6813,33.1062],[-90.682,33.1028],[-90.6789,33.1038],[-90.6813,33.1062]],[[-90.6811,33.1989],[-90.7006,33.1251],[-90.6787,33.1973],[-90.6811,33.1989]],[[-90.3438,33.3091],[-90.3632,33.2764],[-90.3348,33.3068],[-90.3307,33.1353],[-90.3217,33.311],[-90.3438,33.3091]],[[-90.4228,33.1109],[-90.373,33.0841],[-90.4196,33.116],[-90.4228,33.1109]],[[-90.4254,33.0546],[-90.4269,33.1045],[-90.4317,33.0969],[-90.4254,33.0546]],[[-90.3741,33.0164],[-90.3838,33.0476],[-90.3819,33.0215],[-90.3741,33.0164]],[[-90.3512,33.0189],[-90.3704,33.014],[-90.364,33.0099],[-90.3512,33.0189]],[[-90.692,32.7637],[-90.6898,32.7659],[-90.7154,32.7899],[-90.692,32.7637]],[[-90.7391,32.7276],[-90.7358,32.7562],[-90.7426,32.7292],[-90.7391,32.7276]],[[-90.6745,32.6742],[-90.6638,32.686],[-90.6723,32.6903],[-90.6745,32.6742]],[[-90.6799,32.6684],[-90.708,32.6903],[-90.6842,32.6637],[-90.6799,32.6684]],[[-90.285,33.3244],[-90.2796,33.3395],[-90.2828,33.3422],[-90.285,33.3244]],[[-90.2938,33.3135],[-90.2895,33.3117],[-90.2888,33.3139],[-90.2938,33.3135]],[[-90.657,33.9876],[-90.6592,33.9876],[-90.6586,33.6163],[-90.657,33.9876]],[[-89.3408,30.9099],[-89.3409,30.9147],[-89.3414,30.6477],[-89.3408,30.9099]],[[-89.3423,31.0012],[-89.3479,31.3467],[-89.349,31.0104],[-89.4248,31.0101],[-89.3423,31.0012]],[[-89.653,31.7811],[-89.6544,32.0137],[-89.6621,32.0472],[-89.653,31.7811]],[[-88.7354,34.5965],[-88.7178,34.5965],[-89.2456,34.5976],[-88.7354,34.5965]],[[-88.7367,34.4947],[-88.7365,34.5089],[-88.7354,34.5965],[-88.7367,34.4947]],[[-89.2461,34.4611],[-89.2457,34.577],[-89.2461,34.4956],[-89.2461,34.4611]],[[-89.2444,34.0739],[-89.2457,34.2789],[-89.2455,34.1612],[-89.2444,34.0739]],[[-89.2444,34.0739],[-88.719,34.0745],[-88.7196,33.6803],[-88.7187,34.0803],[-89.2444,34.0739]],[[-89.0345,33.7394],[-89.0187,33.5626],[-89.0187,33.5626],[-89.0343,33.7481],[-89.1916,33.7386],[-89.0345,33.7394]],[[-89.0883,33.286],[-89.0883,33.562],[-89.0884,33.5332],[-89.0883,33.286]],[[-89.1089,33.2859],[-88.8131,33.2864],[-88.694,33.2869],[-89.0883,33.286],[-89.1089,33.2859]],[[-88.8815,32.9267],[-89.3192,32.9317],[-88.9144,32.9266],[-88.8815,32.9267]],[[-89.7015,33.2854],[-89.3164,33.2856],[-89.4538,33.2859],[-89.7015,33.2854]],[[-89.7869,33.6767],[-89.507,33.6776],[-90.1264,33.677],[-89.7869,33.6767]],[[-89.5065,33.4598],[-89.3811,33.4603],[-89.4177,33.4325],[-89.2615,33.5186],[-89.3753,33.4615],[-89.5065,33.4598]],[[-88.5242,33.5509],[-88.4737,33.5238],[-88.4771,33.5295],[-88.5242,33.5509]],[[-88.7185,34.7568],[-88.3655,34.7556],[-88.7531,34.757],[-88.7185,34.7568]],[[-88.3307,34.7407],[-88.3483,34.7483],[-88.3483,34.7409],[-88.3307,34.7407]]],[[[-89.0657,30.2457],[-89.0851,30.2132],[-89.1311,30.231],[-89.078,30.2294],[-89.0657,30.2457]]],[[[-88.4144,30.2036],[-88.4935,30.2059],[-88.505,30.2157],[-88.4144,30.2036]]],[[[-88.9595,30.2085],[-88.9804,30.2105],[-88.9539,30.2136],[-88.9595,30.2085]]],[[[-88.5973,30.2216],[-88.7645,30.2438],[-88.7153,30.2523],[-88.5973,30.2216]]],[[[-88.8742,30.2481],[-88.8729,30.2464],[-88.898,30.2299],[-88.8742,30.2481]]],[[[-88.5682,30.3322],[-88.5826,30.3313],[-88.5698,30.3406],[-88.5682,30.3322]]],[[[-88.82,30.3607],[-88.8668,30.383],[-88.8299,30.3716],[-88.82,30.3607]]]]}},{"type":"Feature","properties":{"StateFIPS":"55","state":"Wisconsin"},"geometry":{"type":"MultiPolygon","coordinates":[[[[-90.7092,42.6361],[-90.9524,42.6868],[-91.0513,42.737],[-91.0787,42.8277],[-91.0941,42.8308],[-91.1006,42.8831],[-91.1462,42.9098],[-91.1795,43.0674],[-91.1779,43.1289],[-91.0579,43.254],[-91.1072,43.3136],[-91.2066,43.3525],[-91.2056,43.4229],[-91.2334,43.4552],[-91.2174,43.5125],[-91.2432,43.5403],[-91.2319,43.5818],[-91.2687,43.6153],[-91.2727,43.6766],[-91.2441,43.7747],[-91.2777,43.8377],[-91.4405,44.0015],[-91.5656,44.0363],[-91.559,44.0253],[-91.6447,44.0628],[-91.7075,44.1039],[-91.7191,44.1289],[-91.8752,44.2006],[-91.8957,44.273],[-91.9246,44.2918],[-91.9135,44.3114],[-91.9256,44.3335],[-91.9703,44.3658],[-92.2325,44.4454],[-92.291,44.4855],[-92.3162,44.541],[-92.3476,44.5571],[-92.55,44.569],[-92.5694,44.6035],[-92.6215,44.615],[-92.6321,44.649],[-92.808,44.7515],[-92.7661,44.835],[-92.7731,44.9014],[-92.7506,44.9373],[-92.7694,44.9721],[-92.7621,45.0243],[-92.8029,45.0654],[-92.7395,45.1165],[-92.7671,45.1879],[-92.7619,45.2849],[-92.7048,45.3265],[-92.7027,45.3585],[-92.6504,45.3985],[-92.6466,45.4416],[-92.7267,45.5145],[-92.7261,45.5411],[-92.7702,45.5669],[-92.8837,45.5755],[-92.8871,45.6441],[-92.8692,45.7176],[-92.7846,45.7642],[-92.7578,45.8066],[-92.7617,45.8339],[-92.7211,45.8838],[-92.6595,45.9229],[-92.5519,45.9517],[-92.5305,45.9819],[-92.4645,45.9763],[-92.4207,46.0268],[-92.3518,46.0157],[-92.3353,46.0594],[-92.294,46.0744],[-92.2922,46.6639],[-92.2706,46.6507],[-92.2023,46.655],[-92.1761,46.6863],[-92.2052,46.6983],[-92.1891,46.7175],[-92.1463,46.7159],[-92.1379,46.7395],[-92.0895,46.7492],[-92.034,46.7089],[-91.943,46.6799],[-91.7901,46.6947],[-91.3656,46.795],[-91.3148,46.8268],[-91.2567,46.8369],[-91.1866,46.8857],[-91.2044,46.8588],[-91.1783,46.8443],[-91.1402,46.8732],[-91.1349,46.859],[-91.1055,46.8576],[-91.0909,46.8827],[-91.053,46.8813],[-90.9738,46.9413],[-90.9218,46.9313],[-90.8639,46.9627],[-90.8317,46.9539],[-90.8249,46.9325],[-90.7921,46.9338],[-90.7547,46.8849],[-90.7766,46.8848],[-90.7993,46.8232],[-90.885,46.7563],[-90.8538,46.6935],[-90.9116,46.6634],[-90.9218,46.6278],[-90.9516,46.601],[-90.9271,46.5852],[-90.7702,46.6361],[-90.7376,46.6553],[-90.7609,46.6604],[-90.7481,46.6698],[-90.6935,46.6617],[-90.7328,46.6901],[-90.5497,46.5839],[-90.5059,46.5896],[-90.4181,46.5661],[-90.3933,46.5326],[-90.3319,46.5533],[-90.3109,46.5394],[-90.3139,46.5162],[-90.2771,46.5245],[-90.2653,46.5038],[-90.2316,46.5098],[-90.1634,46.4346],[-90.1188,46.3592],[-90.1205,46.3369],[-89.0916,46.1385],[-88.8135,46.0207],[-88.7962,46.0337],[-88.7792,46.0319],[-88.7821,46.0166],[-88.74,46.0273],[-88.6833,46.0141],[-88.6634,45.9877],[-88.6131,45.9906],[-88.604,46.0162],[-88.589,46.0051],[-88.5095,46.0192],[-88.4925,45.9922],[-88.4587,45.9994],[-88.4169,45.9753],[-88.3802,45.9917],[-88.327,45.9551],[-88.2457,45.9627],[-88.2331,45.9474],[-88.1898,45.9522],[-88.1029,45.9219],[-88.1018,45.8835],[-88.0711,45.8746],[-88.1361,45.819],[-88.094,45.7857],[-87.9934,45.7956],[-87.9898,45.7729],[-87.9635,45.7582],[-87.8798,45.7548],[-87.8555,45.7269],[-87.8059,45.7068],[-87.7816,45.6733],[-87.8232,45.6627],[-87.8241,45.6471],[-87.7808,45.6146],[-87.7772,45.5885],[-87.7924,45.5631],[-87.8336,45.5625],[-87.8034,45.5383],[-87.7928,45.5],[-87.813,45.4642],[-87.8617,45.4345],[-87.851,45.4019],[-87.8881,45.3547],[-87.8702,45.3664],[-87.8484,45.3407],[-87.8326,45.3522],[-87.7541,45.3494],[-87.694,45.3899],[-87.6566,45.3673],[-87.6481,45.3394],[-87.7417,45.1982],[-87.7365,45.1734],[-87.6839,45.1441],[-87.6612,45.1083],[-87.5874,45.0871],[-87.6257,45.0452],[-87.6289,44.9867],[-87.7624,44.9666],[-87.8393,44.9328],[-87.831,44.8926],[-87.8666,44.8427],[-87.9024,44.8278],[-87.9343,44.7657],[-87.9826,44.7218],[-87.9879,44.6776],[-88.0027,44.6773],[-88.0151,44.6349],[-88.0149,44.5855],[-88.0498,44.5648],[-87.9551,44.5289],[-87.929,44.536],[-87.8989,44.5741],[-87.9101,44.5804],[-87.864,44.6155],[-87.7624,44.6445],[-87.7474,44.668],[-87.3751,44.6754],[-87.4681,44.5519],[-87.543,44.3275],[-87.5074,44.2108],[-87.5399,44.1597],[-87.6481,44.1037],[-87.6561,44.0518],[-87.6837,44.0202],[-87.7316,43.8922],[-87.7264,43.8104],[-87.6961,43.7631],[-87.7102,43.7371],[-87.7027,43.6876],[-87.7919,43.543],[-88.4004,43.5435],[-88.401,43.6309],[-88.8861,43.6335],[-89.2454,43.6431],[-89.7849,43.6411],[-89.0068,43.633],[-89.0136,42.8476],[-89.369,42.845],[-88.7771,42.8427],[-87.8271,42.8422],[-87.7579,42.7821],[-87.7782,42.7628],[-87.778,42.7189],[-87.8197,42.6158],[-87.8021,42.4926],[-88.7766,42.492],[-90.6428,42.5085],[-90.644,42.5399],[-90.7092,42.6361]],[[-92.0217,44.5865],[-92.0292,44.5863],[-92.0836,44.4072],[-92.0217,44.5865]],[[-88.8857,43.8952],[-88.8867,44.2426],[-88.8861,43.6335],[-88.8857,43.8952]],[[-88.6982,44.2432],[-88.7398,44.2433],[-89.0562,44.2434],[-88.8867,44.2426],[-88.6982,44.2432]],[[-89.5979,43.9821],[-89.598,44.2457],[-89.5995,43.6426],[-89.5979,43.9821]],[[-89.3921,44.2448],[-89.7247,44.2477],[-89.7621,44.2477],[-89.598,44.2457],[-89.3921,44.2448]],[[-90.3116,43.641],[-89.7858,43.641],[-89.7633,43.6039],[-89.7849,43.6411],[-90.3116,43.641]],[[-89.8382,42.8574],[-89.8381,43.2061],[-89.8376,42.5055],[-89.8382,42.8574]],[[-89.8054,43.2389],[-89.8499,43.2029],[-89.8381,43.2061],[-89.8054,43.2389]],[[-90.4269,42.8129],[-90.4298,43.2005],[-90.4264,42.5071],[-90.4269,42.8129]],[[-90.044,45.9818],[-90.0432,45.7027],[-90.0429,45.8973],[-90.044,45.9818]],[[-90.3126,44.1643],[-90.3127,44.2487],[-90.3137,44.2487],[-90.3126,44.1643]],[[-90.1938,43.1645],[-90.2843,43.2015],[-90.1833,43.1571],[-90.1938,43.1645]],[[-90.0621,43.146],[-90.0584,43.1489],[-90.0879,43.1624],[-90.0621,43.146]],[[-90.0001,43.1946],[-90.0486,43.1669],[-90.0516,43.1542],[-90.0001,43.1946]],[[-89.9039,43.1881],[-89.8771,43.1955],[-90.0001,43.1946],[-89.9039,43.1881]],[[-90.6787,45.6383],[-90.6788,45.3801],[-90.677,45.9813],[-90.6787,45.6383]],[[-90.9234,45.0186],[-90.9234,45.0311],[-90.9253,45.3793],[-90.9252,45.2921],[-90.9234,45.0186]],[[-91.1518,44.071],[-91.1521,44.0797],[-91.1617,44.0813],[-91.1518,44.071]],[[-91.5422,45.2065],[-91.5413,45.2922],[-91.5403,45.6376],[-91.5422,45.2065]],[[-92.0314,45.6399],[-92.1548,45.6397],[-91.5403,45.6376],[-92.0314,45.6399]],[[-91.742,44.5941],[-91.5291,44.5962],[-91.3816,44.5965],[-91.6502,44.5966],[-91.742,44.5941]],[[-91.6505,44.856],[-91.6515,45.1204],[-91.6502,44.5966],[-91.6505,44.856]],[[-90.9428,43.0591],[-90.937,43.0624],[-90.9401,43.0619],[-90.9428,43.0591]],[[-91.5343,44.0959],[-91.5708,44.0449],[-91.5688,44.0416],[-91.5343,44.0959]],[[-92.1354,44.5396],[-92.1352,44.6844],[-92.1361,45.1214],[-92.1363,44.8578],[-92.1354,44.5396]],[[-90.3355,43.2097],[-90.42,43.2015],[-90.3199,43.2072],[-90.3355,43.2097]],[[-89.0465,45.4656],[-89.0478,45.9823],[-89.0476,45.8954],[-89.0465,45.4656]],[[-88.3058,45.3745],[-88.4281,45.377],[-88.5688,45.3775],[-88.3058,45.3745]],[[-88.4837,45.1169],[-88.6412,45.1173],[-88.9825,45.118],[-88.4837,45.1169]],[[-88.2482,44.8527],[-88.4891,44.8554],[-88.7362,44.8564],[-88.2482,44.8527]],[[-88.2452,44.5872],[-88.2328,44.6795],[-88.247,44.7428],[-88.2452,44.5872]],[[-88.7368,44.5906],[-88.5151,44.5891],[-88.6061,44.5905],[-88.7368,44.5906]],[[-90.0068,44.1192],[-90.0103,44.1188],[-90.0048,44.1027],[-90.0068,44.1192]],[[-90.0235,44.096],[-90.0238,44.0929],[-90.0048,44.1027],[-90.0235,44.096]],[[-90.0242,44.0874],[-90.0254,44.0732],[-89.999,44.024],[-90.0242,44.0874]],[[-90.0059,44.0084],[-89.9658,43.985],[-89.9682,43.9916],[-90.0059,44.0084]],[[-89.9608,43.9708],[-89.9512,43.9266],[-89.9553,43.9553],[-89.9608,43.9708]],[[-89.2242,45.1186],[-89.2237,44.6814],[-89.2238,45.0292],[-89.2242,45.1186]],[[-89.426,45.1191],[-89.807,45.1198],[-89.2242,45.1186],[-89.426,45.1191]],[[-89.4248,45.4672],[-89.4283,45.5554],[-89.426,45.1191],[-89.4248,45.4672]],[[-88.0978,44.2415],[-88.0432,44.241],[-87.8881,44.2405],[-88.0978,44.2415]]],[[[-90.7752,46.7209],[-90.8061,46.7303],[-90.7844,46.7294],[-90.7752,46.7209]]],[[[-90.7975,46.9795],[-90.7908,46.9704],[-90.8057,46.9718],[-90.7975,46.9795]]],[[[-90.8513,46.9854],[-90.8597,46.9764],[-90.8712,46.9869],[-90.8513,46.9854]]],[[[-90.9238,46.9879],[-90.932,46.9631],[-90.9658,46.9622],[-90.9831,46.9822],[-90.9375,47.0031],[-90.9238,46.9879]]],[[[-90.7402,47.01],[-90.7659,47.0021],[-90.7749,47.0245],[-90.7589,47.0347],[-90.7402,47.01]]],[[[-90.7165,46.7854],[-90.7879,46.7528],[-90.7916,46.785],[-90.733,46.8002],[-90.6165,46.8745],[-90.5689,46.8473],[-90.6738,46.8197],[-90.6572,46.7888],[-90.7165,46.7854]]],[[[-90.7205,46.8657],[-90.744,46.8376],[-90.7632,46.8333],[-90.736,46.8728],[-90.7205,46.8657]]],[[[-90.4756,46.8751],[-90.5145,46.8775],[-90.4513,46.8989],[-90.4756,46.8751]]],[[[-90.6897,46.879],[-90.7027,46.887],[-90.6674,46.8914],[-90.6897,46.879]]],[[[-90.5397,46.9102],[-90.5685,46.9251],[-90.6391,46.9065],[-90.6543,46.9223],[-90.6371,46.9419],[-90.5288,46.9685],[-90.5086,46.9577],[-90.5455,46.9316],[-90.5397,46.9102]]],[[[-90.7156,46.9584],[-90.689,46.9175],[-90.7367,46.9134],[-90.7653,46.947],[-90.7405,46.9642],[-90.7156,46.9584]]],[[[-90.6612,46.9532],[-90.6784,46.9564],[-90.6341,46.9796],[-90.6612,46.9532]]],[[[-90.6692,47.0001],[-90.6948,46.9829],[-90.7118,46.9876],[-90.6966,47.0085],[-90.6692,47.0001]]],[[[-90.6174,46.9894],[-90.625,47.004],[-90.606,47.007],[-90.6032,46.9954],[-90.6174,46.9894]]],[[[-90.5465,47.0177],[-90.5636,46.9972],[-90.5755,47.0339],[-90.5641,47.0405],[-90.5465,47.0177]]],[[[-90.6371,47.0364],[-90.6445,47.0253],[-90.645,47.0402],[-90.6371,47.0364]]],[[[-90.6504,47.0547],[-90.6803,47.0189],[-90.6887,47.0432],[-90.6504,47.0547]]],[[[-90.4141,47.0137],[-90.4653,47.0028],[-90.4483,47.0653],[-90.3951,47.077],[-90.4141,47.0137]]],[[[-90.5836,47.073],[-90.5894,47.0589],[-90.5896,47.0724],[-90.5836,47.073]]],[[[-90.7208,47.0733],[-90.73,47.0656],[-90.7309,47.08],[-90.7208,47.0733]]],[[[-88.401,43.6309],[-88.418,43.1951],[-88.4004,43.5435],[-88.0405,43.5424],[-87.7919,43.543],[-87.7917,43.4922],[-87.8696,43.3872],[-87.9118,43.2504],[-87.8921,43.192],[-88.0634,43.1921],[-87.8876,43.1866],[-87.9005,43.1259],[-87.8638,43.0706],[-87.8987,43.0257],[-87.845,42.9611],[-87.8465,42.8841],[-87.8271,42.8422],[-89.0136,42.8476],[-89.0088,43.1977],[-89.0068,43.633],[-88.401,43.6309]]],[[[-87.9813,44.5867],[-87.9849,44.5973],[-87.9832,44.6002],[-87.9813,44.5867]]],[[[-87.9879,44.6776],[-87.9787,44.6551],[-87.9819,44.6547],[-87.9879,44.6776]]],[[[-87.5661,44.8304],[-87.5537,44.8245],[-87.5313,44.8578],[-87.5038,44.8547],[-87.5169,44.8729],[-87.4856,44.8546],[-87.4331,44.8927],[-87.4191,44.8854],[-87.4386,44.881],[-87.3855,44.8311],[-87.3836,44.8851],[-87.405,44.9118],[-87.3214,45.0382],[-87.2988,45.0537],[-87.2841,45.0465],[-87.2574,45.1216],[-87.2394,45.1281],[-87.2377,45.1682],[-87.2231,45.1746],[-87.1786,45.1484],[-87.1672,45.1836],[-87.12,45.1911],[-87.1087,45.257],[-87.0775,45.2527],[-87.0674,45.2958],[-87.0439,45.2848],[-86.9834,45.2954],[-86.9704,45.2785],[-86.9844,45.2644],[-86.9735,45.2458],[-86.9854,45.2158],[-87.0395,45.2274],[-87.0458,45.1587],[-87.0299,45.1454],[-87.0505,45.1367],[-87.0661,45.1574],[-87.085,45.1449],[-87.051,45.1162],[-87.048,45.0878],[-87.068,45.0796],[-87.0939,45.0934],[-87.0797,45.0594],[-87.1235,45.0671],[-87.1394,45.0126],[-87.1635,45.0049],[-87.1894,44.9686],[-87.1717,44.9315],[-87.216,44.9066],[-87.2045,44.8756],[-87.2615,44.851],[-87.3185,44.7885],[-87.3751,44.6754],[-87.7361,44.677],[-87.7176,44.698],[-87.7209,44.7245],[-87.6149,44.835],[-87.552,44.8521],[-87.5661,44.8304]]],[[[-87.5051,45.0598],[-87.4972,45.0611],[-87.4928,45.0557],[-87.5051,45.0598]]],[[[-87.3348,45.1608],[-87.3775,45.1839],[-87.3752,45.1982],[-87.3323,45.2064],[-87.3348,45.1608]]],[[[-86.9442,45.3006],[-86.9572,45.3048],[-86.9476,45.3123],[-86.9442,45.3006]]],[[[-86.9032,45.3331],[-86.8971,45.2961],[-86.9562,45.352],[-86.9374,45.421],[-86.9235,45.3973],[-86.8775,45.414],[-86.8379,45.3937],[-86.8642,45.3651],[-86.8665,45.3357],[-86.9032,45.3331]]],[[[-86.8296,45.4059],[-86.8309,45.426],[-86.8101,45.4226],[-86.8054,45.4073],[-86.8296,45.4059]]]]}},{"type":"Feature","properties":{"StateFIPS":"25","state":"Massachusetts"},"geometry":{"type":"MultiPolygon","coordinates":[[[[-70.9492,41.4158],[-70.9275,41.4318],[-70.9191,41.4234],[-70.9372,41.4121],[-70.9492,41.4158]]],[[[-70.8597,41.6241],[-70.8432,41.5966],[-70.8567,41.5837],[-70.8684,41.6227],[-70.8888,41.6328],[-70.9132,41.6193],[-70.8986,41.5927],[-70.9305,41.6133],[-70.9313,41.5842],[-70.9502,41.5846],[-70.9285,41.5398],[-70.9566,41.5155],[-70.9614,41.5297],[-70.9801,41.5276],[-70.984,41.5089],[-71.0355,41.499],[-71.0384,41.4811],[-71.041,41.4975],[-71.0707,41.5089],[-71.1206,41.4974],[-71.1415,41.6161],[-71.1329,41.6601],[-71.1956,41.6751],[-71.2614,41.7523],[-71.3279,41.7805],[-71.3472,41.8231],[-71.3352,41.8355],[-71.3387,41.8984],[-71.3817,41.8932],[-71.3814,42.0188],[-71.7992,42.0081],[-71.8007,42.0236],[-72.7558,42.0362],[-72.7667,42.003],[-72.8167,41.9976],[-72.8135,42.0365],[-73.4969,42.0497],[-73.5081,42.0863],[-73.265,42.7459],[-71.2942,42.697],[-71.2552,42.7366],[-71.1818,42.7376],[-71.1861,42.7907],[-71.1497,42.8155],[-71.0642,42.8063],[-71.0312,42.8591],[-70.9028,42.8865],[-70.8486,42.8609],[-70.8173,42.8723],[-70.7761,42.6913],[-70.6846,42.6518],[-70.6301,42.6927],[-70.6239,42.6616],[-70.5986,42.6599],[-70.5915,42.6398],[-70.6322,42.6168],[-70.6547,42.5822],[-70.666,42.5841],[-70.6589,42.6035],[-70.6767,42.6075],[-70.7103,42.5726],[-70.8752,42.5443],[-70.8826,42.5349],[-70.8642,42.5334],[-70.8864,42.5086],[-70.8421,42.5195],[-70.8533,42.493],[-70.8338,42.5059],[-70.836,42.4905],[-70.935,42.4579],[-70.9334,42.4334],[-70.9029,42.4201],[-70.9364,42.4181],[-70.939,42.457],[-70.9972,42.4311],[-70.9597,42.4407],[-70.9906,42.4071],[-70.9686,42.3901],[-70.953,42.344],[-70.9728,42.3719],[-71.0002,42.3724],[-70.9853,42.3583],[-71.0078,42.3471],[-71.0506,42.3729],[-71.0497,42.3566],[-71.0102,42.3376],[-71.0476,42.3281],[-71.0328,42.3135],[-71.0476,42.3034],[-71.0416,42.2781],[-71.0368,42.3014],[-71.0052,42.3006],[-71.0223,42.2882],[-70.996,42.2668],[-70.9493,42.2742],[-70.9658,42.2578],[-70.9595,42.2453],[-70.9259,42.2692],[-70.8778,42.2484],[-70.9021,42.2804],[-70.8783,42.2783],[-70.8873,42.2977],[-70.9239,42.305],[-70.8827,42.3104],[-70.8618,42.276],[-70.7815,42.2487],[-70.7845,42.2386],[-70.7663,42.2547],[-70.7472,42.2218],[-70.713,42.2044],[-70.7143,42.1688],[-70.6402,42.0886],[-70.6432,42.0508],[-70.5979,42.0045],[-70.6391,41.9939],[-70.6397,42.0108],[-70.6142,42.0111],[-70.6509,42.0462],[-70.6694,42.0371],[-70.6709,42.0078],[-70.6958,42.0133],[-70.71,41.9995],[-70.6468,41.9493],[-70.6303,41.947],[-70.6494,41.9786],[-70.6239,41.9431],[-70.5836,41.95],[-70.544,41.9263],[-70.5256,41.8587],[-70.5373,41.8109],[-70.4716,41.7616],[-70.2744,41.7235],[-70.3942,41.73],[-70.3421,41.7014],[-70.2502,41.7077],[-70.2161,41.743],[-70.0643,41.7728],[-70.0085,41.8008],[-70.0002,41.8869],[-70.0242,41.8963],[-70.0134,41.906],[-70.0274,41.9293],[-70.045,41.93],[-70.0616,41.9235],[-70.069,41.8849],[-70.0896,42.0249],[-70.1554,42.0624],[-70.2059,42.0327],[-70.171,42.028],[-70.1963,42.022],[-70.2454,42.0637],[-70.2069,42.0819],[-70.116,42.0676],[-70.0335,42.0177],[-69.9686,41.9117],[-69.9287,41.7412],[-69.9337,41.6786],[-69.9578,41.6204],[-69.9832,41.6083],[-69.9977,41.5423],[-70.0136,41.551],[-69.9705,41.6455],[-70.0142,41.672],[-70.1952,41.6479],[-70.2654,41.6093],[-70.2813,41.6351],[-70.3516,41.6347],[-70.3792,41.6114],[-70.4372,41.6053],[-70.4856,41.5542],[-70.6336,41.5383],[-70.6566,41.5148],[-70.6878,41.5242],[-70.6409,41.5773],[-70.6507,41.6461],[-70.6205,41.6573],[-70.6538,41.6671],[-70.6327,41.6756],[-70.6577,41.6844],[-70.6208,41.7005],[-70.6431,41.7176],[-70.6208,41.7475],[-70.6741,41.6914],[-70.6566,41.7154],[-70.7263,41.7327],[-70.715,41.681],[-70.7553,41.6943],[-70.7434,41.6747],[-70.7638,41.6769],[-70.7571,41.6529],[-70.7693,41.6411],[-70.8216,41.6548],[-70.8002,41.6318],[-70.8597,41.6241]],[[-71.0229,42.4411],[-71.0193,42.4488],[-71.0542,42.4769],[-71.0229,42.4411]],[[-71.1219,42.0803],[-71.0805,42.0955],[-70.9249,42.1576],[-71.1219,42.0803]],[[-71.4782,42.1568],[-71.4785,42.1314],[-71.4781,42.1568],[-71.4782,42.1568]],[[-71.2529,42.3268],[-71.259,42.3257],[-71.2479,42.3232],[-71.2529,42.3268]],[[-72.2105,42.2472],[-72.2215,42.2449],[-72.2336,42.2275],[-72.2105,42.2472]],[[-71.1229,42.3519],[-71.1789,42.3143],[-71.1124,42.347],[-71.1229,42.3519]],[[-71.1647,42.3038],[-71.1647,42.3038],[-71.1789,42.3143],[-71.1647,42.3038]],[[-71.078,42.3587],[-71.0671,42.3718],[-71.0754,42.3775],[-71.078,42.3587]],[[-71.0745,42.3843],[-71.0645,42.3895],[-71.0735,42.3918],[-71.0745,42.3843]],[[-71.0477,42.3983],[-71.0406,42.402],[-71.0316,42.4219],[-71.0477,42.3983]],[[-71.1099,42.3459],[-71.1456,42.3025],[-71.1055,42.3438],[-71.1099,42.3459]],[[-72.3258,42.3279],[-72.2842,42.352],[-72.3143,42.3437],[-72.3141,42.387],[-72.3258,42.3279]],[[-72.3108,42.4036],[-72.2833,42.4412],[-72.3086,42.4147],[-72.3108,42.4036]],[[-73.0685,42.3807],[-73.0629,42.329],[-73.0654,42.3807],[-73.0685,42.3807]],[[-73.0313,42.3093],[-73.0198,42.3105],[-73.0629,42.329],[-73.0313,42.3093]]],[[[-70.9353,42.3021],[-70.9373,42.2849],[-70.9511,42.2897],[-70.9353,42.3021]]],[[[-71.0115,42.3093],[-71.0064,42.3209],[-71.0033,42.3195],[-71.0115,42.3093]]],[[[-70.9573,42.3317],[-70.9657,42.3135],[-70.9774,42.3123],[-70.9573,42.3317]]],[[[-70.9888,42.3192],[-70.9892,42.3283],[-70.9831,42.3272],[-70.9888,42.3192]]],[[[-70.832,41.2595],[-70.8142,41.2623],[-70.8016,41.2584],[-70.8042,41.2495],[-70.832,41.2595]]],[[[-70.2466,41.3062],[-70.2427,41.2892],[-70.2773,41.3105],[-70.2466,41.3062]]],[[[-70.0204,41.369],[-69.9602,41.2645],[-70.0016,41.2399],[-70.1005,41.2406],[-70.2371,41.2851],[-70.2017,41.2765],[-70.1991,41.2962],[-70.0626,41.3087],[-70.0244,41.3606],[-70.0491,41.3917],[-70.0204,41.369]]],[[[-70.307,41.3324],[-70.292,41.3378],[-70.2909,41.3337],[-70.307,41.3324]]],[[[-70.5633,41.4691],[-70.5476,41.4158],[-70.5013,41.3854],[-70.4525,41.4214],[-70.4522,41.3498],[-70.7098,41.3417],[-70.7757,41.301],[-70.8388,41.3472],[-70.775,41.3492],[-70.701,41.434],[-70.6036,41.4824],[-70.5991,41.4554],[-70.5633,41.4691]]],[[[-70.8571,41.4503],[-70.8486,41.4328],[-70.9036,41.4308],[-70.8571,41.4503]]],[[[-70.8404,41.4529],[-70.8083,41.4495],[-70.8309,41.4413],[-70.8404,41.4529]]],[[[-70.9203,41.4489],[-70.9207,41.4546],[-70.9152,41.451],[-70.9203,41.4489]]],[[[-70.8071,41.4586],[-70.7102,41.5189],[-70.6747,41.5123],[-70.7567,41.4791],[-70.7904,41.4465],[-70.8071,41.4586]]],[[[-70.8351,41.5909],[-70.824,41.5996],[-70.8231,41.5829],[-70.8351,41.5909]]],[[[-70.9314,42.3283],[-70.9287,42.3323],[-70.9231,42.327],[-70.9314,42.3283]]]]}},{"type":"Feature","properties":{"StateFIPS":"33","state":"New Hampshire"},"geometry":{"type":"Polygon","coordinates":[[[-72.5131,42.7638],[-72.5089,42.7799],[-72.5396,42.8048],[-72.5554,42.8754],[-72.5253,42.9144],[-72.5322,42.9549],[-72.4738,42.972],[-72.4438,43.0062],[-72.4674,43.0526],[-72.4352,43.0866],[-72.4521,43.1613],[-72.4321,43.1598],[-72.4526,43.1721],[-72.4387,43.2529],[-72.3955,43.313],[-72.4104,43.3317],[-72.3909,43.355],[-72.416,43.3765],[-72.3817,43.4801],[-72.3986,43.5134],[-72.3734,43.5797],[-72.3297,43.6002],[-72.2996,43.7063],[-72.2051,43.7713],[-72.1848,43.8047],[-72.1828,43.8655],[-72.0914,43.9655],[-72.1147,43.9683],[-72.117,43.9945],[-72.0525,44.0767],[-72.0318,44.0785],[-72.0444,44.086],[-72.0309,44.0997],[-72.0551,44.1104],[-72.0334,44.1311],[-72.0662,44.1898],[-72.0479,44.2385],[-72.0684,44.2713],[-72.0291,44.3224],[-71.8124,44.3573],[-71.8024,44.3934],[-71.7022,44.4138],[-71.6597,44.4415],[-71.6328,44.4839],[-71.5768,44.5041],[-71.5943,44.5217],[-71.5719,44.537],[-71.5961,44.5609],[-71.559,44.5644],[-71.5372,44.5853],[-71.5604,44.5998],[-71.5521,44.6301],[-71.5628,44.6524],[-71.5857,44.6579],[-71.6319,44.7525],[-71.5713,44.7933],[-71.5769,44.8152],[-71.5506,44.8385],[-71.5497,44.8615],[-71.496,44.9089],[-71.5386,44.9873],[-71.4646,45.0136],[-71.5011,45.0133],[-71.4984,45.0696],[-71.4288,45.1239],[-71.4332,45.1492],[-71.3978,45.2036],[-71.4439,45.2371],[-71.3856,45.2332],[-71.3573,45.2533],[-71.3607,45.2698],[-71.2837,45.302],[-71.228,45.2497],[-71.134,45.2442],[-71.0839,45.3055],[-70.9727,43.5703],[-70.9508,43.551],[-70.9742,43.4774],[-70.9612,43.4383],[-70.9868,43.4143],[-70.986,43.38],[-70.9565,43.3347],[-70.9327,43.3368],[-70.9023,43.3049],[-70.9074,43.2936],[-70.8179,43.2379],[-70.8097,43.2246],[-70.8338,43.1469],[-70.82,43.1226],[-70.7564,43.08],[-70.7065,43.0753],[-70.7038,43.0598],[-70.794,42.9399],[-70.8173,42.8723],[-70.8486,42.8609],[-70.8861,42.8826],[-70.9308,42.8846],[-71.0312,42.8591],[-71.0642,42.8063],[-71.1497,42.8155],[-71.1861,42.7907],[-71.1818,42.7376],[-71.351,42.7722],[-71.2455,42.7426],[-71.2942,42.697],[-72.4585,42.7269],[-72.4911,42.7725],[-72.5131,42.7638]],[[-72.0341,43.1287],[-72.0622,42.9448],[-72.0235,43.1601],[-72.0341,43.1287]],[[-71.8492,43.6112],[-71.9353,43.5289],[-72.0114,43.4369],[-71.8492,43.6112]],[[-71.7404,43.5651],[-71.761,43.5677],[-71.8179,43.5442],[-71.7404,43.5651]],[[-71.7271,43.5634],[-71.7157,43.5779],[-71.7273,43.5637],[-71.7271,43.5634]],[[-71.6773,43.5005],[-71.6887,43.5293],[-71.7186,43.5527],[-71.6773,43.5005]],[[-70.8754,43.0804],[-70.8548,43.124],[-70.8624,43.1244],[-70.8754,43.0804]],[[-71.5646,43.8932],[-71.5215,43.698],[-71.5317,43.761],[-71.5646,43.8932]],[[-71.4621,44.2532],[-71.4697,44.2599],[-71.489,44.259],[-71.4621,44.2532]]]}},{"type":"Feature","properties":{"StateFIPS":"18","state":"Indiana"},"geometry":{"type":"Polygon","coordinates":[[[-86.9179,37.9372],[-87.0342,37.9063],[-87.0697,37.8015],[-87.1186,37.7828],[-87.1647,37.8414],[-87.2203,37.8491],[-87.3854,37.9377],[-87.4512,37.9411],[-87.5115,37.9064],[-87.5621,37.9333],[-87.5757,37.9678],[-87.5962,37.9749],[-87.6279,37.9223],[-87.5839,37.8725],[-87.625,37.8291],[-87.6724,37.8291],[-87.6816,37.8559],[-87.6668,37.8958],[-87.8298,37.8764],[-87.8725,37.921],[-87.9048,37.9249],[-87.941,37.8792],[-87.9103,37.8434],[-87.9068,37.8076],[-87.9526,37.7717],[-87.9971,37.7977],[-88.0376,37.8099],[-88.0677,37.8006],[-88.09,37.8168],[-88.0809,37.8309],[-88.0438,37.8215],[-88.0259,37.8327],[-88.065,37.8532],[-88.0979,37.9015],[-88.0152,37.8908],[-88.0225,37.9148],[-88.0696,37.9268],[-88.0353,37.9255],[-88.0368,37.9568],[-88.0129,37.9665],[-88.0258,38.0072],[-88.0089,38.0319],[-88.0421,38.0463],[-87.9672,38.0671],[-87.9605,38.0991],[-88.0047,38.084],[-88.0131,38.1035],[-87.9753,38.1101],[-87.9658,38.1326],[-87.9455,38.1266],[-87.9114,38.1617],[-87.9229,38.1733],[-87.9353,38.1587],[-87.984,38.2091],[-87.9877,38.2569],[-87.9602,38.2371],[-87.9336,38.2959],[-87.9095,38.2961],[-87.9111,38.268],[-87.8705,38.3122],[-87.863,38.2802],[-87.8435,38.2782],[-87.8234,38.346],[-87.7437,38.4144],[-87.732,38.4508],[-87.7554,38.464],[-87.6724,38.5074],[-87.6501,38.5046],[-87.6701,38.5452],[-87.6348,38.5927],[-87.6145,38.5875],[-87.6273,38.6054],[-87.6002,38.6625],[-87.5312,38.684],[-87.4965,38.7393],[-87.4982,38.7683],[-87.5144,38.7692],[-87.4959,38.7854],[-87.5273,38.8181],[-87.5259,38.8488],[-87.552,38.8603],[-87.5349,38.8789],[-87.5441,38.8951],[-86.6829,38.9047],[-87.241,38.9079],[-87.241,38.9417],[-87.2411,38.9016],[-87.5225,38.9024],[-87.5133,38.956],[-87.5785,38.9897],[-87.5604,38.9924],[-87.5789,39.0024],[-87.5726,39.0573],[-87.616,39.0826],[-87.6149,39.1027],[-87.655,39.1109],[-87.6351,39.1223],[-87.6587,39.136],[-87.6294,39.1575],[-87.6404,39.1667],[-87.5746,39.2184],[-87.5734,39.2546],[-87.5935,39.2475],[-87.5973,39.297],[-87.6205,39.3071],[-87.5849,39.3373],[-87.5316,39.3481],[-87.5322,39.6073],[-87.5315,40.1481],[-87.5213,41.71],[-87.4763,41.6752],[-87.4468,41.6832],[-87.438,41.6646],[-87.4393,41.6801],[-87.4158,41.6882],[-87.4087,41.6703],[-87.437,41.6552],[-87.4208,41.641],[-87.3044,41.6195],[-87.2226,41.6242],[-86.9327,41.7095],[-86.8248,41.7602],[-84.8059,41.7602],[-84.8029,40.9226],[-84.8037,40.3101],[-84.8202,39.1055],[-84.8969,39.0575],[-84.8306,38.9749],[-84.8778,38.9204],[-84.8712,38.9017],[-84.8127,38.8951],[-84.7846,38.8753],[-84.83,38.8306],[-84.8146,38.7845],[-84.8873,38.7948],[-84.9436,38.7754],[-84.9919,38.7785],[-85.1367,38.7002],[-85.1886,38.6876],[-85.2015,38.6911],[-85.2685,38.7402],[-85.4195,38.7355],[-85.4568,38.6923],[-85.4157,38.5467],[-85.4989,38.4682],[-85.6045,38.4408],[-85.6736,38.3023],[-85.7515,38.268],[-85.7911,38.2878],[-85.8292,38.2765],[-85.8444,38.231],[-85.9004,38.1804],[-85.9053,38.0889],[-85.9422,38.0073],[-86.0256,37.9945],[-86.0423,37.9582],[-86.0863,38.0049],[-86.1766,38.0102],[-86.2714,38.062],[-86.2728,38.1408],[-86.3577,38.1988],[-86.3782,38.1858],[-86.3717,38.1642],[-86.328,38.1548],[-86.3238,38.1384],[-86.3798,38.1293],[-86.4019,38.1043],[-86.4295,38.1253],[-86.461,38.1212],[-86.4604,38.2068],[-86.4662,38.1068],[-86.4301,38.0786],[-86.4522,38.0505],[-86.5218,38.0383],[-86.5252,37.9682],[-86.511,37.9261],[-86.5886,37.9212],[-86.6046,37.8583],[-86.648,37.8414],[-86.6625,37.857],[-86.6501,37.9106],[-86.7347,37.8966],[-86.8135,37.9982],[-86.8024,38.0132],[-86.9179,37.9372]],[[-87.6884,38.1684],[-87.6882,38.201],[-87.7007,37.8978],[-87.6884,38.1684]],[[-86.6827,38.8199],[-86.6823,38.9924],[-86.6829,39.061],[-86.6829,38.9047],[-86.6827,38.8199]],[[-87.2943,39.6072],[-87.3824,39.6079],[-87.5322,39.6073],[-87.2943,39.6072]],[[-87.0947,40.4757],[-87.0947,40.4757],[-87.5266,40.4769],[-87.0947,40.4757]],[[-86.9376,41.2343],[-86.9301,41.2368],[-86.9327,41.7095],[-86.9376,41.2343]],[[-86.9308,40.9124],[-86.9302,41.1723],[-86.9301,41.2368],[-86.9308,40.9124]],[[-86.9874,40.9122],[-86.7565,40.9115],[-86.9308,40.9124],[-86.9874,40.9122]],[[-85.654,41.4615],[-85.6547,41.5233],[-85.6598,41.7591],[-85.654,41.4615]],[[-85.3354,40.9171],[-85.0739,40.9178],[-84.8029,40.9226],[-85.3354,40.9171]],[[-85.0361,39.5262],[-85.2981,39.5255],[-84.8154,39.522],[-85.0361,39.5262]],[[-85.0345,39.72],[-85.1851,39.7155],[-85.0346,39.7148],[-85.0361,39.5262],[-85.0345,39.72]],[[-85.3016,39.7876],[-85.2978,39.4693],[-85.2981,39.5255],[-85.3016,39.7876]],[[-85.1835,39.7884],[-85.2211,39.7884],[-85.6335,39.7862],[-85.3016,39.7876],[-85.1835,39.7884]],[[-85.6332,39.6985],[-85.9517,39.6971],[-85.6325,39.6985],[-85.6306,39.3502],[-85.6293,39.4527],[-85.6335,39.7862],[-85.6332,39.6985]],[[-85.954,39.8696],[-85.9521,39.6383],[-85.952,39.3474],[-85.9517,39.6971],[-85.954,39.8696]],[[-86.2453,39.3418],[-86.0856,39.3442],[-85.7395,39.3492],[-85.952,39.3474],[-86.2453,39.3418]],[[-86.0803,39.0503],[-86.3141,39.0487],[-86.08,39.0447],[-86.0856,39.3442],[-86.0803,39.0503]],[[-85.2028,38.9285],[-85.2032,38.9138],[-85.2015,38.6911],[-85.2028,38.9285]],[[-85.4449,38.913],[-85.5382,38.9122],[-85.2032,38.9138],[-85.4449,38.913]],[[-86.467,41.1714],[-86.0776,41.1729],[-86.054,41.1731],[-86.467,41.1714]],[[-85.9456,41.0429],[-85.6842,41.0467],[-86.0187,41.0419],[-85.9456,41.0429]],[[-85.9454,40.9993],[-86.1685,40.9961],[-85.9464,40.9992],[-85.9395,40.651],[-85.9456,41.0429],[-85.9454,40.9993]],[[-86.169,40.9098],[-86.2828,40.9099],[-86.1685,40.9094],[-86.165,40.5631],[-86.1685,40.9961],[-86.169,40.9098]],[[-85.6832,41.0019],[-85.6866,41.1784],[-85.6842,41.0467],[-85.6832,41.0019]],[[-86.3735,40.6925],[-86.3758,40.4319],[-86.3744,40.5614],[-86.3735,40.6925]],[[-86.6947,40.4322],[-86.3092,40.4317],[-86.3758,40.4319],[-86.6947,40.4322]],[[-86.6954,40.5619],[-86.6956,40.2161],[-86.6947,40.4322],[-86.6954,40.5619]],[[-86.7713,40.5621],[-87.0947,40.5629],[-86.6954,40.5619],[-86.7713,40.5621]],[[-86.2808,40.382],[-86.2808,40.3883],[-86.3093,40.3884],[-86.2808,40.382]],[[-86.2428,40.3075],[-86.2428,40.4029],[-86.243,40.3737],[-86.2428,40.3075]],[[-86.6951,39.9228],[-86.3263,39.924],[-85.8624,39.9289],[-86.2407,39.9261],[-86.6951,39.9228]],[[-86.6954,40.0228],[-86.6951,39.8649],[-86.6936,39.8649],[-86.6951,39.9228],[-86.6954,40.0228]],[[-86.3089,38.3941],[-86.3087,38.4229],[-86.3088,38.4582],[-86.3089,38.3941]],[[-86.9242,38.5054],[-86.9221,38.5033],[-86.9229,38.8172],[-86.9242,38.5054]],[[-87.0175,38.2036],[-86.7964,38.2051],[-87.0731,38.2038],[-87.0175,38.2036]],[[-87.5333,38.501],[-87.5028,38.4968],[-87.5315,38.5107],[-87.5333,38.501]],[[-87.4932,38.4955],[-87.4889,38.5009],[-87.4953,38.4958],[-87.4932,38.4955]],[[-87.4651,38.5308],[-87.4761,38.528],[-87.4747,38.5187],[-87.4651,38.5308]],[[-87.1931,38.5464],[-87.1512,38.5158],[-87.1854,38.5485],[-87.1931,38.5464]],[[-87.2432,38.5443],[-87.2315,38.5463],[-87.2383,38.5511],[-87.2432,38.5443]],[[-87.2954,38.5128],[-87.2917,38.5111],[-87.2839,38.5168],[-87.2954,38.5128]],[[-87.4059,38.5366],[-87.3838,38.5378],[-87.4032,38.5414],[-87.4059,38.5366]],[[-87.452,38.5341],[-87.4231,38.5357],[-87.4287,38.54],[-87.452,38.5341]],[[-87.2427,38.57],[-87.2376,38.581],[-87.2553,38.6124],[-87.2427,38.57]],[[-87.2413,38.6142],[-87.2386,38.6145],[-87.253,38.6315],[-87.2413,38.6142]],[[-87.1715,40.7366],[-87.0982,40.7365],[-87.0998,40.8376],[-87.0984,40.7365],[-87.1715,40.7366]],[[-87.0095,39.8667],[-86.8308,39.8657],[-87.0915,39.8673],[-87.0095,39.8667]],[[-87.0131,39.6048],[-87.0145,39.4736],[-87.0095,39.8667],[-87.0131,39.6048]],[[-87.2404,39.2591],[-87.2404,39.2319],[-87.239,39.5206],[-87.2404,39.2591]],[[-87.4348,39.9582],[-87.4349,39.9872],[-87.4403,39.9603],[-87.4348,39.9582]],[[-87.4202,39.9525],[-87.0918,39.953],[-87.4301,39.9563],[-87.4202,39.9525]],[[-87.1264,41.2851],[-87.0597,41.2695],[-87.1221,41.2864],[-87.1264,41.2851]],[[-87.211,41.249],[-87.1471,41.2788],[-87.1925,41.2652],[-87.211,41.249]],[[-86.6792,38.2631],[-86.6791,38.2579],[-86.5701,38.2663],[-86.6792,38.2631]],[[-86.6824,38.5264],[-86.682,38.4983],[-86.6824,38.5665],[-86.6824,38.5264]],[[-86.2537,39.3417],[-86.4076,39.3413],[-86.3814,39.3398],[-86.2537,39.3417]],[[-86.6555,39.5909],[-86.6596,39.5792],[-86.6513,39.552],[-86.6555,39.5909]],[[-86.753,40.7317],[-86.7511,40.7339],[-86.7527,40.7339],[-86.753,40.7317]],[[-86.7617,40.6786],[-86.7475,40.718],[-86.7542,40.7243],[-86.7617,40.6786]],[[-86.4671,41.433],[-86.5247,41.4329],[-86.6425,41.4326],[-86.4671,41.433]],[[-85.4401,39.1956],[-85.3371,39.2479],[-85.5663,39.1328],[-85.4401,39.1956]],[[-85.6868,39.1309],[-85.7998,39.1289],[-85.5663,39.1328],[-85.6868,39.1309]],[[-85.7954,38.8075],[-85.7126,38.8285],[-85.6767,38.8239],[-85.731,38.8311],[-85.7954,38.8075]],[[-85.7989,39.0631],[-85.8046,38.7942],[-85.7954,38.8075],[-85.7989,39.0631]],[[-85.8883,38.7344],[-85.8882,38.7345],[-85.9006,38.7538],[-85.8883,38.7344]],[[-85.9933,38.4885],[-85.9946,38.4183],[-86.173,38.4209],[-85.9667,38.4037],[-85.8077,38.4043],[-85.9946,38.4109],[-85.9933,38.4885]],[[-85.8212,38.5614],[-85.8483,38.5673],[-85.8481,38.561],[-85.8212,38.5614]],[[-85.8663,38.5324],[-85.8569,38.5471],[-85.8663,38.5471],[-85.8663,38.5324]],[[-85.8848,38.5035],[-85.8753,38.5183],[-85.8847,38.5182],[-85.8848,38.5035]],[[-85.0873,39.1904],[-85.0656,39.3072],[-85.0656,39.3072],[-85.0873,39.1904]],[[-85.1403,38.9032],[-85.1239,38.9523],[-85.1324,38.9481],[-85.1403,38.9032]],[[-85.1229,38.9529],[-85.1188,38.9372],[-85.1155,38.9566],[-85.1229,38.9529]],[[-85.6519,41.2948],[-85.6534,41.4182],[-85.6527,41.1785],[-85.6519,41.2948]],[[-85.2709,41.2647],[-85.5372,41.2662],[-85.3078,41.2642],[-85.2709,41.2647]],[[-85.4488,40.6536],[-85.3347,40.6544],[-85.7965,40.652],[-85.4488,40.6536]],[[-85.4443,40.3793],[-85.447,40.5669],[-85.4488,40.6536],[-85.4443,40.3793]],[[-85.2011,40.5672],[-85.1413,40.568],[-85.447,40.5669],[-85.2011,40.5672]],[[-85.5764,39.992],[-85.5762,40.0771],[-85.5786,40.3789],[-85.5764,39.992]],[[-85.2096,40.0044],[-85.2009,39.8738],[-85.2015,40.0044],[-85.2096,40.0044]],[[-85.2068,40.3792],[-85.2586,40.3791],[-85.2199,40.379],[-85.2068,40.3792]]]}},{"type":"Feature","properties":{"StateFIPS":"06","state":"California"},"geometry":{"type":"MultiPolygon","coordinates":[[[[-121.9301,36.9781],[-121.9728,36.9542],[-122.0127,36.9632],[-122.0656,36.9485],[-122.1536,36.9768],[-122.2238,37.0257],[-122.293,37.1073],[-122.3371,37.1174],[-122.3671,37.1728],[-122.4051,37.1958],[-122.4191,37.2415],[-122.4009,37.3592],[-122.4596,37.4927],[-122.4938,37.4923],[-122.5167,37.5213],[-122.5209,37.5942],[-122.5014,37.5996],[-122.4941,37.644],[-122.5145,37.7808],[-122.4782,37.8084],[-122.4095,37.8089],[-122.3877,37.7888],[-122.3759,37.7357],[-122.3593,37.7286],[-122.3934,37.7083],[-122.3743,37.6622],[-122.3893,37.6402],[-122.3556,37.6153],[-122.3785,37.6056],[-122.2629,37.5739],[-122.1621,37.5002],[-122.1362,37.5068],[-122.1152,37.4663],[-122.0583,37.4468],[-122.0364,37.4648],[-122.0498,37.4661],[-122.0555,37.4952],[-122.1094,37.5003],[-122.1676,37.6772],[-122.2042,37.7116],[-122.2147,37.6992],[-122.2522,37.725],[-122.2617,37.7434],[-122.2439,37.7518],[-122.3316,37.7871],[-122.3423,37.8056],[-122.2966,37.8285],[-122.3159,37.8368],[-122.2992,37.8405],[-122.3014,37.8555],[-122.3269,37.8887],[-122.2576,37.8997],[-122.3223,37.8954],[-122.3618,37.9174],[-122.3635,37.9056],[-122.3905,37.9091],[-122.4298,37.9654],[-122.4029,37.9549],[-122.401,37.9685],[-122.3676,37.9782],[-122.3679,38.0125],[-122.3326,38.0015],[-122.3008,38.0109],[-122.2629,38.0446],[-122.2697,38.0603],[-122.3026,38.1032],[-122.4018,38.1482],[-122.4435,38.117],[-122.4448,38.1383],[-122.497,38.1122],[-122.4978,38.0194],[-122.4473,37.9844],[-122.4956,37.9705],[-122.4795,37.9425],[-122.5051,37.9428],[-122.4383,37.8824],[-122.4596,37.8627],[-122.4729,37.8848],[-122.5043,37.8941],[-122.4784,37.8595],[-122.4785,37.8261],[-122.5307,37.818],[-122.642,37.8975],[-122.7218,37.9013],[-122.8214,37.9967],[-122.8821,38.0253],[-122.9568,38.0287],[-122.9831,38.0058],[-122.9635,37.9899],[-123.0241,37.9949],[-122.9491,38.1541],[-122.9956,38.2386],[-122.9728,38.2296],[-122.9681,38.2537],[-123.0029,38.2957],[-123.0447,38.3132],[-123.0582,38.2984],[-123.074,38.3184],[-123.0683,38.3599],[-123.1288,38.4504],[-123.3319,38.5655],[-123.4418,38.6997],[-123.728,38.9194],[-123.7419,38.9562],[-123.7111,38.9773],[-123.6912,39.0508],[-123.7194,39.1345],[-123.7714,39.1942],[-123.789,39.2697],[-123.8038,39.2788],[-123.7966,39.3013],[-123.8137,39.3083],[-123.8009,39.3183],[-123.8277,39.3484],[-123.8087,39.4274],[-123.8199,39.4395],[-123.7665,39.5528],[-123.7886,39.6],[-123.7942,39.69],[-123.8295,39.7231],[-123.8538,39.8341],[-123.9077,39.863],[-123.93,39.9097],[-124.0233,40.0013],[-124.0725,40.0227],[-124.0807,40.0661],[-124.1105,40.1038],[-124.1879,40.1305],[-124.3634,40.261],[-124.3479,40.3146],[-124.3736,40.3929],[-124.4086,40.4432],[-124.3294,40.6164],[-124.1371,40.9257],[-124.1118,41.0269],[-124.1254,41.0485],[-124.1536,41.0535],[-124.1654,41.1298],[-124.1438,41.1447],[-124.107,41.2297],[-124.0655,41.4647],[-124.1474,41.718],[-124.1701,41.7433],[-124.195,41.7368],[-124.255,41.7782],[-124.2084,41.8882],[-124.2116,41.9985],[-122.3785,42.0095],[-119.9992,41.9949],[-120.001,38.9996],[-117.8327,37.4649],[-117.0009,36.8477],[-115.648,35.8096],[-114.6335,35.0019],[-114.6352,34.875],[-114.5868,34.8357],[-114.5527,34.7669],[-114.4686,34.7076],[-114.457,34.6563],[-114.4242,34.6105],[-114.4344,34.5926],[-114.3808,34.5297],[-114.3867,34.4579],[-114.3354,34.45],[-114.2261,34.3659],[-114.1769,34.3493],[-114.1383,34.3032],[-114.1312,34.2627],[-114.1646,34.259],[-114.2297,34.1869],[-114.4117,34.11],[-114.4354,34.0797],[-114.4383,34.0226],[-114.5355,33.9347],[-114.5079,33.9038],[-114.5259,33.901],[-114.503,33.868],[-114.5306,33.8554],[-114.528,33.815],[-114.4942,33.7079],[-114.5303,33.6792],[-114.5141,33.6602],[-114.5332,33.6484],[-114.5221,33.6113],[-114.5406,33.5914],[-114.5246,33.5522],[-114.5916,33.4994],[-114.6271,33.4336],[-114.6495,33.4136],[-114.7253,33.405],[-114.698,33.3524],[-114.7312,33.3024],[-114.6724,33.2605],[-114.6894,33.2452],[-114.6745,33.2255],[-114.6758,33.1815],[-114.7065,33.0882],[-114.689,33.084],[-114.6623,33.0327],[-114.646,33.0489],[-114.6188,33.0272],[-114.5717,33.0366],[-114.5113,33.0235],[-114.4929,32.9718],[-114.4677,32.9669],[-114.4809,32.9353],[-114.4629,32.9079],[-114.469,32.8452],[-114.5288,32.7963],[-114.5269,32.7571],[-114.6184,32.7282],[-114.7019,32.7455],[-114.7196,32.7188],[-117.1237,32.5344],[-117.1377,32.6246],[-117.1607,32.6657],[-117.2127,32.6879],[-117.2431,32.6645],[-117.2561,32.7937],[-117.2819,32.8328],[-117.2562,32.8594],[-117.2537,32.9038],[-117.2795,33.0114],[-117.3284,33.1218],[-117.5059,33.3333],[-117.596,33.3878],[-117.6581,33.4495],[-117.7146,33.4599],[-117.7843,33.5418],[-117.928,33.6072],[-118.1154,33.7433],[-118.1808,33.7651],[-118.1857,33.733],[-118.2428,33.7434],[-118.2471,33.7152],[-118.2678,33.7221],[-118.2941,33.7051],[-118.3643,33.7382],[-118.4105,33.741],[-118.4282,33.7743],[-118.394,33.8042],[-118.3902,33.8362],[-118.4514,33.9591],[-118.5244,34.0307],[-118.5715,34.0417],[-118.7424,34.0329],[-118.8066,34.0004],[-118.8549,34.0349],[-118.9446,34.0458],[-119.086,34.0993],[-119.1293,34.1008],[-119.2164,34.1461],[-119.2786,34.2669],[-119.4765,34.3741],[-119.446,34.4041],[-119.4786,34.3733],[-119.6065,34.4204],[-119.6882,34.4125],[-119.7091,34.3954],[-119.7936,34.4183],[-119.8783,34.4073],[-120.0081,34.4604],[-120.1333,34.4729],[-120.4714,34.4478],[-120.5114,34.523],[-120.5813,34.557],[-120.6226,34.554],[-120.6448,34.577],[-120.6004,34.7046],[-120.6374,34.7559],[-120.6103,34.8582],[-120.6473,34.9011],[-120.6708,34.9041],[-120.6296,35.0784],[-120.6461,35.1439],[-120.7142,35.176],[-120.7702,35.1637],[-120.856,35.2065],[-120.8968,35.2479],[-120.8621,35.347],[-120.8848,35.4302],[-120.9079,35.4491],[-121.0034,35.4607],[-121.1008,35.5489],[-121.1658,35.6353],[-121.2865,35.6655],[-121.3464,35.7952],[-121.4594,35.883],[-121.5008,35.9981],[-121.5746,36.0252],[-121.6327,36.1205],[-121.6783,36.1652],[-121.8263,36.2421],[-121.8994,36.3077],[-121.9032,36.3936],[-121.9521,36.5174],[-121.9247,36.5256],[-121.9325,36.5599],[-121.9768,36.5794],[-121.9364,36.6367],[-121.8833,36.6009],[-121.8373,36.6349],[-121.7883,36.804],[-121.8623,36.9316],[-121.9301,36.9781]],[[-117.2413,33.432],[-116.0852,33.4259],[-114.6271,33.4336],[-117.2413,33.432]],[[-121.5651,40.4458],[-121.4976,40.4456],[-121.4766,40.4456],[-121.5651,40.4458]],[[-121.4369,40.1519],[-121.4045,40.1516],[-121.4376,40.1556],[-121.4369,40.1519]],[[-121.5864,40.1005],[-121.5878,40.0941],[-121.5106,40.1005],[-121.5864,40.1005]],[[-122.0591,39.8213],[-122.0565,39.8258],[-122.0694,39.8405],[-122.0591,39.8213]],[[-122.0479,39.8004],[-122.0319,39.8004],[-122.0515,39.807],[-122.0479,39.8004]],[[-122.0246,39.7679],[-122.0238,39.7977],[-122.0293,39.7995],[-122.0246,39.7679]],[[-121.9973,39.6685],[-121.9424,39.6943],[-121.9428,39.6975],[-121.9973,39.6685]],[[-121.89,39.3839],[-121.9083,39.3039],[-121.8694,39.4662],[-121.89,39.3839]],[[-121.7981,38.9958],[-121.7956,38.9967],[-121.826,39.0106],[-121.7981,38.9958]],[[-121.8321,38.9712],[-121.8324,38.9675],[-121.8288,38.9733],[-121.8321,38.9712]],[[-121.7942,38.9048],[-121.8134,38.8782],[-121.7911,38.9033],[-121.7942,38.9048]],[[-121.8017,38.8643],[-121.7969,38.8649],[-121.8086,38.8726],[-121.8017,38.8643]],[[-121.6163,38.7792],[-121.6253,38.7853],[-121.6296,38.7765],[-121.6163,38.7792]],[[-121.5949,38.7568],[-121.5926,38.7629],[-121.6017,38.7691],[-121.5949,38.7568]],[[-121.6319,38.6806],[-121.6029,38.7358],[-121.6028,38.7361],[-121.6319,38.6806]],[[-121.1338,38.7054],[-121.1008,38.8154],[-121.1345,38.712],[-121.6029,38.7358],[-121.1338,38.7054]],[[-121.5091,38.5912],[-121.5087,38.5968],[-121.5125,38.597],[-121.5091,38.5912]],[[-121.5215,38.5329],[-121.5132,38.5407],[-121.5108,38.5704],[-121.5215,38.5329]],[[-121.5585,38.5032],[-121.5566,38.4996],[-121.5471,38.5086],[-121.5585,38.5032]],[[-121.5443,38.4776],[-121.5403,38.4766],[-121.5494,38.4869],[-121.5443,38.4776]],[[-121.507,38.4673],[-121.5089,38.4728],[-121.5317,38.4742],[-121.507,38.4673]],[[-121.5039,38.4484],[-121.501,38.4501],[-121.5041,38.4589],[-121.5039,38.4484]],[[-121.6856,38.1597],[-121.6154,38.1957],[-121.6149,38.1985],[-121.6856,38.1597]],[[-121.8432,38.0767],[-121.8586,38.0694],[-121.8016,38.0595],[-121.8432,38.0767]],[[-121.9101,38.045],[-121.8625,38.066],[-121.8471,38.0509],[-121.8605,38.0685],[-121.9101,38.045]],[[-121.8182,38.0222],[-121.7954,38.0204],[-121.8251,38.029],[-121.8182,38.0222]],[[-121.7775,38.0189],[-121.77,38.0214],[-121.783,38.0194],[-121.7775,38.0189]],[[-121.6998,38.0452],[-121.6958,38.0525],[-121.7171,38.0393],[-121.6998,38.0452]],[[-121.5853,38.0964],[-121.5739,38.0971],[-121.6731,38.0935],[-121.5853,38.0964]],[[-121.564,38.1014],[-121.5841,38.1202],[-121.5687,38.0994],[-121.564,38.1014]],[[-119.8847,38.3562],[-120.0536,38.4556],[-120.02,38.4335],[-119.8847,38.3562]],[[-119.7073,38.4149],[-119.7129,38.4185],[-119.8016,38.4014],[-119.7073,38.4149]],[[-119.7,38.3652],[-119.6985,38.4093],[-119.7038,38.4127],[-119.7,38.3652]],[[-119.6397,38.3272],[-119.6397,38.3272],[-119.7,38.3652],[-119.6397,38.3272]],[[-119.3394,38.0714],[-119.3498,38.0856],[-119.4288,38.1156],[-119.3394,38.0714]],[[-119.3139,37.9543],[-119.3125,37.9536],[-119.3137,37.9555],[-119.3139,37.9543]],[[-119.2639,37.9122],[-119.2014,37.888],[-119.264,37.9224],[-119.2639,37.9122]],[[-119.2169,37.8187],[-119.204,37.8298],[-119.2018,37.8475],[-119.2169,37.8187]],[[-119.2057,37.7959],[-119.2018,37.7993],[-119.2169,37.8187],[-119.2057,37.7959]],[[-119.2718,37.7392],[-119.2884,37.745],[-119.2664,37.7356],[-119.2449,37.7608],[-119.2718,37.7392]],[[-119.3105,37.7925],[-119.309,37.778],[-119.2884,37.745],[-119.3105,37.7925]],[[-119.3738,37.8397],[-119.4006,37.8347],[-119.3523,37.8263],[-119.3738,37.8397]],[[-119.4073,37.8549],[-119.4213,37.86],[-119.4006,37.8347],[-119.4073,37.8549]],[[-119.4515,37.871],[-119.4743,37.8556],[-119.4346,37.8649],[-119.4515,37.871]],[[-120.3119,37.66],[-120.3064,37.6658],[-120.3454,37.7248],[-120.3119,37.66]],[[-120.3226,37.6504],[-120.3218,37.6499],[-120.3203,37.6514],[-120.3226,37.6504]],[[-120.3919,37.6836],[-120.3872,37.6747],[-120.3793,37.677],[-120.3919,37.6836]],[[-120.3876,37.6337],[-120.9838,37.3996],[-120.3877,37.6334],[-120.3751,37.6522],[-120.3876,37.6337]],[[-120.2905,37.1524],[-120.0647,37.1778],[-120.0591,37.1822],[-120.2905,37.1524]],[[-120.5418,37.0442],[-120.5455,37.0276],[-120.4767,37.0964],[-120.5418,37.0442]],[[-120.9193,36.7406],[-120.5972,36.4882],[-120.9187,36.7404],[-120.9193,36.7406]],[[-120.6915,36.2737],[-120.6807,36.2619],[-120.6811,36.2686],[-120.6915,36.2737]],[[-120.3243,35.9088],[-120.316,35.9083],[-120.3604,35.9644],[-120.3243,35.9088]],[[-119.5358,34.8976],[-119.4437,34.9012],[-119.3837,34.9008],[-119.4725,34.9014],[-119.5358,34.8976]],[[-119.4458,34.4363],[-119.4404,34.4418],[-119.4437,34.9012],[-119.4458,34.4363]],[[-121.58,36.9013],[-121.5904,36.9262],[-121.5822,36.9017],[-121.58,36.9013]],[[-121.6221,36.8462],[-121.644,36.894],[-121.6465,36.8968],[-121.6221,36.8462]],[[-121.6672,36.9111],[-121.6595,36.9112],[-121.6621,36.9141],[-121.6672,36.9111]],[[-121.7,36.9197],[-121.7256,36.9143],[-121.7354,36.9096],[-121.7039,36.9103],[-121.7,36.9197]],[[-121.7884,36.8829],[-121.7774,36.8896],[-121.787,36.885],[-121.7884,36.8829]],[[-122.0738,37.2159],[-122.1422,37.2752],[-122.1042,37.2343],[-122.0738,37.2159]],[[-122.008,37.1589],[-122.028,37.1763],[-122.0262,37.1669],[-122.008,37.1589]],[[-121.86,37.1042],[-121.9354,37.1272],[-121.7576,37.0496],[-121.86,37.1042]],[[-122.8854,39.5801],[-122.8927,39.7089],[-122.8903,39.529],[-122.8854,39.5801]],[[-122.136,39.3855],[-122.7391,39.3833],[-122.7851,39.383],[-122.136,39.3855]],[[-122.7471,39.3619],[-122.7435,39.3681],[-122.7851,39.383],[-122.7471,39.3619]],[[-121.579,38.0044],[-121.5783,38.0085],[-121.5799,38.0078],[-121.579,38.0044]],[[-122.2557,37.8985],[-122.1779,37.8163],[-122.2236,37.8786],[-122.2557,37.8985]],[[-123.3682,38.7771],[-123.497,38.7786],[-123.5071,38.7698],[-123.3682,38.7771]],[[-122.8946,38.8808],[-122.8216,38.8501],[-123.081,38.8524],[-122.8175,38.8497],[-122.8946,38.8808]],[[-122.5471,38.5226],[-122.6208,38.5603],[-122.5463,38.5202],[-122.5471,38.5226]],[[-122.369,38.1819],[-122.3506,38.1927],[-122.3522,38.1987],[-122.369,38.1819]],[[-122.404,38.1604],[-122.4032,38.1561],[-122.3662,38.1609],[-122.404,38.1604]],[[-122.0648,38.3159],[-122.0666,38.3253],[-122.2062,38.3155],[-122.0648,38.3159]],[[-122.0735,38.3614],[-122.1261,38.4275],[-122.0688,38.3369],[-122.0735,38.3614]],[[-122.1041,38.5134],[-122.1044,38.5141],[-122.1261,38.4275],[-122.1041,38.5134]],[[-122.1241,38.0402],[-122.1532,38.0346],[-122.1486,38.0317],[-122.1241,38.0402]],[[-122.5689,38.1845],[-122.6339,38.1785],[-122.5666,38.1821],[-122.5689,38.1845]],[[-122.508,38.1209],[-122.5641,38.1795],[-122.5571,38.1596],[-122.508,38.1209]],[[-122.3778,38.8143],[-122.4041,38.7989],[-122.3756,38.8081],[-122.3778,38.8143]],[[-122.3953,38.864],[-122.3818,38.8555],[-122.4174,38.8956],[-122.3875,38.8417],[-122.3953,38.864]],[[-122.4219,38.9038],[-122.4211,38.9022],[-122.4039,38.9253],[-122.4219,38.9038]],[[-122.3419,38.9252],[-122.3451,38.927],[-122.4039,38.9253],[-122.3419,38.9252]],[[-122.3648,38.8447],[-122.3507,38.8359],[-122.2877,38.84],[-122.3648,38.8447]],[[-123.0919,39.0793],[-123.0778,39.1738],[-123.0942,39.0805],[-123.0919,39.0793]],[[-122.9075,38.8967],[-122.9114,38.9015],[-122.9489,38.9002],[-122.9075,38.8967]],[[-122.6842,39.2338],[-122.6654,39.2175],[-122.6603,39.2173],[-122.6842,39.2338]],[[-123.6519,41.3816],[-123.6614,41.3821],[-123.7702,41.3808],[-123.6519,41.3816]],[[-123.4807,41.3698],[-123.4812,41.3721],[-123.4854,41.3723],[-123.4807,41.3698]],[[-123.4775,41.3278],[-123.4682,41.31],[-123.4758,41.3464],[-123.4775,41.3278]],[[-123.4455,41.2666],[-123.4446,41.2727],[-123.4512,41.2776],[-123.4455,41.2666]],[[-123.4554,41.2369],[-123.4509,41.2314],[-123.4481,41.2495],[-123.4554,41.2369]],[[-123.4083,41.1799],[-123.3812,41.1513],[-123.4471,41.2269],[-123.4083,41.1799]],[[-123.2395,41.0758],[-123.1093,41.0755],[-123.2413,41.0779],[-123.2395,41.0758]],[[-122.4977,41.1786],[-122.4462,41.156],[-122.4971,41.182],[-122.4977,41.1786]],[[-122.5398,41.0726],[-122.4571,41.0966],[-122.4553,41.1069],[-122.5398,41.0726]],[[-123.0619,40.2881],[-122.9769,40.3151],[-123.0619,40.2881],[-123.0619,40.2881]],[[-121.9411,40.4154],[-121.9195,40.4219],[-122.0103,40.4266],[-121.9411,40.4154]],[[-122.9564,40.0199],[-122.9519,40.0116],[-122.9524,40.0358],[-122.9564,40.0199]],[[-122.9732,40.0776],[-122.9527,40.0541],[-122.9528,40.0597],[-122.9732,40.0776]],[[-122.9765,40.2334],[-122.9701,40.1863],[-122.9751,40.2326],[-122.9765,40.2334]],[[-123.0612,40.2778],[-123.0211,40.2603],[-123.0617,40.2847],[-123.0612,40.2778]],[[-123.4596,41.0744],[-123.4645,41.0925],[-123.464,41.0763],[-123.4596,41.0744]],[[-123.406,41.0129],[-123.4072,41.0306],[-123.4233,41.0582],[-123.406,41.0129]],[[-123.4815,40.915],[-123.448,40.9438],[-123.4508,40.9548],[-123.4815,40.915]],[[-123.6486,41.4208],[-123.6446,41.4089],[-123.6327,41.4279],[-123.6486,41.4208]],[[-121.5603,36.8971],[-121.4889,36.9831],[-121.5713,36.8994],[-121.5603,36.8971]],[[-121.2347,36.9269],[-121.2118,36.9571],[-121.2158,36.9606],[-121.2347,36.9269]],[[-121.3074,36.5028],[-121.309,36.4996],[-121.2395,36.5034],[-121.3074,36.5028]],[[-121.4089,37.3099],[-121.4095,37.3119],[-121.4591,37.2827],[-121.4089,37.3099]],[[-121.4169,37.2113],[-121.4198,37.2141],[-121.412,37.1892],[-121.4169,37.2113]],[[-121.3956,37.1541],[-121.4014,37.1553],[-121.4,37.1509],[-121.3956,37.1541]],[[-121.3632,37.1835],[-121.3701,37.1726],[-121.3573,37.1819],[-121.3632,37.1835]],[[-121.2986,37.166],[-121.348,37.1794],[-121.3284,37.1659],[-121.2986,37.166]],[[-119.8802,38.8707],[-119.8799,38.8994],[-119.8888,38.879],[-119.8802,38.8707]],[[-119.8803,38.8648],[-119.8803,38.8671],[-119.9068,38.8547],[-119.8803,38.8648]],[[-121.6238,39.2956],[-121.625,39.2791],[-121.6112,39.3193],[-121.6238,39.2956]],[[-121.1593,39.5196],[-121.1434,39.5571],[-121.1499,39.5553],[-121.1593,39.5196]],[[-121.0975,39.6209],[-121.0795,39.5853],[-121.0228,39.6291],[-121.0767,39.5973],[-121.0975,39.6209]],[[-121.0544,38.8861],[-121.0442,38.8908],[-121.0418,38.9114],[-121.0529,38.9001],[-121.0544,38.8861]],[[-120.9383,38.9358],[-121.0375,38.9157],[-121.0383,38.9149],[-120.9383,38.9358]],[[-120.8406,38.974],[-120.8494,38.9768],[-120.8589,38.9523],[-120.8406,38.974]],[[-120.7931,39.001],[-120.8123,39.0001],[-120.8163,38.995],[-120.7931,39.001]],[[-120.6727,38.9586],[-120.6652,38.9555],[-120.6737,38.9611],[-120.6727,38.9586]],[[-120.5643,38.9136],[-120.5944,38.9361],[-120.6419,38.9458],[-120.5643,38.9136]],[[-120.1405,38.6407],[-120.137,38.6412],[-120.1109,38.7057],[-120.1405,38.6407]],[[-120.355,38.5395],[-120.3171,38.5451],[-120.3135,38.547],[-120.355,38.5395]],[[-120.6146,38.5042],[-120.6062,38.5023],[-120.5751,38.5069],[-120.6146,38.5042]],[[-120.7223,38.5469],[-120.6772,38.5178],[-120.6445,38.5107],[-120.7223,38.5469]],[[-121.6143,39.2287],[-121.6364,39.2461],[-121.6187,39.2215],[-121.6143,39.2287]],[[-121.3116,39.052],[-121.4148,38.9965],[-121.3086,39.0504],[-121.3116,39.052]],[[-120.6522,40.3077],[-120.7644,40.316],[-120.6351,40.2949],[-120.6522,40.3077]],[[-121.2296,39.7362],[-121.2294,39.7257],[-121.2109,39.7257],[-121.2296,39.7362]],[[-121.2712,39.7594],[-121.2483,39.74],[-121.2368,39.7401],[-121.2712,39.7594]],[[-121.3323,39.8257],[-121.3323,39.8111],[-121.2961,39.7805],[-121.3323,39.8257]],[[-117.5102,33.534],[-117.5096,33.4716],[-117.5097,33.505],[-117.5102,33.534]],[[-118.8804,34.7887],[-118.6368,34.2918],[-118.8946,34.818],[-118.8804,34.7887]],[[-117.6343,35.7098],[-117.6343,35.7897],[-117.6343,35.7897],[-117.6343,35.7098]],[[-117.7648,33.9341],[-117.7838,33.9472],[-117.7833,33.9463],[-117.7648,33.9341]],[[-119.6663,36.419],[-119.5732,36.4888],[-119.4663,36.5752],[-119.6663,36.419]],[[-118.6571,37.1486],[-118.6546,37.1418],[-118.6461,37.1413],[-118.6571,37.1486]],[[-117.923,35.7867],[-117.9233,35.7891],[-120.1615,35.7893],[-117.923,35.7867]],[[-118.3624,36.6891],[-118.3642,36.6879],[-118.3294,36.6666],[-118.3624,36.6891]],[[-118.356,36.7378],[-118.3347,36.7055],[-118.3369,36.7199],[-118.356,36.7378]],[[-118.8043,37.4889],[-118.8505,37.4758],[-118.802,37.4869],[-118.8043,37.4889]],[[-119.0482,37.6453],[-119.0652,37.6846],[-119.0614,37.6578],[-119.0482,37.6453]],[[-119.3251,37.319],[-119.3156,37.3258],[-119.3244,37.3371],[-119.3251,37.319]],[[-119.3293,37.2131],[-119.3222,37.2538],[-119.3269,37.2745],[-119.3293,37.2131]],[[-119.3538,37.1788],[-119.3306,37.2058],[-119.33,37.2093],[-119.3538,37.1788]],[[-119.3865,37.1495],[-119.365,37.1657],[-119.3625,37.1686],[-119.3865,37.1495]],[[-119.5915,38.6822],[-119.5888,38.6956],[-119.6133,38.6668],[-119.5915,38.6822]],[[-119.6211,38.6144],[-119.6185,38.6103],[-119.6133,38.6668],[-119.6211,38.6144]],[[-119.5947,38.5877],[-119.6106,38.598],[-119.5643,38.5254],[-119.5947,38.5877]],[[-119.5425,38.4806],[-119.5461,38.4882],[-119.5697,38.4349],[-119.5425,38.4806]]],[[[-123.0035,37.7044],[-123.0028,37.6927],[-123.0139,37.7004],[-123.0035,37.7044]]],[[[-122.3316,37.7871],[-122.328,37.7814],[-122.332,37.782],[-122.3316,37.7871]]],[[[-122.3688,37.8313],[-122.3611,37.808],[-122.3728,37.8111],[-122.3688,37.8313]]],[[[-122.4451,37.8614],[-122.4301,37.8721],[-122.4203,37.8631],[-122.4346,37.8537],[-122.4451,37.8614]]],[[[-120.2221,33.9876],[-120.2495,34.0025],[-120.0433,34.0358],[-120.0466,34.0],[-119.979,33.9812],[-119.9711,33.9504],[-120.1159,33.8944],[-120.1804,33.9251],[-120.2221,33.9876]]],[[[-120.4501,34.0342],[-120.3909,34.052],[-120.3683,34.0765],[-120.3586,34.0502],[-120.3312,34.0491],[-120.3072,34.0224],[-120.3579,34.015],[-120.4501,34.0342]]],[[[-118.5062,32.853],[-118.6105,33.0329],[-118.5739,33.0305],[-118.4995,32.9337],[-118.3542,32.8209],[-118.3918,32.8263],[-118.4318,32.8015],[-118.5062,32.853]]],[[[-119.5288,33.2854],[-119.4606,33.2567],[-119.4344,33.227],[-119.4703,33.2147],[-119.5462,33.2326],[-119.5773,33.2786],[-119.5288,33.2854]]],[[[-118.3748,33.3201],[-118.4654,33.3261],[-118.4875,33.3509],[-118.4753,33.3832],[-118.4887,33.4198],[-118.5754,33.4402],[-118.6044,33.4786],[-118.5386,33.477],[-118.5003,33.4434],[-118.4776,33.4484],[-118.3703,33.4093],[-118.3051,33.3103],[-118.3252,33.2991],[-118.3748,33.3201]]],[[[-119.0337,33.4658],[-119.047,33.4838],[-119.0305,33.4883],[-119.0337,33.4658]]],[[[-119.3793,34.0096],[-119.3908,34.0029],[-119.442,34.0136],[-119.3963,34.0059],[-119.3793,34.0096]]],[[[-119.3626,34.0171],[-119.3598,34.0152],[-119.3723,34.0121],[-119.3626,34.0171]]],[[[-119.5843,34.0536],[-119.5206,34.0343],[-119.5605,33.9955],[-119.6628,33.9859],[-119.7212,33.9596],[-119.8182,33.9599],[-119.8734,33.9804],[-119.887,34.0086],[-119.8763,34.0321],[-119.9299,34.0597],[-119.9129,34.0775],[-119.8187,34.053],[-119.7594,34.0588],[-119.6865,34.0198],[-119.6377,34.0132],[-119.5843,34.0536]]]]}},{"type":"Feature","properties":{"StateFIPS":"16","state":"Idaho"},"geometry":{"type":"Polygon","coordinates":[[[-114.2818,41.9942],[-117.0262,41.9999],[-117.0216,43.8194],[-117.0329,43.83],[-117.0104,43.8448],[-117.02,43.859],[-116.9842,43.8668],[-116.9819,43.9125],[-116.9588,43.9232],[-116.9716,43.957],[-116.9598,43.9638],[-116.9762,43.9747],[-116.9382,43.9846],[-116.9345,44.0212],[-116.9725,44.0488],[-116.9774,44.0854],[-116.9337,44.1],[-116.8978,44.1527],[-116.9028,44.1795],[-116.9717,44.1973],[-116.9759,44.2428],[-117.0319,44.2486],[-117.053,44.2291],[-117.1042,44.2799],[-117.1571,44.2575],[-117.217,44.2884],[-117.2178,44.3072],[-117.1898,44.3366],[-117.243,44.391],[-117.2151,44.4272],[-117.2241,44.4837],[-117.1524,44.5318],[-117.0623,44.7271],[-116.9347,44.7839],[-116.8322,44.9314],[-116.8507,44.9581],[-116.8263,44.9825],[-116.8583,44.9788],[-116.8479,45.0226],[-116.7288,45.1444],[-116.6745,45.2763],[-116.6738,45.3215],[-116.5882,45.4429],[-116.5548,45.4629],[-116.5566,45.5062],[-116.5259,45.5537],[-116.483,45.577],[-116.4635,45.6158],[-116.5354,45.6917],[-116.5491,45.7527],[-116.593,45.7785],[-116.6653,45.782],[-116.7118,45.8263],[-116.7598,45.8162],[-116.8573,45.9042],[-116.9427,46.061],[-116.982,46.0849],[-116.9553,46.1022],[-116.9213,46.1648],[-116.9658,46.2034],[-116.9553,46.2309],[-116.9911,46.2763],[-116.9846,46.2927],[-117.0207,46.3148],[-117.0238,46.336],[-117.0626,46.3525],[-117.0398,46.4259],[-117.0324,48.9992],[-116.0491,49.0008],[-116.0491,47.9773],[-116.1202,48.0334],[-115.9188,47.8537],[-115.882,47.8494],[-115.8506,47.8253],[-115.8319,47.756],[-115.7973,47.7571],[-115.774,47.7179],[-115.7228,47.6947],[-115.7365,47.6547],[-115.6944,47.6238],[-115.6884,47.5956],[-115.7557,47.5483],[-115.7023,47.5342],[-115.7114,47.5168],[-115.6863,47.4849],[-115.63,47.4796],[-115.6401,47.4597],[-115.717,47.4526],[-115.7593,47.4239],[-115.7214,47.4257],[-115.6573,47.4002],[-115.6429,47.3774],[-115.5776,47.3674],[-115.5491,47.3472],[-115.5285,47.2993],[-115.4836,47.2821],[-115.3197,47.2563],[-115.2916,47.21],[-115.3005,47.1881],[-115.2624,47.1817],[-115.2431,47.1507],[-115.1443,47.102],[-115.1311,47.069],[-115.0717,47.0259],[-115.0484,46.9698],[-115.0013,46.9719],[-114.9221,46.9125],[-114.9483,46.8611],[-114.8996,46.8226],[-114.8952,46.8016],[-114.8658,46.8145],[-114.7652,46.7583],[-114.7881,46.7121],[-114.7526,46.6972],[-114.6965,46.7405],[-114.6646,46.7391],[-114.621,46.7061],[-114.6417,46.6792],[-114.6039,46.6397],[-114.5423,46.6496],[-114.4671,46.6318],[-114.4244,46.6606],[-114.3579,46.6687],[-114.3211,46.6475],[-114.3225,46.6113],[-114.3438,46.5897],[-114.3298,46.5772],[-114.3472,46.5524],[-114.3428,46.5183],[-114.4026,46.5002],[-114.3688,46.4365],[-114.4222,46.3873],[-114.4105,46.3651],[-114.4328,46.3061],[-114.4254,46.2879],[-114.4707,46.266],[-114.4486,46.233],[-114.4452,46.1679],[-114.5156,46.1661],[-114.5271,46.1462],[-114.5205,46.1249],[-114.4605,46.0978],[-114.4694,46.0618],[-114.5074,46.0319],[-114.4805,46.0304],[-114.48,45.9929],[-114.4118,45.9779],[-114.4025,45.9579],[-114.4314,45.936],[-114.3886,45.8822],[-114.4096,45.8523],[-114.4383,45.8626],[-114.5093,45.8455],[-114.5665,45.7733],[-114.4954,45.7031],[-114.515,45.685],[-114.499,45.6787],[-114.5091,45.6568],[-114.564,45.6376],[-114.5385,45.6078],[-114.5678,45.5562],[-114.5276,45.5708],[-114.4983,45.5555],[-114.4719,45.5652],[-114.4247,45.5099],[-114.3661,45.491],[-114.3344,45.4591],[-114.2704,45.4844],[-114.2484,45.5454],[-114.1922,45.5371],[-114.0866,45.5912],[-114.067,45.628],[-114.0188,45.6485],[-114.0274,45.6758],[-114.0155,45.6959],[-113.9382,45.6954],[-113.8952,45.6434],[-113.9037,45.6216],[-113.8612,45.6236],[-113.8074,45.6028],[-113.7971,45.5821],[-113.8209,45.5661],[-113.8341,45.5205],[-113.7666,45.5209],[-113.76,45.4807],[-113.7835,45.452],[-113.7601,45.4274],[-113.776,45.4085],[-113.7344,45.3924],[-113.7381,45.3284],[-113.6808,45.2793],[-113.6925,45.2634],[-113.5919,45.1842],[-113.5907,45.1559],[-113.5654,45.1487],[-113.5698,45.1243],[-113.5103,45.1155],[-113.5226,45.0927],[-113.4853,45.0635],[-113.452,45.0592],[-113.4439,44.9602],[-113.4984,44.9417],[-113.4719,44.9095],[-113.478,44.8952],[-113.4216,44.8376],[-113.3561,44.8198],[-113.34,44.7848],[-113.2465,44.8227],[-113.1318,44.773],[-113.1343,44.7523],[-113.0678,44.6788],[-113.0498,44.6291],[-113.0875,44.5995],[-113.0378,44.5651],[-113.0442,44.5434],[-113.008,44.5272],[-113.0265,44.4962],[-113.002,44.4499],[-112.9396,44.4125],[-112.8847,44.4021],[-112.8815,44.3796],[-112.8551,44.36],[-112.8138,44.3762],[-112.8138,44.2303],[-112.8111,44.3989],[-112.8394,44.4238],[-112.7798,44.4846],[-112.7191,44.5043],[-112.6636,44.4862],[-112.5417,44.4838],[-112.5002,44.463],[-112.4739,44.4792],[-112.3863,44.4478],[-112.3585,44.4857],[-112.3542,44.5356],[-112.3192,44.5391],[-112.286,44.5686],[-112.2428,44.5681],[-112.2217,44.5435],[-112.1371,44.5398],[-112.1068,44.5208],[-112.0696,44.5369],[-112.0324,44.5287],[-112.0327,44.5466],[-111.9775,44.5358],[-111.9489,44.5563],[-111.8704,44.5635],[-111.8215,44.5089],[-111.7156,44.5434],[-111.7042,44.5596],[-111.6173,44.5503],[-111.5865,44.5627],[-111.5153,44.537],[-111.4637,44.5416],[-111.4693,44.5576],[-111.51,44.5652],[-111.5013,44.5725],[-111.5252,44.6052],[-111.5025,44.6268],[-111.5162,44.6441],[-111.4723,44.6669],[-111.4888,44.7056],[-111.4427,44.7202],[-111.4143,44.7107],[-111.3925,44.7524],[-111.3552,44.7272],[-111.3231,44.7286],[-111.2697,44.6688],[-111.2764,44.6496],[-111.2532,44.6512],[-111.2201,44.6221],[-111.24,44.6148],[-111.2275,44.5772],[-111.181,44.5692],[-111.1738,44.5493],[-111.1314,44.5324],[-111.1307,44.5001],[-111.049,44.4741],[-111.0467,42.0017],[-114.2818,41.9942]],[[-113.0,41.9982],[-113.0,42.3274],[-112.654,42.3289],[-113.0016,42.3274],[-113.0,41.9982]],[[-114.9603,42.9149],[-115.0868,42.9147],[-115.0378,42.9119],[-114.9603,42.9149]],[[-115.0853,43.1981],[-113.7146,43.1998],[-113.4139,43.1999],[-114.375,43.1996],[-115.0853,43.1981]],[[-114.9728,43.8716],[-114.9967,43.9144],[-114.9751,43.8698],[-114.9728,43.8716]],[[-114.8881,43.9891],[-114.9668,43.9377],[-115.0385,43.9577],[-114.9714,43.9383],[-114.9967,43.9144],[-114.8881,43.9891]],[[-113.8356,43.6049],[-113.8272,43.6031],[-113.8619,43.644],[-113.8356,43.6049]],[[-113.8071,43.5727],[-113.8019,43.5733],[-113.8092,43.5819],[-113.8071,43.5727]],[[-113.7089,43.5837],[-113.7277,43.5901],[-113.774,43.5764],[-113.7089,43.5837]],[[-113.6656,43.5118],[-113.6969,43.5796],[-113.6991,43.5803],[-113.6656,43.5118]],[[-113.0073,43.2848],[-112.947,43.2848],[-113.362,43.2847],[-113.0073,43.2848]],[[-113.0077,43.1109],[-113.0078,42.8631],[-113.0073,43.2848],[-113.0077,43.1109]],[[-113.2509,42.6159],[-113.2251,42.6256],[-113.237,42.6253],[-113.2509,42.6159]],[[-113.3058,42.6299],[-113.3044,42.6287],[-113.2509,42.6159],[-113.3058,42.6299]],[[-116.1933,44.4937],[-116.157,44.4983],[-116.157,44.4989],[-116.1933,44.4937]],[[-116.2731,44.1512],[-116.1125,44.1478],[-116.2139,44.1514],[-116.2731,44.1512]],[[-116.3051,43.1206],[-116.2467,43.1045],[-116.2662,43.1123],[-115.9787,43.1134],[-116.3051,43.1206]],[[-116.348,44.3223],[-116.2997,44.4446],[-116.2999,44.4446],[-116.348,44.3223]],[[-116.5792,43.3062],[-116.5012,43.2821],[-116.433,43.2962],[-116.5119,43.2905],[-116.5792,43.3062]],[[-116.302,43.8073],[-116.664,43.8072],[-116.5125,43.8072],[-116.302,43.8073]],[[-113.6442,42.5455],[-113.5619,42.6507],[-113.5753,42.6456],[-113.6442,42.5455]],[[-113.5375,42.6602],[-113.4803,42.6699],[-113.5076,42.6717],[-113.5375,42.6602]],[[-113.3734,42.6865],[-113.3427,42.6608],[-113.371,42.6869],[-113.3734,42.6865]],[[-114.0425,42.5288],[-114.0064,42.5264],[-113.9741,42.5328],[-114.0425,42.5288]],[[-113.8841,42.5481],[-113.8291,42.5355],[-113.878,42.5497],[-113.8841,42.5481]],[[-114.3654,42.8508],[-114.5944,42.8509],[-114.6174,42.8509],[-114.3654,42.8508]],[[-113.7639,42.7645],[-113.7638,42.8498],[-113.7663,42.7645],[-113.7639,42.7645]],[[-114.1795,42.5323],[-114.1944,42.5388],[-114.15,42.4978],[-114.1795,42.5323]],[[-114.2374,42.5573],[-114.3329,42.5726],[-114.2073,42.5443],[-114.2374,42.5573]],[[-116.3294,46.9542],[-116.3295,46.628],[-116.3294,46.9347],[-116.3294,46.9542]],[[-116.1271,46.2986],[-116.1701,46.3713],[-116.1721,46.3722],[-116.1271,46.2986]],[[-116.3688,46.3432],[-116.3687,46.3548],[-116.3823,46.3443],[-116.3688,46.3432]],[[-116.621,46.6297],[-116.624,46.628],[-116.4874,46.6289],[-116.621,46.6297]],[[-116.9774,47.0891],[-116.9574,47.0709],[-116.9564,47.071],[-116.9774,47.0891]],[[-116.9758,47.1205],[-116.9716,47.1178],[-116.9712,47.12],[-116.9758,47.1205]],[[-116.2399,48.0676],[-116.242,48.0688],[-116.2822,48.0594],[-116.2399,48.0676]],[[-113.4165,44.2334],[-113.3207,44.2335],[-113.3213,44.236],[-113.4165,44.2334]],[[-114.7092,45.1906],[-114.716,45.1877],[-114.7186,45.182],[-114.7092,45.1906]],[[-114.7238,45.1703],[-114.7323,45.1512],[-114.7277,45.1385],[-114.7238,45.1703]],[[-114.7207,45.0889],[-114.7355,44.9723],[-114.7231,45.0053],[-114.7207,45.0889]],[[-114.8124,44.8083],[-114.8038,44.8209],[-114.9364,44.733],[-114.8124,44.8083]],[[-115.9565,43.5895],[-115.9448,43.6088],[-115.9723,43.5911],[-115.9565,43.5895]],[[-115.0745,43.944],[-115.073,43.9446],[-115.0925,43.9584],[-115.0745,43.944]],[[-115.0097,43.7156],[-115.0137,43.7193],[-115.0088,43.6969],[-115.0097,43.7156]],[[-115.0423,43.7456],[-115.0198,43.823],[-115.0382,43.768],[-115.0423,43.7456]],[[-115.1752,44.293],[-115.1772,44.2923],[-115.1569,44.2451],[-115.1752,44.293]],[[-115.1914,44.2875],[-115.1997,44.2847],[-115.1979,44.2828],[-115.1914,44.2875]],[[-115.2946,44.3394],[-115.2933,44.3347],[-115.2305,44.4206],[-115.2946,44.3394]],[[-114.996,44.7287],[-114.9561,44.721],[-114.9489,44.7254],[-114.996,44.7287]],[[-115.0806,44.7676],[-115.0328,44.735],[-115.0757,44.7692],[-115.0806,44.7676]],[[-115.1519,44.7286],[-115.1033,44.7603],[-115.1179,44.7557],[-115.1519,44.7286]],[[-115.2981,44.5552],[-115.305,44.5796],[-115.3001,44.5593],[-115.2981,44.5552]],[[-115.2383,44.511],[-115.2858,44.5294],[-115.2805,44.5186],[-115.2383,44.511]],[[-115.229,44.4302],[-115.2236,44.4634],[-115.2383,44.511],[-115.229,44.4302]],[[-114.7744,45.5136],[-114.7841,45.5067],[-114.7355,45.4984],[-114.7744,45.5136]],[[-114.798,45.4968],[-114.7932,45.4363],[-114.7937,45.4999],[-114.798,45.4968]],[[-114.6595,45.2486],[-114.6809,45.2167],[-114.5933,45.2974],[-114.6595,45.2486]],[[-115.7297,46.3664],[-115.6346,46.4373],[-115.7288,46.3694],[-115.7297,46.3664]],[[-115.7901,46.2689],[-115.7788,46.2674],[-115.7487,46.2967],[-115.7901,46.2689]],[[-112.4198,42.503],[-112.4981,42.503],[-112.3845,42.5031],[-112.4198,42.503]],[[-112.1233,42.2852],[-111.9838,42.2855],[-112.156,42.2945],[-112.1233,42.2852]],[[-111.5798,42.4299],[-111.5992,42.4154],[-111.5992,42.415],[-111.5798,42.4299]],[[-111.6345,42.5703],[-111.6261,42.5502],[-111.6277,42.5747],[-111.6345,42.5703]],[[-111.6186,42.1817],[-111.6238,42.1997],[-111.6257,42.1907],[-111.6186,42.1817]],[[-112.6952,43.9719],[-112.6982,43.6231],[-112.6947,44.0585],[-112.6952,43.9719]],[[-112.1144,43.6251],[-111.4262,43.6225],[-111.626,43.6268],[-112.1144,43.6251]],[[-112.7417,42.9106],[-112.7375,42.9054],[-112.7347,42.9077],[-112.7417,42.9106]],[[-112.7322,42.9382],[-112.7484,42.9188],[-112.7461,42.9161],[-112.7322,42.9382]],[[-112.7465,42.9522],[-112.7479,42.9496],[-112.7322,42.9382],[-112.7465,42.9522]],[[-111.9169,42.6173],[-111.9216,42.6259],[-111.9163,42.5243],[-111.9169,42.6173]],[[-111.9269,42.6356],[-111.9465,42.6355],[-111.9252,42.6325],[-111.9269,42.6356]],[[-112.0989,42.7019],[-112.1277,42.7388],[-112.1059,42.6992],[-112.0989,42.7019]],[[-112.1388,42.7589],[-112.1453,42.796],[-112.141,42.7631],[-112.1388,42.7589]],[[-112.7698,42.9142],[-112.8166,42.8632],[-112.7836,42.8875],[-112.7698,42.9142]],[[-111.9768,43.9274],[-111.977,43.9709],[-111.9835,43.7538],[-111.9768,43.9274]],[[-111.4987,43.9286],[-111.5012,43.9292],[-111.5579,43.9027],[-111.4987,43.9286]],[[-111.3988,43.9229],[-111.3545,43.9481],[-111.4252,43.9104],[-111.3988,43.9229]]]}},{"type":"Feature","properties":{"StateFIPS":"49","state":"Utah"},"geometry":{"type":"Polygon","coordinates":[[[-109.0452,36.9991],[-114.0506,37.0004],[-114.0525,37.6048],[-114.0415,41.9939],[-111.0467,42.0017],[-111.0467,40.998],[-109.0501,41.0007],[-109.0601,38.2755],[-109.0418,38.1647],[-109.0452,36.9991]],[[-112.4788,38.1474],[-109.9307,38.1475],[-114.0499,38.1488],[-112.4788,38.1474]],[[-110.0339,38.5073],[-110.0253,38.5],[-109.06,38.5],[-110.0339,38.5073]],[[-112.9012,37.5435],[-110.6468,37.5406],[-110.6468,37.5406],[-112.6838,37.5437],[-112.9012,37.5435]],[[-112.0103,41.6381],[-112.0159,41.6583],[-112.0519,41.6999],[-112.0103,41.6381]],[[-111.9966,41.5576],[-111.9818,41.5341],[-112.0023,41.6088],[-111.9966,41.5576]],[[-111.9356,41.5489],[-111.9367,41.5507],[-111.938,41.5502],[-111.9356,41.5489]],[[-111.8763,41.4864],[-111.8756,41.4897],[-111.9042,41.4973],[-111.8763,41.4864]],[[-111.9033,41.468],[-111.8784,41.4759],[-111.8769,41.483],[-111.9033,41.468]],[[-111.9166,41.4604],[-111.8815,41.4354],[-111.9068,41.4194],[-111.8855,41.4263],[-111.8686,41.3987],[-111.8816,41.441],[-111.9166,41.4604]],[[-111.7606,41.3688],[-111.7494,41.3712],[-111.7927,41.3913],[-111.7606,41.3688]],[[-111.7258,41.3763],[-111.7065,41.4049],[-111.7432,41.3726],[-111.7258,41.3763]],[[-111.5074,41.4209],[-111.5059,41.4352],[-111.5108,41.4231],[-111.5074,41.4209]],[[-111.4776,41.3843],[-111.4492,41.3729],[-111.4765,41.392],[-111.4776,41.3843]],[[-111.4207,41.3613],[-111.3841,41.374],[-111.4273,41.3639],[-111.4207,41.3613]],[[-111.7491,41.2145],[-111.7683,41.2155],[-111.6848,41.1806],[-111.7491,41.2145]],[[-111.8,41.2172],[-111.873,41.1878],[-111.7808,41.2162],[-111.8,41.2172]],[[-111.8589,41.1433],[-111.8562,41.1391],[-111.8512,41.1113],[-111.8446,41.1218],[-111.8589,41.1433]],[[-111.8359,41.0276],[-111.7769,40.9612],[-111.7756,40.9614],[-111.8359,41.0276]],[[-111.7642,40.8885],[-111.764,40.889],[-111.7655,40.8904],[-111.7642,40.8885]],[[-111.7389,40.8612],[-111.664,40.8502],[-111.7683,40.8756],[-111.7389,40.8612]],[[-111.6661,40.8321],[-111.6497,40.8183],[-111.664,40.8502],[-111.6661,40.8321]],[[-111.6491,40.7734],[-111.6411,40.7989],[-111.6416,40.8002],[-111.6491,40.7734]],[[-111.5639,40.5851],[-111.5444,40.6079],[-111.5533,40.6093],[-111.5639,40.5851]],[[-112.1437,40.4704],[-112.1738,40.4702],[-112.2142,40.4523],[-112.1437,40.4704]],[[-111.2477,39.4672],[-111.2475,39.7044],[-111.2475,39.8122],[-111.2475,39.8122],[-111.2477,39.4672]],[[-111.3057,38.5016],[-112.5169,38.5104],[-112.5169,38.5104],[-111.3057,38.5016]],[[-112.0141,39.0455],[-112.0158,39.3369],[-112.0189,38.9959],[-112.0141,39.0455]],[[-112.4444,38.406],[-112.4417,38.4066],[-112.4461,38.4104],[-112.4444,38.406]],[[-112.4846,38.6225],[-112.4926,38.6006],[-112.4848,38.6006],[-112.4846,38.6225]],[[-111.9218,41.4145],[-111.9583,41.4339],[-111.9272,41.4128],[-111.9218,41.4145]],[[-111.4893,41.4764],[-111.4431,41.5313],[-111.4782,41.5038],[-111.4893,41.4764]],[[-110.8578,39.8133],[-111.1414,39.8125],[-110.1326,39.8075],[-110.8578,39.8133]],[[-110.024,39.4693],[-109.1069,39.4621],[-111.0775,39.4697],[-110.024,39.4693]],[[-109.8867,38.1835],[-109.8894,38.1845],[-109.8986,38.1767],[-109.8867,38.1835]],[[-109.9727,38.1117],[-109.9293,38.1404],[-109.9302,38.1452],[-109.9727,38.1117]],[[-110.0081,38.1098],[-110.0263,38.097],[-109.9971,38.105],[-110.0081,38.1098]],[[-109.9938,38.5255],[-110.0442,38.516],[-110.0371,38.51],[-109.9938,38.5255]],[[-109.988,38.5638],[-109.9923,38.5649],[-110.0056,38.5432],[-109.988,38.5638]],[[-110.0587,38.582],[-110.0143,38.5612],[-109.9963,38.5659],[-110.0587,38.582]],[[-109.996,38.6083],[-109.9995,38.6118],[-110.0024,38.5884],[-109.996,38.6083]],[[-110.0111,38.6239],[-110.0211,38.614],[-110.0036,38.6161],[-110.0111,38.6239]],[[-110.1362,38.8638],[-110.139,38.864],[-110.1456,38.8393],[-110.1362,38.8638]],[[-110.1763,38.9159],[-110.1788,38.9069],[-110.1598,38.8912],[-110.1763,38.9159]],[[-110.1382,38.9244],[-110.1733,38.927],[-110.1753,38.9197],[-110.1382,38.9244]],[[-110.8976,40.7028],[-110.8852,40.7163],[-110.8924,40.727],[-110.8976,40.7028]],[[-110.1029,40.8079],[-109.9897,40.8095],[-110.0007,40.8137],[-110.1029,40.8079]],[[-111.621,40.4498],[-111.6191,40.4483],[-111.6195,40.451],[-111.621,40.4498]],[[-111.438,40.3218],[-111.4532,40.3403],[-111.4803,40.3622],[-111.438,40.3218]],[[-111.4573,40.3007],[-111.4507,40.2955],[-111.438,40.3218],[-111.4573,40.3007]],[[-111.4443,40.2904],[-111.4261,40.2923],[-111.4479,40.2933],[-111.4443,40.2904]],[[-111.3114,40.2846],[-111.3152,40.2876],[-111.3301,40.2882],[-111.3114,40.2846]],[[-111.2648,40.2423],[-111.279,40.2589],[-111.2957,40.2722],[-111.2648,40.2423]],[[-111.5441,41.0395],[-111.5551,41.0322],[-111.5588,41.011],[-111.5441,41.0395]],[[-111.4829,41.0678],[-111.5081,41.0631],[-111.5268,41.0508],[-111.4829,41.0678]],[[-111.417,41.074],[-111.3807,41.087],[-111.4302,41.0777],[-111.417,41.074]],[[-111.2328,41.1429],[-111.265,41.144],[-111.3672,41.1295],[-111.2328,41.1429]],[[-111.0623,41.2471],[-111.0758,41.2433],[-111.1015,41.2077],[-111.0623,41.2471]]]}},{"type":"Feature","properties":{"StateFIPS":"35","state":"New Mexico"},"geometry":{"type":"Polygon","coordinates":[[[-109.05,31.3325],[-109.0459,34.9598],[-109.046,36.0027],[-109.0452,36.9991],[-103.0022,37.0001],[-103.0024,36.5004],[-103.0419,36.5004],[-103.0439,34.3026],[-103.0644,32.0005],[-104.8477,32.0001],[-106.3772,32.0012],[-106.6185,32.0005],[-106.6395,31.9803],[-106.6196,31.9716],[-106.6297,31.9266],[-106.6118,31.92],[-106.6455,31.8987],[-106.6292,31.8837],[-106.6359,31.8662],[-106.602,31.8444],[-106.6027,31.825],[-106.5471,31.8073],[-106.5282,31.7831],[-108.21,31.7837],[-108.2212,32.0799],[-108.2086,31.3334],[-109.05,31.3325]],[[-107.865,33.2],[-108.0006,33.2013],[-109.0472,33.2089],[-107.865,33.2]],[[-107.3087,35.9986],[-107.6265,36.0003],[-109.046,36.0027],[-107.3087,35.9986]],[[-104.0088,36.2181],[-104.0089,36.1745],[-104.0079,36.9962],[-104.0088,36.2181]],[[-103.5101,33.5701],[-103.7208,33.5695],[-103.0526,33.5706],[-103.5101,33.5701]],[[-104.8444,32.5205],[-104.8515,32.5205],[-104.8477,32.0001],[-104.8444,32.5205]],[[-107.2995,32.7801],[-107.2996,32.6054],[-107.2968,31.7838],[-107.2995,32.7801]],[[-107.6085,32.6054],[-107.924,32.6044],[-107.2996,32.6054],[-107.6085,32.6054]],[[-105.5158,36.0165],[-105.5724,35.9725],[-105.5371,35.9909],[-105.5158,36.0165]],[[-105.7168,36.0023],[-105.7167,35.9785],[-105.7096,35.976],[-105.7168,36.0023]],[[-106.2439,35.04],[-105.2909,35.042],[-105.2909,35.042],[-105.7144,35.0416],[-106.2439,35.04]],[[-106.2439,35.045],[-106.2438,34.9534],[-106.2439,35.04],[-106.2439,35.045]],[[-106.4118,34.8703],[-106.4639,34.8702],[-106.1497,34.8701],[-106.4118,34.8703]],[[-106.4169,34.4397],[-106.416,34.2598],[-106.4169,34.5217],[-106.4169,34.4397]],[[-106.3728,33.4799],[-106.3719,33.3906],[-106.3737,33.6605],[-106.3728,33.4799]],[[-106.3457,33.3906],[-105.7272,33.3906],[-106.3719,33.3906],[-106.3457,33.3906]],[[-107.332,34.5787],[-108.3659,34.5787],[-107.7248,34.5781],[-107.332,34.5787]],[[-106.4295,34.9034],[-106.6862,34.9062],[-106.4287,34.9019],[-106.4295,34.9034]],[[-107.8298,32.9639],[-107.774,32.9432],[-107.7741,32.9506],[-107.8298,32.9639]],[[-107.3094,35.3057],[-107.6288,35.3043],[-107.2389,35.3055],[-107.3094,35.3057]],[[-106.2505,35.7558],[-106.2082,35.7781],[-106.2507,35.756],[-106.2505,35.7558]],[[-106.1733,35.8269],[-106.2442,35.8385],[-106.2254,35.8288],[-106.1733,35.8269]],[[-106.2472,36.0014],[-106.2483,35.8557],[-106.2482,35.8406],[-106.2472,36.0014]],[[-106.4185,35.8256],[-106.4153,35.8224],[-106.4166,35.8258],[-106.4185,35.8256]],[[-106.4007,35.8076],[-106.357,35.8164],[-106.4046,35.8115],[-106.4007,35.8076]],[[-105.3128,34.607],[-105.3132,34.26],[-105.3131,34.3472],[-105.3128,34.607]],[[-104.1251,35.1421],[-104.1251,35.2157],[-104.1289,34.6052],[-104.1251,35.1421]],[[-104.1289,34.6052],[-103.7382,34.6047],[-103.7061,34.605],[-104.1289,34.6052]],[[-104.7861,34.0001],[-104.3174,33.9959],[-104.1563,33.9954],[-104.7861,34.0001]],[[-104.1556,34.0832],[-103.8417,34.0819],[-103.946,34.0825],[-104.1556,34.0832]],[[-103.8145,32.9651],[-103.7664,32.9653],[-104.8416,32.9632],[-103.8145,32.9651]],[[-105.0073,35.7712],[-104.8101,35.7781],[-104.863,35.7779],[-105.0073,35.7712]],[[-105.3766,36.253],[-104.8653,36.2614],[-105.3413,36.2619],[-105.3275,36.277],[-105.3766,36.253]],[[-105.3278,36.4012],[-105.3278,36.3843],[-105.3251,36.3886],[-105.3278,36.4012]],[[-105.3378,36.4398],[-105.3327,36.4237],[-105.336,36.4389],[-105.3378,36.4398]]]}},{"type":"Feature","properties":{"StateFIPS":"08","state":"Colorado"},"geometry":{"type":"Polygon","coordinates":[[[-102.0421,36.993],[-109.0452,36.9991],[-109.0418,38.153],[-109.0601,38.2755],[-109.0501,41.0007],[-106.1906,40.9976],[-103.5738,41.0017],[-102.6535,41.0023],[-102.0517,41.0024],[-102.0421,36.993]],[[-107.9658,38.1523],[-107.9583,38.1525],[-109.0418,38.153],[-107.9658,38.1523]],[[-108.8957,39.6572],[-108.8957,39.6605],[-109.051,39.6605],[-108.8957,39.6572]],[[-102.6594,40.7052],[-102.6509,40.7053],[-102.6535,41.0023],[-102.6594,40.7052]],[[-105.8993,40.4656],[-105.9033,40.4008],[-105.893,40.4686],[-105.8993,40.4656]],[[-106.1705,40.344],[-106.1739,40.3429],[-106.1364,40.3303],[-106.1705,40.344]],[[-106.2228,40.3271],[-106.1969,40.3256],[-106.1759,40.3422],[-106.2228,40.3271]],[[-106.2657,40.3609],[-106.239,40.328],[-106.2338,40.3277],[-106.2657,40.3609]],[[-106.6017,40.3774],[-106.601,40.3758],[-106.5349,40.3651],[-106.6017,40.3774]],[[-106.6266,39.9233],[-106.5839,39.9236],[-106.6266,39.9248],[-106.6323,40.3416],[-106.6266,39.9233]],[[-106.2068,39.3796],[-106.2065,39.3796],[-106.2067,39.3796],[-106.2068,39.3796]],[[-105.8297,39.5649],[-105.8384,39.573],[-105.8158,39.552],[-105.8297,39.5649]],[[-105.3979,39.1296],[-105.3978,39.9129],[-105.398,39.9349],[-105.3989,39.5661],[-105.3979,39.1296]],[[-105.3304,39.1295],[-105.3171,39.1295],[-105.3979,39.1296],[-105.3304,39.1295]],[[-105.44,39.9384],[-105.6786,39.9339],[-105.398,39.9349],[-105.44,39.9384]],[[-105.1349,39.8893],[-105.1329,39.8926],[-105.1656,39.891],[-105.1349,39.8893]],[[-105.1287,39.9],[-105.1365,39.9],[-105.132,39.8942],[-105.1287,39.9]],[[-105.0906,39.8989],[-105.0831,39.902],[-105.0974,39.9046],[-105.0906,39.8989]],[[-105.0644,39.7911],[-104.9285,39.785],[-104.9405,39.7946],[-105.0644,39.7911]],[[-105.1099,39.6271],[-105.1081,39.6267],[-105.1083,39.6278],[-105.1099,39.6271]],[[-105.0651,39.6186],[-105.0802,39.6295],[-105.1012,39.6254],[-105.0651,39.6186]],[[-105.0535,39.6209],[-105.0322,39.6289],[-105.0556,39.6375],[-105.0535,39.6209]],[[-105.0487,39.5661],[-104.6602,39.5659],[-103.8413,39.5663],[-105.0487,39.5661]],[[-104.8739,39.1295],[-104.0516,39.1281],[-104.6625,39.1295],[-104.8739,39.1295]],[[-104.9422,38.6501],[-104.9404,38.2583],[-104.9415,38.5196],[-104.9399,38.7965],[-104.9422,38.6501]],[[-105.7969,38.265],[-105.0492,38.258],[-104.9404,38.2583],[-105.7969,38.265]],[[-105.7984,38.2659],[-105.7898,38.2444],[-105.7969,38.265],[-105.7984,38.2659]],[[-104.0539,38.5224],[-103.1729,38.5253],[-104.9415,38.5196],[-104.0539,38.5224]],[[-103.5081,38.2641],[-103.4163,38.2652],[-103.5018,38.265],[-103.5047,38.5164],[-103.5081,38.2641]],[[-105.0778,37.953],[-105.0632,37.917],[-105.0137,37.8813],[-105.0499,37.9155],[-105.0778,37.953]],[[-107.1134,39.3661],[-107.428,39.3662],[-106.4265,39.3619],[-107.1134,39.3661]],[[-105.8817,38.6089],[-105.8871,38.6213],[-105.9149,38.6321],[-105.9157,38.63],[-105.8817,38.6089]],[[-105.878,38.6006],[-105.8799,38.6048],[-105.9087,38.5056],[-105.878,38.6006]],[[-105.8583,38.2984],[-106.0108,38.4466],[-106.0114,38.4467],[-105.8583,38.2984]],[[-106.0881,38.4223],[-106.0869,38.4237],[-106.2373,38.4228],[-106.0881,38.4223]],[[-107.0006,37.956],[-107.0006,38.4256],[-107.0011,38.1471],[-107.0006,37.956]],[[-107.009,37.9465],[-106.9683,37.9748],[-107.0006,37.956],[-107.009,37.9465]],[[-106.7599,37.8836],[-106.801,37.9137],[-106.7731,37.8856],[-106.7599,37.8836]],[[-106.6972,37.8761],[-106.7245,37.8782],[-106.697,37.874],[-106.6972,37.8761]],[[-106.6938,37.8352],[-106.6939,37.836],[-106.6956,37.6643],[-106.6938,37.8352]],[[-105.4573,37.7515],[-106.5864,37.7478],[-106.0384,37.7484],[-105.4573,37.7515]],[[-105.4573,37.7515],[-105.4773,37.7077],[-105.4542,37.724],[-105.4385,37.8032],[-105.4549,37.7957],[-105.4573,37.7515]],[[-105.4986,37.6141],[-105.4981,37.6129],[-105.4773,37.7077],[-105.4986,37.6141]],[[-106.0393,37.4009],[-106.0389,37.357],[-106.0384,37.7484],[-106.0393,37.4009]],[[-106.7108,37.4042],[-106.7116,37.6643],[-106.7108,37.4028],[-106.0393,37.4009],[-106.7108,37.4042]],[[-107.8662,37.7798],[-107.8608,37.7755],[-107.8569,37.7771],[-107.8662,37.7798]],[[-107.7825,37.8678],[-107.7383,37.9054],[-107.7385,37.9145],[-107.7825,37.8678]],[[-107.6981,37.8932],[-107.6957,37.8924],[-107.6379,37.9209],[-107.6981,37.8932]],[[-107.5826,37.9676],[-107.5873,37.9699],[-107.587,37.9685],[-107.5826,37.9676]],[[-107.588,37.9741],[-107.5871,37.9931],[-107.5914,37.9923],[-107.588,37.9741]],[[-107.5647,38.097],[-107.5606,38.0942],[-107.5802,38.2308],[-107.5647,38.097]],[[-107.1287,37.3924],[-107.1239,37.675],[-107.1287,37.4229],[-107.1287,37.3924]],[[-108.2614,37.235],[-108.2197,37.2874],[-108.2852,37.2248],[-108.2614,37.235]],[[-108.2905,37.146],[-108.2916,37.2186],[-108.2973,37.2132],[-108.2905,37.146]],[[-108.3342,37.0559],[-108.3216,37.0946],[-108.3534,37.0422],[-108.3342,37.0559]],[[-107.4805,37.8171],[-107.4855,37.8224],[-107.5165,37.8265],[-107.4805,37.8171]],[[-107.4612,37.7884],[-107.4592,37.7941],[-107.4697,37.8054],[-107.4612,37.7884]],[[-107.4822,37.7684],[-107.469,37.7662],[-107.4648,37.7783],[-107.4822,37.7684]],[[-108.3791,38.5],[-108.3787,38.6681],[-108.3783,38.8292],[-108.379,38.829],[-108.3791,38.5]],[[-107.5,38.3019],[-107.5006,39.2179],[-107.5007,38.6686],[-107.5,38.3019]],[[-107.4844,39.2352],[-107.5428,39.1822],[-107.5006,39.2179],[-107.4844,39.2352]],[[-107.3945,39.2563],[-107.3913,39.2606],[-107.3963,39.2563],[-107.3945,39.2563]],[[-106.9064,38.9921],[-106.9025,38.9936],[-106.9961,39.0342],[-106.9064,38.9921]],[[-106.8469,38.987],[-106.8348,38.9847],[-106.8617,39.0094],[-106.8469,38.987]],[[-106.8019,38.9783],[-106.798,38.9826],[-106.812,38.9803],[-106.8019,38.9783]],[[-106.6966,39.0544],[-106.703,39.0559],[-106.7407,39.0459],[-106.6966,39.0544]],[[-106.5992,38.998],[-106.6254,39.0109],[-106.6116,38.9954],[-106.5957,38.9964],[-106.5972,39.0448],[-106.5992,38.998]],[[-106.5267,38.9554],[-106.4902,38.9287],[-106.5276,38.9695],[-106.5267,38.9554]],[[-106.465,38.9104],[-106.462,38.9116],[-106.4717,38.9152],[-106.465,38.9104]],[[-107.9376,38.219],[-107.945,38.1667],[-107.9381,38.1739],[-107.9376,38.219]],[[-107.7447,37.9441],[-107.739,37.9318],[-107.7391,37.9393],[-107.7447,37.9441]],[[-107.7955,37.9885],[-107.7816,37.9632],[-107.7583,37.956],[-107.7955,37.9885]],[[-106.5862,39.094],[-106.5785,39.0576],[-106.578,39.0579],[-106.5862,39.094]],[[-107.3798,39.2757],[-107.3814,39.2764],[-107.3802,39.2752],[-107.3798,39.2757]],[[-106.5027,39.2981],[-106.4321,39.3167],[-106.4314,39.3219],[-106.5027,39.2981]],[[-106.6369,40.7895],[-106.6355,40.8114],[-106.6382,40.8129],[-106.6369,40.7895]],[[-106.6671,40.4761],[-106.6649,40.4723],[-106.6558,40.5091],[-106.6671,40.4761]],[[-107.0374,40.0915],[-107.034,39.9198],[-107.0381,40.2254],[-107.0374,40.0915]],[[-105.9698,38.6936],[-105.237,38.6973],[-105.329,38.6976],[-105.9698,38.6936]],[[-105.7433,37.3568],[-105.4423,37.6119],[-105.4855,37.5779],[-105.7433,37.3568]],[[-105.1665,37.3777],[-105.1689,37.3756],[-105.1646,37.2891],[-105.1665,37.3777]],[[-105.4776,37.8804],[-105.4445,37.8707],[-105.4505,37.8781],[-105.4776,37.8804]],[[-105.4732,37.896],[-105.4783,37.901],[-105.4776,37.8804],[-105.4732,37.896]],[[-105.0528,40.0003],[-104.9896,40.0077],[-105.053,40.0005],[-105.0528,39.9777],[-105.0528,40.0003]],[[-105.0158,39.9812],[-104.9972,39.9726],[-104.9974,39.9812],[-105.0158,39.9812]],[[-105.6533,40.2605],[-105.0564,40.2618],[-105.6736,40.2672],[-105.6533,40.2605]],[[-105.9282,39.6986],[-105.9246,39.699],[-105.8837,39.737],[-105.9282,39.6986]],[[-105.6969,39.8471],[-105.6903,39.852],[-105.6997,39.8915],[-105.6969,39.8471]],[[-106.296,39.9159],[-106.2501,39.9129],[-106.252,39.9147],[-106.296,39.9159]],[[-105.7757,39.6065],[-105.7827,39.629],[-105.7896,39.6306],[-105.7757,39.6065]],[[-105.6529,39.8466],[-105.6026,39.8181],[-105.6333,39.8437],[-105.6529,39.8466]],[[-105.0833,39.9417],[-105.0766,39.9433],[-105.0752,39.9477],[-105.0833,39.9417]],[[-105.088,39.9598],[-105.074,39.9514],[-105.072,39.9577],[-105.088,39.9598]],[[-105.08,39.9615],[-105.0717,39.9681],[-105.088,39.9598],[-105.08,39.9615]],[[-105.8151,40.4232],[-105.8068,40.4739],[-105.8172,40.4265],[-105.8151,40.4232]],[[-105.7806,40.3765],[-105.8059,40.4093],[-105.7873,40.3809],[-105.7806,40.3765]],[[-105.6765,40.2692],[-105.7017,40.3243],[-105.6822,40.2732],[-105.6765,40.2692]],[[-105.6776,40.1885],[-105.6599,40.2408],[-105.6654,40.2373],[-105.6776,40.1885]],[[-105.6855,39.9373],[-105.6929,39.9477],[-105.6932,39.9412],[-105.6855,39.9373]],[[-104.0582,37.644],[-104.0582,38.0513],[-104.0639,37.7355],[-104.0582,37.644]],[[-102.818,37.6436],[-103.3311,37.6436],[-103.0759,37.6434],[-102.818,37.6436]],[[-105.0297,39.6298],[-105.0254,39.6314],[-105.0346,39.6533],[-105.0297,39.6298]],[[-104.866,39.6966],[-104.8836,39.7376],[-104.8851,39.7302],[-104.866,39.6966]],[[-103.7057,40.0013],[-103.7065,39.7399],[-103.7071,39.5663],[-103.7071,39.5663],[-103.7057,40.0013]],[[-103.6978,39.5663],[-103.1544,39.5657],[-102.8855,39.5677],[-103.6978,39.5663]],[[-103.1661,38.9037],[-103.163,39.0376],[-103.1544,39.5657],[-103.1661,38.9037]],[[-104.7347,39.7692],[-104.8282,39.7724],[-104.8564,39.7686],[-104.7347,39.7692]],[[-103.4654,40.4363],[-103.4672,40.5233],[-103.472,40.0015],[-103.4654,40.4363]]]}},{"type":"Feature","properties":{"StateFIPS":"22","state":"Louisiana"},"geometry":{"type":"MultiPolygon","coordinates":[[[[-93.9288,29.7971],[-93.9164,29.825],[-93.8543,29.865],[-93.7901,29.9866],[-93.7214,30.0525],[-93.7006,30.0637],[-93.7341,30.0861],[-93.6886,30.1404],[-93.7065,30.1474],[-93.7055,30.1929],[-93.719,30.2087],[-93.7046,30.2899],[-93.7439,30.304],[-93.7658,30.3333],[-93.7568,30.3912],[-93.6983,30.4449],[-93.7168,30.4819],[-93.7073,30.5114],[-93.7395,30.538],[-93.7278,30.5741],[-93.6787,30.5941],[-93.6831,30.6408],[-93.6204,30.6942],[-93.6148,30.7561],[-93.5921,30.7637],[-93.5822,30.8031],[-93.5546,30.8232],[-93.568,30.843],[-93.5567,30.8721],[-93.573,30.8876],[-93.5492,30.8974],[-93.5584,30.9135],[-93.526,30.9375],[-93.5318,30.9582],[-93.5728,30.9707],[-93.5641,30.988],[-93.5782,31.0],[-93.5083,31.0324],[-93.5312,31.0517],[-93.5189,31.0619],[-93.5277,31.0746],[-93.5635,31.094],[-93.5397,31.1144],[-93.5487,31.1558],[-93.5314,31.179],[-93.5525,31.1856],[-93.5885,31.1656],[-93.6073,31.2054],[-93.5968,31.228],[-93.6183,31.2331],[-93.6203,31.271],[-93.6441,31.2716],[-93.6869,31.3052],[-93.6684,31.353],[-93.6393,31.3715],[-93.6701,31.3657],[-93.6741,31.3977],[-93.7049,31.4109],[-93.6925,31.4382],[-93.7092,31.445],[-93.7039,31.4555],[-93.7495,31.4687],[-93.7134,31.5148],[-93.7877,31.5273],[-93.8349,31.5862],[-93.8381,31.6068],[-93.8168,31.6225],[-93.8265,31.6669],[-93.7945,31.7021],[-93.8169,31.7088],[-93.8135,31.7259],[-93.8361,31.7485],[-93.8234,31.7751],[-93.8709,31.8168],[-93.9013,31.8737],[-93.8974,31.8944],[-93.9267,31.8883],[-93.9233,31.9078],[-93.9739,31.9217],[-94.0173,31.9893],[-94.0418,31.9924],[-94.043,33.0192],[-91.1661,33.0043],[-91.214,32.9303],[-91.1702,32.8994],[-91.134,32.9177],[-91.1355,32.9797],[-91.0969,32.9864],[-91.0644,32.9011],[-91.1056,32.8584],[-91.145,32.8429],[-91.1653,32.7513],[-91.0545,32.7223],[-91.1277,32.6653],[-91.1536,32.6262],[-91.1186,32.5851],[-91.0498,32.6072],[-91.0258,32.6466],[-91.003,32.6226],[-91.0137,32.5984],[-91.0754,32.5467],[-91.0071,32.5164],[-90.9876,32.4924],[-91.0381,32.4904],[-91.0937,32.5491],[-91.116,32.4831],[-91.0529,32.4384],[-90.9939,32.4508],[-90.9696,32.4395],[-90.9678,32.4183],[-90.9941,32.4039],[-91.0001,32.3577],[-90.9124,32.3395],[-90.8756,32.3724],[-90.9162,32.3036],[-90.9478,32.2835],[-90.9807,32.2914],[-90.9694,32.2525],[-90.9952,32.1921],[-91.0029,32.223],[-91.039,32.2423],[-91.0614,32.2186],[-91.0837,32.2264],[-91.1173,32.2067],[-91.1325,32.2457],[-91.1214,32.213],[-91.1642,32.1969],[-91.1655,32.1343],[-91.0308,32.1206],[-91.0347,32.1011],[-91.08,32.0792],[-91.0823,32.0476],[-91.1393,32.0818],[-91.1616,32.0678],[-91.1563,32.0527],[-91.0881,32.0345],[-91.0759,32.0168],[-91.1041,31.9904],[-91.1644,31.9826],[-91.1883,31.961],[-91.1832,31.9162],[-91.2677,31.8627],[-91.245,31.8314],[-91.2556,31.8127],[-91.2822,31.8148],[-91.2934,31.8602],[-91.3457,31.8429],[-91.3655,31.7616],[-91.2596,31.7613],[-91.2755,31.7455],[-91.365,31.7482],[-91.3802,31.7332],[-91.378,31.7476],[-91.4,31.6979],[-91.401,31.6204],[-91.4367,31.6127],[-91.4977,31.6454],[-91.5167,31.6273],[-91.4852,31.5862],[-91.4039,31.5898],[-91.4376,31.5462],[-91.5225,31.5221],[-91.5151,31.4492],[-91.4721,31.3959],[-91.4725,31.3713],[-91.516,31.3703],[-91.545,31.433],[-91.5763,31.4105],[-91.569,31.3776],[-91.5462,31.3825],[-91.549,31.3473],[-91.508,31.3129],[-91.5156,31.2782],[-91.654,31.2558],[-91.5895,31.1911],[-91.626,31.1169],[-91.5599,31.0541],[-91.5784,31.024],[-91.6369,30.9994],[-89.7281,31.0023],[-89.728,30.9665],[-89.7563,30.9435],[-89.7448,30.9189],[-89.7736,30.8969],[-89.7717,30.8547],[-89.7925,30.8504],[-89.7824,30.818],[-89.7987,30.8209],[-89.8068,30.7891],[-89.8192,30.7952],[-89.8304,30.7798],[-89.8175,30.7373],[-89.8369,30.7347],[-89.8519,30.6612],[-89.8139,30.6368],[-89.8308,30.6176],[-89.8062,30.5675],[-89.7869,30.5691],[-89.8028,30.5579],[-89.6834,30.4518],[-89.6837,30.4059],[-89.6572,30.3565],[-89.6297,30.3393],[-89.6262,30.3143],[-89.6474,30.2913],[-89.6159,30.2232],[-89.5745,30.1817],[-89.5387,30.1958],[-89.5313,30.1823],[-89.595,30.1499],[-89.6853,30.1753],[-89.6255,30.1551],[-89.6807,30.1046],[-89.6849,30.0752],[-89.7309,30.0607],[-89.7177,30.0253],[-89.7679,30.0457],[-89.8183,30.0457],[-89.8576,29.9947],[-89.8434,29.9504],[-89.8193,29.9331],[-89.7198,29.9521],[-89.7472,29.9308],[-89.7449,29.9079],[-89.6654,29.8628],[-89.5964,29.8796],[-89.5704,29.9615],[-89.5801,29.9905],[-89.4915,30.0375],[-89.4844,30.0788],[-89.4311,30.0518],[-89.4426,30.0463],[-89.4304,30.0338],[-89.3727,30.0498],[-89.3746,30.0326],[-89.4078,30.0239],[-89.3991,30.0009],[-89.43,30.0289],[-89.4578,29.9982],[-89.4334,29.9912],[-89.4235,29.9634],[-89.3812,29.9595],[-89.3979,29.9548],[-89.3805,29.9416],[-89.3701,29.8921],[-89.3176,29.9212],[-89.2733,29.9938],[-89.2478,29.9973],[-89.25,29.9756],[-89.2255,29.9671],[-89.2324,29.9304],[-89.2798,29.9272],[-89.342,29.8831],[-89.3351,29.8728],[-89.2412,29.8851],[-89.2709,29.8521],[-89.306,29.8657],[-89.3124,29.8236],[-89.3275,29.8233],[-89.3408,29.8497],[-89.3857,29.8355],[-89.3794,29.8221],[-89.3493,29.8208],[-89.357,29.8],[-89.3365,29.7852],[-89.2925,29.7992],[-89.2857,29.7634],[-89.3947,29.7902],[-89.4308,29.7408],[-89.4303,29.7126],[-89.3878,29.68],[-89.4242,29.6976],[-89.4456,29.6519],[-89.4656,29.6517],[-89.4676,29.699],[-89.4851,29.72],[-89.5249,29.7266],[-89.5077,29.692],[-89.5249,29.6828],[-89.5145,29.6688],[-89.5315,29.6664],[-89.5003,29.6345],[-89.567,29.6586],[-89.6205,29.6361],[-89.6657,29.6431],[-89.6021,29.6103],[-89.6204,29.6053],[-89.6026,29.5822],[-89.6378,29.5967],[-89.6493,29.6252],[-89.6877,29.6162],[-89.6727,29.6091],[-89.6827,29.5969],[-89.6418,29.5756],[-89.6845,29.5633],[-89.6772,29.5377],[-89.6092,29.4898],[-89.5696,29.494],[-89.5721,29.4752],[-89.5452,29.4511],[-89.5228,29.4562],[-89.5388,29.4317],[-89.5196,29.4026],[-89.5529,29.4095],[-89.5613,29.3952],[-89.5123,29.3823],[-89.4701,29.4015],[-89.4221,29.3884],[-89.4217,29.3763],[-89.3837,29.3884],[-89.3375,29.3795],[-89.3483,29.3661],[-89.3386,29.3554],[-89.3084,29.3715],[-89.2667,29.3499],[-89.2354,29.3043],[-89.1878,29.342],[-89.1151,29.2529],[-89.1306,29.2266],[-89.1167,29.2195],[-89.122,29.2021],[-89.0963,29.188],[-89.026,29.2152],[-89.0105,29.1707],[-89.0471,29.1844],[-89.0512,29.1705],[-89.1118,29.16],[-89.097,29.1388],[-89.0395,29.1355],[-89.0666,29.0907],[-89.1037,29.1167],[-89.1165,29.0741],[-89.147,29.071],[-89.1586,29.0218],[-89.1377,29.0189],[-89.1429,28.9916],[-89.2187,29.0225],[-89.2215,29.0646],[-89.2517,29.0832],[-89.2594,29.0584],[-89.2832,29.0533],[-89.4179,28.9286],[-89.343,29.0577],[-89.31,29.071],[-89.3124,29.1175],[-89.2786,29.1376],[-89.2765,29.1736],[-89.295,29.1989],[-89.3285,29.1906],[-89.3319,29.1486],[-89.3506,29.1296],[-89.3996,29.1237],[-89.4828,29.2151],[-89.606,29.2536],[-89.6397,29.2905],[-89.8441,29.3226],[-89.8254,29.355],[-89.8015,29.3533],[-89.7906,29.3283],[-89.7597,29.3502],[-89.6468,29.3763],[-89.6233,29.3463],[-89.5955,29.356],[-89.6088,29.3875],[-89.6505,29.4104],[-89.6449,29.39],[-89.768,29.3894],[-89.7909,29.4108],[-89.8147,29.4001],[-89.8436,29.4217],[-89.8353,29.4522],[-89.816,29.4603],[-89.8364,29.4749],[-89.863,29.4703],[-89.8795,29.4345],[-89.9774,29.4596],[-89.9915,29.4461],[-89.9704,29.4318],[-90.0308,29.375],[-90.0206,29.4285],[-90.0428,29.368],[-90.0304,29.3449],[-90.0377,29.3092],[-90.0129,29.2945],[-90.0324,29.2816],[-90.0753,29.296],[-90.1081,29.265],[-90.0479,29.1896],[-90.1927,29.0999],[-90.2459,29.0934],[-90.2344,29.1288],[-90.2778,29.1428],[-90.2473,29.1471],[-90.2699,29.1555],[-90.2582,29.1715],[-90.2853,29.178],[-90.2672,29.1777],[-90.2592,29.1996],[-90.2728,29.199],[-90.3076,29.2707],[-90.3541,29.3054],[-90.3766,29.2933],[-90.3726,29.2648],[-90.404,29.2387],[-90.3767,29.3029],[-90.3967,29.2644],[-90.3976,29.31],[-90.4402,29.3494],[-90.4791,29.2922],[-90.5232,29.3042],[-90.5543,29.2852],[-90.583,29.3122],[-90.5992,29.2995],[-90.5927,29.2459],[-90.5618,29.235],[-90.616,29.2364],[-90.6118,29.2148],[-90.6357,29.2139],[-90.646,29.1706],[-90.685,29.1656],[-90.6943,29.1251],[-90.7114,29.1164],[-90.73,29.138],[-90.8022,29.0938],[-90.8059,29.0645],[-90.8361,29.0661],[-90.8698,29.0988],[-90.8691,29.1183],[-90.9524,29.1833],[-91.0108,29.1758],[-91.0383,29.2104],[-91.0647,29.1841],[-91.1299,29.2207],[-91.2152,29.227],[-91.3026,29.2677],[-91.3341,29.3076],[-91.2957,29.3095],[-91.2694,29.3567],[-91.2412,29.3698],[-91.1993,29.3051],[-91.1628,29.3213],[-91.1703,29.2355],[-91.1177,29.2583],[-91.1329,29.2814],[-91.1189,29.3062],[-91.1263,29.3334],[-91.1983,29.3758],[-91.2196,29.3971],[-91.2174,29.4325],[-91.2565,29.445],[-91.2734,29.4792],[-91.3494,29.4961],[-91.3521,29.5138],[-91.4147,29.5137],[-91.4343,29.5434],[-91.5337,29.5282],[-91.5255,29.5519],[-91.5546,29.6358],[-91.6475,29.6355],[-91.623,29.671],[-91.6279,29.7411],[-91.7529,29.7498],[-91.8583,29.7061],[-91.8808,29.7108],[-91.7113,29.8461],[-91.855,29.7388],[-91.8792,29.7566],[-91.8517,29.7918],[-91.8288,29.7779],[-91.8308,29.8293],[-91.8891,29.836],[-91.9375,29.8168],[-91.9722,29.8336],[-91.9917,29.9607],[-91.9782,29.7999],[-92.0836,29.7591],[-92.1444,29.7164],[-92.1236,29.7535],[-92.1319,29.7658],[-92.1573,29.7529],[-92.1713,29.7625],[-92.1711,29.7398],[-92.2089,29.7459],[-92.1691,29.7002],[-92.1039,29.6991],[-92.1363,29.6626],[-92.1058,29.6118],[-92.0399,29.6308],[-92.0138,29.6153],[-92.0707,29.6],[-92.0456,29.5851],[-92.1454,29.5865],[-92.2555,29.5402],[-92.3235,29.5315],[-92.5575,29.5761],[-92.5653,29.5894],[-92.568,29.5774],[-92.6161,29.5858],[-92.9818,29.7215],[-93.2354,29.7776],[-93.682,29.7464],[-93.78,29.7232],[-93.838,29.6906],[-93.9288,29.7971]],[[-93.1284,30.0448],[-93.1285,30.0527],[-93.7214,30.0525],[-93.1284,30.0448]],[[-91.3983,31.7532],[-91.5448,31.7517],[-91.378,31.7476],[-91.3983,31.7532]],[[-91.5777,31.7959],[-91.5353,31.7377],[-91.5448,31.7517],[-91.5777,31.7959]],[[-91.552,31.7258],[-91.5482,31.7227],[-91.5353,31.7377],[-91.552,31.7258]],[[-90.5671,30.65],[-90.5669,30.4871],[-90.5672,30.9997],[-90.5671,30.65]],[[-89.7324,30.1692],[-89.7193,30.161],[-89.6853,30.1753],[-89.7324,30.1692]],[[-91.6245,32.6832],[-91.6205,32.688],[-91.6388,32.7017],[-91.6245,32.6832]],[[-91.4553,32.5346],[-91.1331,32.5379],[-91.4523,32.5378],[-91.4553,32.5346]],[[-91.2547,30.7049],[-90.8493,30.7194],[-90.8492,30.7204],[-91.2547,30.7049]],[[-90.9549,30.6012],[-90.9398,30.609],[-90.9264,30.6277],[-90.9549,30.6012]],[[-90.9868,30.5716],[-90.972,30.5642],[-90.9803,30.5777],[-90.9868,30.5716]],[[-90.9723,30.3975],[-90.9666,30.3964],[-90.9585,30.4074],[-90.9723,30.3975]],[[-90.9405,30.3787],[-90.8917,30.3452],[-90.9748,30.3469],[-90.8735,30.3445],[-90.9405,30.3787]],[[-91.2242,30.0256],[-91.0891,30.0628],[-91.0747,30.0817],[-91.106,30.0627],[-91.2242,30.0256]],[[-91.2243,30.0262],[-91.2249,30.0248],[-91.2242,30.0256],[-91.2243,30.0262]],[[-91.0558,30.0706],[-91.0299,30.075],[-91.0747,30.0817],[-91.0558,30.0706]],[[-90.9637,30.0668],[-90.9156,30.1133],[-90.9642,30.067],[-90.9637,30.0668]],[[-90.8855,29.8776],[-90.8857,29.9053],[-90.8863,29.9356],[-90.8855,29.8776]],[[-90.9409,29.8075],[-90.9246,29.8303],[-90.9098,29.8772],[-90.9409,29.8075]],[[-91.0514,29.6651],[-91.0069,29.7151],[-90.98,29.7528],[-91.0514,29.6651]],[[-91.1637,29.5927],[-91.0897,29.6221],[-91.0873,29.6249],[-91.1637,29.5927]],[[-91.1788,29.6096],[-91.1894,29.6034],[-91.1774,29.608],[-91.1788,29.6096]],[[-91.211,29.5907],[-91.236,29.5504],[-91.1991,29.5977],[-91.211,29.5907]],[[-91.2684,29.5402],[-91.2686,29.5375],[-91.236,29.5504],[-91.2684,29.5402]],[[-93.1476,32.4547],[-93.1788,32.5848],[-93.1867,32.7162],[-93.1817,32.5863],[-93.1476,32.4547]],[[-92.8806,32.586],[-92.8809,32.5853],[-92.8795,32.454],[-92.8806,32.586]],[[-92.777,32.4536],[-92.6217,32.4531],[-92.8795,32.454],[-92.777,32.4536]],[[-92.8685,32.6778],[-92.8623,32.6374],[-92.8603,32.6414],[-92.8685,32.6778]],[[-92.7254,32.7594],[-92.828,32.7594],[-92.5943,32.7557],[-92.7254,32.7594]],[[-92.056,32.8375],[-92.0592,32.8418],[-92.0671,32.8297],[-92.056,32.8375]],[[-92.0625,32.7165],[-92.0527,32.737],[-92.0646,32.7215],[-92.0625,32.7165]],[[-92.0545,32.7149],[-92.0606,32.712],[-92.0499,32.6861],[-92.0545,32.7149]],[[-91.9117,32.6614],[-91.9477,32.6648],[-91.9143,32.6558],[-91.9117,32.6614]],[[-91.9044,32.5276],[-91.9418,32.597],[-91.9064,32.5203],[-91.9044,32.5276]],[[-91.9934,32.2768],[-92.0345,32.2772],[-92.1065,32.2769],[-91.9934,32.2768]],[[-92.0056,31.9274],[-91.9036,31.9275],[-92.3123,31.9277],[-92.0056,31.9274]],[[-92.0687,31.3274],[-92.0281,31.3437],[-92.0723,31.3289],[-92.0687,31.3274]],[[-92.0894,31.3358],[-92.0806,31.3322],[-92.0813,31.3405],[-92.0894,31.3358]],[[-92.1261,31.306],[-92.0956,31.3321],[-92.145,31.3031],[-92.1261,31.306]],[[-92.1624,31.3003],[-92.1481,31.3026],[-92.1766,31.3221],[-92.1624,31.3003]],[[-92.2045,31.3306],[-92.1852,31.328],[-92.1939,31.3339],[-92.2045,31.3306]],[[-92.205,30.9736],[-92.2343,31.1315],[-92.2092,30.9672],[-92.205,30.9736]],[[-92.2121,30.9626],[-92.2108,30.9647],[-92.2559,30.9642],[-92.2121,30.9626]],[[-92.1905,30.7767],[-92.2074,30.79],[-92.2069,30.7847],[-92.1905,30.7767]],[[-92.1724,30.7624],[-92.1727,30.7627],[-92.1725,30.6738],[-92.1724,30.7624]],[[-92.1492,30.3208],[-92.1586,30.3499],[-92.1584,30.3208],[-92.1492,30.3208]],[[-92.0906,30.3294],[-92.1419,30.299],[-92.142,30.2939],[-92.0906,30.3294]],[[-92.0277,30.3625],[-92.0561,30.3782],[-92.0353,30.3627],[-92.0277,30.3625]],[[-91.9887,30.3686],[-92.0196,30.3622],[-91.9538,30.36],[-91.9887,30.3686]],[[-91.9428,30.2366],[-91.9759,30.261],[-91.947,30.2297],[-91.9428,30.2366]],[[-91.9579,30.2119],[-91.9517,30.222],[-91.9788,30.2088],[-91.9579,30.2119]],[[-91.9679,30.0382],[-91.9931,29.977],[-91.9665,30.0377],[-91.9679,30.0382]],[[-93.4412,31.8452],[-93.4417,31.7145],[-93.4406,31.9136],[-93.4412,31.8452]],[[-93.423,31.9309],[-93.4239,31.9314],[-93.4406,31.9136],[-93.423,31.9309]],[[-93.0176,31.3607],[-93.2366,31.364],[-93.2368,31.5379],[-93.2366,31.3645],[-93.3905,31.3641],[-93.0176,31.3607]],[[-92.9861,31.3544],[-92.9786,31.3469],[-92.9472,31.3468],[-92.9861,31.3544]],[[-92.8717,31.4186],[-92.847,31.4188],[-92.8469,31.4281],[-92.8717,31.4186]],[[-92.7617,31.4764],[-92.7217,31.5148],[-92.723,31.5161],[-92.7617,31.4764]],[[-92.7446,31.5384],[-92.7591,31.5533],[-92.7613,31.5474],[-92.7446,31.5384]],[[-92.2491,31.5059],[-92.2466,31.487],[-92.2385,31.4994],[-92.2491,31.5059]],[[-92.2461,31.483],[-92.2457,31.4802],[-92.2433,31.4812],[-92.2461,31.483]],[[-92.2372,31.4836],[-92.2186,31.4911],[-92.2392,31.4904],[-92.2372,31.4836]],[[-92.1727,31.4708],[-92.1646,31.4684],[-92.1655,31.4722],[-92.1727,31.4708]],[[-92.1491,31.4051],[-92.0823,31.3527],[-92.0833,31.3649],[-92.1491,31.4051]],[[-93.1312,30.4031],[-93.1311,30.38],[-93.1307,30.5981],[-93.1312,30.4031]],[[-92.6303,30.488],[-92.6296,30.4891],[-92.774,30.4882],[-92.6303,30.488]],[[-92.6265,30.4812],[-92.4995,30.4808],[-92.6303,30.488],[-92.6265,30.4812]],[[-92.4753,30.0653],[-92.5582,30.1153],[-92.4838,30.0678],[-92.4753,30.0653]],[[-92.417,30.0521],[-92.4233,30.0502],[-92.4218,30.0498],[-92.417,30.0521]],[[-92.3165,30.1187],[-92.3737,30.0732],[-92.3456,30.087],[-92.3165,30.1187]],[[-92.251,30.1707],[-92.2827,30.1455],[-92.276,30.1452],[-92.251,30.1707]],[[-93.5376,30.8811],[-93.5485,30.876],[-93.4787,30.8592],[-93.5376,30.8811]],[[-92.9678,30.8787],[-93.4245,30.8835],[-92.9787,30.8781],[-92.9678,30.8787]],[[-92.7348,30.8915],[-92.8239,30.8921],[-92.8295,31.2521],[-92.8243,30.8866],[-92.7348,30.8915]],[[-92.4801,30.9184],[-92.5058,30.8984],[-92.5034,30.8984],[-92.4801,30.9184]],[[-92.6197,30.5245],[-92.6251,30.4965],[-92.5827,30.566],[-92.6197,30.5245]],[[-92.7019,31.4944],[-92.6861,31.4949],[-92.6833,31.499],[-92.7019,31.4944]],[[-92.6931,31.4842],[-92.7069,31.4705],[-92.7067,31.4635],[-92.6931,31.4842]],[[-92.7066,31.4603],[-92.7062,31.4507],[-92.6802,31.4441],[-92.7066,31.4603]],[[-92.9643,31.3324],[-92.9103,31.3263],[-92.9774,31.3457],[-92.9643,31.3324]],[[-93.7669,32.3424],[-93.7712,32.3446],[-93.7738,32.3428],[-93.7669,32.3424]],[[-93.6143,32.2696],[-93.6617,32.3151],[-93.664,32.3152],[-93.6143,32.2696]],[[-93.6147,32.2375],[-93.4265,32.2369],[-93.4246,32.2383],[-93.4694,32.2372],[-93.6147,32.2375]],[[-92.4155,32.4956],[-92.4156,32.408],[-92.4152,32.6703],[-92.4155,32.4956]],[[-92.233,32.588],[-92.2317,32.5905],[-92.4152,32.5829],[-92.233,32.588]],[[-93.1605,32.0813],[-93.1373,32.0563],[-93.1567,32.0922],[-93.1605,32.0813]],[[-93.1857,32.1429],[-93.1816,32.1382],[-93.1864,32.1472],[-93.1857,32.1429]],[[-92.976,31.7124],[-92.9734,31.7106],[-92.9674,31.7813],[-92.976,31.7124]],[[-93.5281,32.1832],[-93.5289,32.1855],[-93.5301,32.1858],[-93.5281,32.1832]],[[-93.4803,32.057],[-93.5375,32.1028],[-93.5387,32.1016],[-93.4803,32.057]],[[-93.3666,31.9444],[-93.3728,31.962],[-93.4066,31.988],[-93.3666,31.9444]],[[-93.4054,32.2782],[-93.4189,32.2425],[-93.4081,32.2505],[-93.4054,32.2782]],[[-93.4411,32.4105],[-93.3727,32.4102],[-93.2369,32.4102],[-93.4411,32.4105]],[[-93.5394,32.2899],[-93.5144,32.2971],[-93.5533,32.2937],[-93.5394,32.2899]],[[-91.8153,30.8481],[-91.8011,30.8375],[-91.8159,30.8493],[-91.8153,30.8481]],[[-91.8197,30.8572],[-91.8016,30.8752],[-91.8217,30.8611],[-91.8197,30.8572]],[[-91.8056,30.9744],[-91.7501,31.0188],[-91.7238,31.0443],[-91.8056,30.9744]],[[-91.691,31.0193],[-91.6586,30.9946],[-91.6586,30.9946],[-91.691,31.0193]],[[-91.6586,30.8729],[-91.6618,30.86],[-91.657,30.8551],[-91.6586,30.8729]],[[-91.6525,30.8506],[-91.647,30.8449],[-91.5591,30.8398],[-91.6525,30.8506]],[[-91.5193,30.8797],[-91.5172,30.8694],[-91.5156,30.8752],[-91.5193,30.8797]],[[-91.3309,30.6587],[-91.3097,30.6536],[-91.3184,30.7001],[-91.3101,30.654],[-91.3351,30.6601],[-91.3098,30.6501],[-91.3309,30.6587]],[[-91.2916,30.6693],[-91.3081,30.6532],[-91.2974,30.6463],[-91.2916,30.6693]],[[-91.2312,29.9272],[-91.2566,29.9811],[-91.2552,29.9716],[-91.2312,29.9272]],[[-91.2479,30.0007],[-91.2594,30.0002],[-91.2579,29.99],[-91.2479,30.0007]],[[-91.2794,29.7584],[-91.1778,29.7344],[-91.2152,29.7512],[-91.2794,29.7584]],[[-91.1066,29.7335],[-91.1007,29.703],[-91.0973,29.7455],[-91.1066,29.7335]],[[-91.0942,29.7836],[-91.0927,29.8016],[-91.0985,29.8095],[-91.0942,29.7836]],[[-91.1111,29.8265],[-91.1944,29.8595],[-91.1036,29.8163],[-91.1111,29.8265]],[[-91.97,30.4102],[-91.9721,30.4055],[-91.9369,30.3947],[-91.97,30.4102]],[[-91.7249,30.4501],[-91.6789,30.3947],[-91.7187,30.4489],[-91.7249,30.4501]],[[-91.7542,30.4853],[-91.7494,30.4796],[-91.754,30.4922],[-91.7542,30.4853]],[[-91.7013,30.4977],[-91.5834,30.497],[-91.7539,30.4981],[-91.7013,30.4977]],[[-91.1318,30.3219],[-91.1703,30.3436],[-91.1421,30.3233],[-91.3113,30.3225],[-91.1318,30.3219]],[[-91.3697,30.0608],[-91.3696,30.0608],[-91.3888,30.1024],[-91.3697,30.0608]],[[-91.6211,30.3099],[-91.5903,30.2602],[-91.5897,30.2598],[-91.6211,30.3099]],[[-91.5842,30.2562],[-91.5628,30.2419],[-91.4753,30.2292],[-91.5842,30.2562]],[[-91.4658,30.122],[-91.4712,30.1107],[-91.4646,30.11],[-91.4658,30.122]],[[-91.2815,30.5061],[-91.2093,30.523],[-91.2777,30.5108],[-91.2815,30.5061]],[[-91.2621,30.5299],[-91.2423,30.548],[-91.2448,30.551],[-91.2621,30.5299]],[[-91.7538,30.5062],[-91.7539,30.4994],[-91.7314,30.5121],[-91.7538,30.5062]],[[-91.734,30.7034],[-91.7655,30.78],[-91.7669,30.781],[-91.734,30.7034]],[[-91.8599,31.9652],[-91.8898,31.9717],[-91.9045,31.9714],[-91.8599,31.9652]],[[-91.6515,31.0393],[-91.6561,31.0396],[-91.6522,31.0351],[-91.6515,31.0393]],[[-91.7913,31.226],[-91.7162,31.2023],[-91.7981,31.2324],[-91.7913,31.226]],[[-91.8386,31.2681],[-91.8343,31.2663],[-91.8319,31.2724],[-91.8386,31.2681]],[[-91.8953,31.2912],[-91.8765,31.2836],[-91.8853,31.2901],[-91.8953,31.2912]],[[-91.9465,31.272],[-91.9141,31.2934],[-91.9269,31.2948],[-91.9465,31.272]],[[-91.7241,31.4388],[-91.7254,31.4434],[-91.7342,31.4388],[-91.7241,31.4388]],[[-91.8071,31.4388],[-91.8288,31.4972],[-91.8359,31.4969],[-91.8071,31.4388]],[[-91.8548,31.4377],[-91.8545,31.4199],[-91.848,31.417],[-91.8548,31.4377]],[[-91.823,31.3744],[-91.8378,31.3784],[-91.8516,31.3676],[-91.823,31.3744]],[[-91.8615,31.3599],[-91.8618,31.3069],[-91.8575,31.3631],[-91.8615,31.3599]],[[-91.1394,32.2497],[-91.2026,32.2395],[-91.1379,32.2488],[-91.1394,32.2497]],[[-91.9999,32.1964],[-91.978,32.2162],[-92.0091,32.1935],[-91.9999,32.1964]],[[-91.8975,32.142],[-91.8863,32.1324],[-91.8929,32.1628],[-91.8975,32.142]],[[-91.6988,32.3696],[-91.7015,32.3449],[-91.6832,32.3784],[-91.6988,32.3696]],[[-91.4507,32.3617],[-91.4542,32.3655],[-91.4601,32.3582],[-91.4507,32.3617]],[[-91.4765,32.3521],[-91.4703,32.3545],[-91.4853,32.3663],[-91.4765,32.3521]],[[-91.4746,32.3415],[-91.4978,32.347],[-91.5005,32.3427],[-91.4746,32.3415]],[[-91.5431,32.208],[-91.5095,32.2442],[-91.5474,32.2084],[-91.5431,32.208]],[[-91.3214,32.2029],[-91.5187,32.2057],[-91.4936,32.2032],[-91.3214,32.2029]],[[-91.4992,31.9974],[-91.4949,32.0031],[-91.5102,32.0213],[-91.4992,31.9974]],[[-91.9323,32.0681],[-91.9308,32.0669],[-91.9275,32.0698],[-91.9323,32.0681]],[[-91.9033,32.0787],[-91.9001,32.0761],[-91.8682,32.0916],[-91.9033,32.0787]],[[-91.672,32.6112],[-91.6682,32.6174],[-91.7199,32.6057],[-91.672,32.6112]],[[-91.313,32.88],[-91.3078,32.8835],[-91.3058,32.9373],[-91.313,32.88]],[[-90.501,30.3842],[-90.5469,30.4316],[-90.5011,30.3766],[-90.501,30.3842]],[[-90.4745,30.3486],[-90.4801,30.3514],[-90.475,30.3453],[-90.4745,30.3486]],[[-90.3205,30.299],[-90.3371,30.2968],[-90.3113,30.2953],[-90.3205,30.299]],[[-90.154,30.2035],[-90.1463,30.1845],[-90.1553,30.2093],[-90.154,30.2035]],[[-90.3266,30.1502],[-90.2599,30.1634],[-90.1563,30.1896],[-90.3266,30.1502]],[[-90.0403,30.1551],[-90.1313,30.1768],[-90.1081,30.1649],[-90.0403,30.1551]],[[-90.0275,29.8528],[-90.0047,29.8945],[-90.0585,29.9453],[-90.0081,29.8969],[-90.0275,29.8528]],[[-90.6574,29.8895],[-90.7787,29.922],[-90.6682,29.8894],[-90.6574,29.8895]],[[-90.5243,29.8761],[-90.5322,29.9679],[-90.5309,29.885],[-90.5243,29.8761]],[[-90.1892,29.5487],[-90.1898,29.5482],[-90.1375,29.4772],[-90.1892,29.5487]],[[-90.3462,29.6933],[-90.1558,29.6775],[-90.2282,29.692],[-90.3462,29.6933]],[[-90.5225,29.8738],[-90.5157,29.8647],[-90.4892,29.8593],[-90.5225,29.8738]],[[-90.1673,29.8185],[-90.1721,29.8214],[-90.1704,29.8119],[-90.1673,29.8185]],[[-90.6537,30.0964],[-90.6319,30.2212],[-90.6013,30.2111],[-90.6361,30.2274],[-90.6537,30.0964]],[[-90.5619,30.1982],[-90.5541,30.1956],[-90.5161,30.2213],[-90.5619,30.1982]],[[-90.6661,29.9336],[-90.6671,29.981],[-90.6889,30.036],[-90.6661,29.9336]],[[-90.6365,30.2276],[-90.6476,30.2327],[-90.6536,30.2261],[-90.6365,30.2276]],[[-90.2703,30.7759],[-90.2611,30.7531],[-90.2628,30.7659],[-90.2703,30.7759]],[[-89.9068,29.8824],[-89.9178,29.8669],[-89.8697,29.7955],[-89.9068,29.8824]],[[-89.8153,29.7985],[-89.8052,29.7898],[-89.8098,29.7988],[-89.8153,29.7985]],[[-90.0001,29.8929],[-89.9892,29.8894],[-89.9884,29.8957],[-90.0001,29.8929]],[[-89.968,29.9005],[-89.9524,29.8969],[-89.959,29.9026],[-89.968,29.9005]],[[-89.8631,29.9877],[-89.8945,30.0023],[-89.8985,30.0004],[-89.8631,29.9877]]],[[[-90.9155,29.0499],[-90.9328,29.0514],[-90.9264,29.0515],[-90.9155,29.0499]]],[[[-91.7753,29.5879],[-91.7759,29.5678],[-91.7092,29.561],[-91.7654,29.5248],[-91.7683,29.4904],[-91.8216,29.4739],[-92.0319,29.5776],[-91.989,29.6114],[-91.9399,29.6103],[-91.9285,29.6351],[-91.9031,29.6374],[-91.843,29.6277],[-91.8027,29.5887],[-91.7753,29.5879]]],[[[-91.0029,32.1621],[-91.0308,32.1206],[-91.0532,32.1242],[-91.0583,32.181],[-91.0029,32.1621]]],[[[-90.8343,29.0449],[-90.8681,29.0572],[-90.8062,29.0538],[-90.8343,29.0449]]],[[[-90.6654,29.061],[-90.7409,29.0468],[-90.7593,29.0469],[-90.7118,29.0623],[-90.6654,29.061]]],[[[-90.3208,29.0674],[-90.3286,29.0653],[-90.3216,29.0709],[-90.3208,29.0674]]],[[[-90.4733,29.0595],[-90.5503,29.0921],[-90.4237,29.0609],[-90.4733,29.0595]]],[[[-90.3578,29.1064],[-90.3485,29.1075],[-90.3505,29.103],[-90.3578,29.1064]]],[[[-90.3437,29.1185],[-90.3726,29.1111],[-90.3515,29.1311],[-90.3437,29.1185]]],[[[-90.3477,29.1777],[-90.3504,29.1812],[-90.3446,29.1841],[-90.3477,29.1777]]],[[[-90.4131,29.2041],[-90.4144,29.208],[-90.4096,29.2032],[-90.4131,29.2041]]],[[[-90.4077,29.2071],[-90.4096,29.2032],[-90.4096,29.2093],[-90.4077,29.2071]]],[[[-89.9521,29.2666],[-90.0427,29.2027],[-89.9848,29.2616],[-89.9521,29.2666]]],[[[-90.0145,29.2509],[-90.008,29.2395],[-90.0214,29.2397],[-90.0145,29.2509]]],[[[-90.4351,29.2534],[-90.4414,29.2521],[-90.4444,29.2625],[-90.4351,29.2534]]],[[[-90.0199,29.2649],[-90.0269,29.26],[-90.0226,29.2672],[-90.0199,29.2649]]],[[[-89.9732,29.301],[-89.9816,29.3088],[-89.984,29.3208],[-89.9703,29.3169],[-89.9732,29.301]]],[[[-89.9961,29.3412],[-90.0351,29.3574],[-89.9975,29.3705],[-89.977,29.3532],[-89.9961,29.3412]]],[[[-89.9715,29.2849],[-89.9656,29.2749],[-89.9691,29.2721],[-89.9715,29.2849]]],[[[-89.9077,29.2926],[-89.9442,29.2717],[-89.9106,29.2956],[-89.9077,29.2926]]],[[[-89.8835,29.3071],[-89.9009,29.3165],[-89.8612,29.3117],[-89.8835,29.3071]]],[[[-89.5997,29.5076],[-89.6268,29.5352],[-89.5654,29.5459],[-89.5997,29.5076]]],[[[-89.6568,29.551],[-89.66,29.5471],[-89.6634,29.5561],[-89.6568,29.551]]],[[[-89.6324,29.5698],[-89.6313,29.5673],[-89.6458,29.5653],[-89.6324,29.5698]]],[[[-89.5691,29.5752],[-89.576,29.5741],[-89.5805,29.5795],[-89.5691,29.5752]]],[[[-89.2489,29.8232],[-89.2622,29.8275],[-89.2495,29.8286],[-89.2489,29.8232]]],[[[-88.8643,29.861],[-88.8614,29.8504],[-88.8646,29.851],[-88.8643,29.861]]],[[[-88.8815,30.0532],[-88.8337,29.9988],[-88.817,29.9342],[-88.8327,29.8241],[-88.8751,29.7598],[-88.843,29.826],[-88.8282,29.9207],[-88.8409,29.9956],[-88.8815,30.0532]]],[[[-89.3524,29.9244],[-89.3603,29.9199],[-89.3578,29.934],[-89.3524,29.9244]]],[[[-89.3194,29.9489],[-89.3266,29.947],[-89.3259,29.9553],[-89.3194,29.9489]]],[[[-89.3534,29.9618],[-89.3617,29.9517],[-89.3644,29.98],[-89.3534,29.9618]]],[[[-89.3435,29.9813],[-89.3404,29.9762],[-89.3474,29.9752],[-89.3435,29.9813]]],[[[-89.3396,29.994],[-89.3367,29.9942],[-89.3367,29.988],[-89.3396,29.994]]],[[[-89.2899,29.9952],[-89.2934,29.9947],[-89.2878,29.9996],[-89.2899,29.9952]]],[[[-89.3648,30.009],[-89.3784,30.0042],[-89.3797,30.0146],[-89.3648,30.009]]],[[[-89.213,30.0274],[-89.2016,30.0014],[-89.2295,30.0004],[-89.2443,30.0583],[-89.2758,30.0231],[-89.2876,30.0406],[-89.324,30.0478],[-89.3332,30.0348],[-89.3422,30.0592],[-89.1857,30.157],[-89.2431,30.1007],[-89.2291,30.0989],[-89.2208,30.0714],[-89.1757,30.0628],[-89.184,30.0328],[-89.213,30.0274]]],[[[-89.4177,30.1437],[-89.429,30.1286],[-89.4421,30.1444],[-89.4177,30.1437]]]]}},{"type":"Feature","properties":{"StateFIPS":"44","state":"Rhode Island"},"geometry":{"type":"MultiPolygon","coordinates":[[[[-71.5647,41.1797],[-71.5471,41.1537],[-71.6,41.1469],[-71.6131,41.1603],[-71.5763,41.2249],[-71.5625,41.2242],[-71.5647,41.1797]]],[[[-71.7977,41.4167],[-71.7992,42.0081],[-71.3814,42.0188],[-71.3817,41.8932],[-71.3387,41.8984],[-71.3352,41.8355],[-71.3472,41.8231],[-71.3179,41.7762],[-71.3599,41.7451],[-71.3651,41.7775],[-71.3906,41.7837],[-71.3765,41.7216],[-71.3573,41.7166],[-71.3779,41.6666],[-71.3906,41.6841],[-71.4459,41.6911],[-71.4462,41.6663],[-71.4243,41.6703],[-71.4089,41.6538],[-71.4024,41.6156],[-71.4169,41.6049],[-71.4038,41.5893],[-71.4464,41.5832],[-71.4155,41.5299],[-71.4184,41.4727],[-71.4558,41.433],[-71.453,41.4097],[-71.4809,41.3602],[-71.5516,41.3744],[-71.8574,41.3063],[-71.8605,41.3202],[-71.8294,41.3424],[-71.8396,41.4121],[-71.7977,41.4167]]],[[[-71.3963,41.5037],[-71.4032,41.4976],[-71.4014,41.5063],[-71.3963,41.5037]]],[[[-71.3768,41.4749],[-71.3862,41.4877],[-71.3816,41.4681],[-71.4006,41.4609],[-71.3702,41.574],[-71.3541,41.4804],[-71.3768,41.4749]]],[[[-71.3655,41.6067],[-71.3634,41.6035],[-71.3722,41.5999],[-71.3655,41.6067]]],[[[-71.3426,41.529],[-71.3459,41.5296],[-71.3431,41.5358],[-71.3426,41.529]]],[[[-71.194,41.4564],[-71.1902,41.4843],[-71.216,41.5472],[-71.2118,41.6235],[-71.2365,41.6214],[-71.2436,41.5875],[-71.228,41.5283],[-71.248,41.4903],[-71.2404,41.4761],[-71.2913,41.4879],[-71.3102,41.4511],[-71.3562,41.4505],[-71.3612,41.4646],[-71.3165,41.4776],[-71.328,41.5188],[-71.3113,41.5226],[-71.2752,41.6194],[-71.2223,41.6542],[-71.2118,41.6391],[-71.1956,41.6751],[-71.1329,41.6601],[-71.1415,41.6161],[-71.1206,41.4974],[-71.194,41.4564]]],[[[-71.3081,41.6262],[-71.3167,41.5831],[-71.3359,41.5859],[-71.3256,41.6241],[-71.3538,41.6475],[-71.3469,41.6633],[-71.3391,41.6371],[-71.3081,41.6262]]],[[[-71.277,41.638],[-71.2859,41.638],[-71.2782,41.6473],[-71.277,41.638]]],[[[-71.3534,41.6579],[-71.3625,41.6511],[-71.3607,41.6611],[-71.3534,41.6579]]],[[[-71.2354,41.6721],[-71.2596,41.6426],[-71.2855,41.6824],[-71.3014,41.65],[-71.2912,41.7027],[-71.3558,41.7451],[-71.3179,41.7762],[-71.2614,41.7523],[-71.2248,41.7105],[-71.2458,41.6972],[-71.2354,41.6721]]]]}},{"type":"Feature","properties":{"StateFIPS":"24","state":"Maryland"},"geometry":{"type":"MultiPolygon","coordinates":[[[[-76.3993,38.2593],[-76.3852,38.2178],[-76.3201,38.1383],[-76.3408,38.1164],[-76.3232,38.0415],[-76.3612,38.0595],[-76.3923,38.1029],[-76.4212,38.106],[-76.4389,38.1608],[-76.4697,38.1534],[-76.4733,38.103],[-76.5021,38.1389],[-76.5299,38.1341],[-76.553,38.1872],[-76.5906,38.2142],[-76.7321,38.246],[-76.7523,38.2221],[-76.8052,38.2536],[-76.8023,38.2807],[-76.8416,38.3368],[-76.8271,38.3474],[-76.8715,38.3899],[-76.8474,38.3598],[-76.8699,38.3318],[-76.8348,38.274],[-76.8421,38.2545],[-76.9249,38.2907],[-76.9303,38.3231],[-76.9783,38.3423],[-77.0164,38.4456],[-77.0406,38.4446],[-77.0911,38.4075],[-77.1233,38.4106],[-77.2073,38.3599],[-77.2502,38.3828],[-77.2742,38.4818],[-77.2636,38.5123],[-77.1832,38.6004],[-77.1071,38.6307],[-77.1302,38.635],[-77.1325,38.6738],[-77.0433,38.719],[-77.0404,38.7854],[-76.9094,38.8928],[-77.041,38.9951],[-77.1198,38.9343],[-77.1466,38.9642],[-77.2446,38.9825],[-77.2553,39.03],[-77.3403,39.063],[-77.4528,39.0725],[-77.4858,39.1093],[-77.5199,39.1209],[-77.5164,39.1709],[-77.4786,39.1892],[-77.4589,39.2203],[-77.4868,39.2476],[-77.5432,39.2669],[-77.5666,39.3061],[-77.6159,39.3027],[-77.7596,39.3373],[-77.74,39.4017],[-77.7531,39.4233],[-77.8025,39.436],[-77.7861,39.4472],[-77.7985,39.4607],[-77.7785,39.4637],[-77.7955,39.4818],[-77.766,39.4957],[-77.8457,39.4986],[-77.8254,39.5292],[-77.8602,39.5143],[-77.8889,39.5559],[-77.8363,39.5664],[-77.838,39.6061],[-77.8851,39.6158],[-77.8885,39.5973],[-77.9419,39.6188],[-77.9462,39.5848],[-77.9521,39.6064],[-78.0113,39.6041],[-78.0775,39.6689],[-78.1714,39.6956],[-78.2331,39.6729],[-78.2277,39.6568],[-78.2668,39.6188],[-78.357,39.6576],[-78.3339,39.6365],[-78.3825,39.6282],[-78.3732,39.6095],[-78.4303,39.6233],[-78.3953,39.5842],[-78.4572,39.5874],[-78.4173,39.5496],[-78.439,39.5519],[-78.4364,39.5393],[-78.4602,39.5512],[-78.4486,39.5421],[-78.4742,39.5162],[-78.6895,39.5458],[-78.725,39.564],[-78.734,39.5866],[-78.7675,39.5875],[-78.7769,39.604],[-78.7338,39.6139],[-78.7775,39.6217],[-78.7653,39.644],[-78.7752,39.6457],[-78.8017,39.6275],[-78.7959,39.6069],[-78.826,39.5888],[-78.8168,39.5617],[-78.8512,39.5599],[-78.8747,39.5226],[-78.8904,39.525],[-78.9165,39.4865],[-78.9423,39.481],[-78.9655,39.4385],[-79.047,39.4834],[-79.0554,39.4715],[-79.1052,39.4742],[-79.0954,39.4625],[-79.1072,39.462],[-79.1122,39.4309],[-79.1438,39.4052],[-79.1601,39.4164],[-79.1652,39.3871],[-79.1812,39.3946],[-79.2143,39.3635],[-79.2563,39.3572],[-79.2553,39.3359],[-79.282,39.323],[-79.2902,39.2993],[-79.3324,39.2999],[-79.4698,39.2037],[-79.4869,39.206],[-79.4767,39.7211],[-76.2398,39.7213],[-76.1422,39.6183],[-76.2333,39.7213],[-75.7886,39.7222],[-75.6937,38.4601],[-75.0489,38.4513],[-75.0855,38.3243],[-75.1029,38.3115],[-75.1938,38.096],[-75.2425,38.027],[-75.6237,37.9943],[-75.6581,37.9595],[-75.7161,37.989],[-75.7365,37.9632],[-75.7482,37.9865],[-75.7465,37.9698],[-75.7838,37.9726],[-75.8093,37.9552],[-75.8187,37.9672],[-75.8209,37.9389],[-75.885,37.9117],[-75.8973,37.9263],[-75.8899,37.9537],[-75.8657,37.9515],[-75.8619,37.9734],[-75.8984,37.9748],[-75.8708,38.035],[-75.8435,38.0275],[-75.7737,38.0771],[-75.7855,38.0865],[-75.8006,38.0619],[-75.8443,38.0723],[-75.871,38.0592],[-75.8756,38.0802],[-75.8383,38.1262],[-75.7885,38.1458],[-75.8329,38.1517],[-75.8686,38.1344],[-75.9257,38.151],[-75.9206,38.1314],[-75.9418,38.1119],[-75.9596,38.1371],[-75.9516,38.1781],[-75.8288,38.216],[-75.8203,38.2308],[-75.8613,38.2327],[-75.8271,38.2512],[-75.8696,38.2436],[-75.8767,38.2548],[-75.8914,38.2276],[-75.917,38.2632],[-75.8493,38.365],[-75.8712,38.3774],[-75.8636,38.3595],[-75.9122,38.3432],[-75.9549,38.264],[-75.9407,38.2469],[-75.9703,38.2338],[-75.9619,38.2514],[-76.0174,38.3091],[-75.9653,38.3225],[-75.9582,38.3462],[-75.9739,38.3658],[-76.013,38.3749],[-76.0172,38.3329],[-76.062,38.3054],[-76.027,38.2814],[-76.0528,38.2478],[-76.032,38.2167],[-76.0951,38.2539],[-76.079,38.2709],[-76.1145,38.3049],[-76.1499,38.2733],[-76.1339,38.3097],[-76.1747,38.3246],[-76.1932,38.3164],[-76.1827,38.3368],[-76.1595,38.3274],[-76.1824,38.3596],[-76.2171,38.3648],[-76.2156,38.3896],[-76.231,38.3933],[-76.2339,38.3653],[-76.2107,38.3292],[-76.222,38.3136],[-76.2011,38.2916],[-76.1721,38.2972],[-76.1758,38.2616],[-76.1266,38.2429],[-76.1498,38.2345],[-76.2296,38.3144],[-76.2441,38.3586],[-76.2781,38.3824],[-76.2828,38.4158],[-76.3321,38.476],[-76.3283,38.498],[-76.2654,38.4975],[-76.2473,38.5238],[-76.2202,38.5319],[-76.2793,38.5356],[-76.2756,38.5525],[-76.2997,38.575],[-76.2662,38.5861],[-76.2764,38.6212],[-76.2699,38.61],[-76.2385,38.6274],[-76.2363,38.6124],[-76.2124,38.6067],[-76.1685,38.6279],[-76.1613,38.5951],[-76.1413,38.606],[-76.0472,38.5628],[-76.0287,38.5726],[-76.0831,38.6235],[-76.1093,38.6143],[-76.1472,38.6368],[-76.1772,38.693],[-76.2003,38.6708],[-76.2387,38.7128],[-76.2382,38.7369],[-76.2055,38.7392],[-76.2361,38.7634],[-76.2716,38.7132],[-76.2992,38.7193],[-76.2987,38.7497],[-76.3249,38.7401],[-76.3128,38.7307],[-76.334,38.7031],[-76.3232,38.6797],[-76.3442,38.6788],[-76.3346,38.7729],[-76.3022,38.8252],[-76.2528,38.8627],[-76.2658,38.8475],[-76.2115,38.8055],[-76.2164,38.7867],[-76.182,38.7565],[-76.1565,38.7689],[-76.2003,38.803],[-76.2086,38.944],[-76.2348,38.9425],[-76.2486,38.9667],[-76.2609,38.9327],[-76.248,38.9238],[-76.2622,38.92],[-76.2731,38.9419],[-76.2959,38.9287],[-76.2933,38.9032],[-76.309,38.9247],[-76.318,38.9113],[-76.334,38.9181],[-76.331,38.8643],[-76.3751,38.8395],[-76.3617,38.9392],[-76.3118,39.0353],[-76.3016,39.0382],[-76.2775,38.9825],[-76.2024,38.9731],[-76.164,38.9995],[-76.1842,39.0463],[-76.1406,39.0796],[-76.1349,39.1027],[-76.1696,39.0963],[-76.169,39.1118],[-76.1931,39.0906],[-76.2078,39.0963],[-76.2153,39.0532],[-76.2015,39.0135],[-76.2318,39.0185],[-76.2409,39.0398],[-76.225,39.0502],[-76.2449,39.1306],[-76.2774,39.1516],[-76.2225,39.2577],[-76.1689,39.2903],[-76.1856,39.3193],[-76.1335,39.3329],[-76.1366,39.3482],[-76.1105,39.3723],[-76.023,39.3619],[-75.9856,39.3739],[-76.038,39.3867],[-75.9666,39.4628],[-75.9855,39.4699],[-76.0123,39.4531],[-75.9449,39.593],[-75.9997,39.5605],[-76.0067,39.5389],[-76.0369,39.5529],[-76.0961,39.5369],[-76.1281,39.4867],[-76.072,39.475],[-76.06,39.4499],[-76.1003,39.4432],[-76.227,39.3499],[-76.2527,39.37],[-76.2246,39.4257],[-76.2415,39.4613],[-76.2869,39.369],[-76.2571,39.3379],[-76.2873,39.2999],[-76.2944,39.3489],[-76.3134,39.3578],[-76.3071,39.3854],[-76.3588,39.3903],[-76.3867,39.4597],[-76.3593,39.3814],[-76.3378,39.3733],[-76.3455,39.3583],[-76.3306,39.3354],[-76.3526,39.3294],[-76.3292,39.315],[-76.3709,39.3207],[-76.3802,39.2986],[-76.4088,39.3117],[-76.3828,39.2775],[-76.4045,39.2493],[-76.4508,39.2491],[-76.4011,39.2327],[-76.4425,39.1954],[-76.4579,39.2191],[-76.4957,39.2019],[-76.4974,39.2269],[-76.5865,39.2613],[-76.5645,39.2246],[-76.5343,39.2132],[-76.5501,39.1972],[-76.5331,39.2076],[-76.5009,39.1554],[-76.4769,39.1663],[-76.431,39.1321],[-76.4219,39.077],[-76.4389,39.0528],[-76.3945,39.0127],[-76.421,38.9892],[-76.4466,38.9949],[-76.4546,38.9745],[-76.4802,38.9777],[-76.4503,38.9411],[-76.4603,38.9071],[-76.4895,38.9274],[-76.5091,38.9199],[-76.4907,38.8848],[-76.5385,38.8614],[-76.5376,38.8486],[-76.4998,38.8522],[-76.4899,38.8387],[-76.5101,38.8012],[-76.5599,38.7674],[-76.5283,38.7127],[-76.506,38.5046],[-76.3819,38.3864],[-76.4214,38.3189],[-76.4718,38.3245],[-76.4592,38.2944],[-76.4001,38.3095],[-76.375,38.2994],[-76.3993,38.2593]],[[-77.1688,39.3535],[-77.1868,39.3382],[-77.1027,39.369],[-77.1681,39.354],[-77.4589,39.2203],[-77.1688,39.3535]],[[-76.6018,39.2231],[-76.5833,39.2074],[-76.5501,39.1972],[-76.6018,39.2231]],[[-76.8823,39.3502],[-76.8884,39.3512],[-76.8803,39.3433],[-76.8823,39.3502]],[[-76.8517,39.3175],[-76.8593,39.3229],[-76.8539,39.3177],[-76.8517,39.3175]],[[-76.6755,38.5359],[-76.7405,38.5587],[-76.6626,38.5242],[-76.6745,38.5612],[-76.6755,38.5359]],[[-76.6804,38.5005],[-76.6741,38.4996],[-76.6626,38.5242],[-76.6804,38.5005]],[[-76.6945,38.6961],[-76.6874,38.7415],[-76.702,38.7109],[-76.6945,38.6961]],[[-76.6862,38.7485],[-76.6231,38.7673],[-76.6917,38.7548],[-76.6862,38.7485]],[[-76.4894,38.328],[-76.488,38.3278],[-76.5015,38.3725],[-76.4894,38.328]],[[-76.7108,38.5094],[-76.7419,38.5092],[-76.6996,38.5032],[-76.7108,38.5094]],[[-76.7746,38.509],[-76.8227,38.4284],[-76.7708,38.509],[-76.7746,38.509]],[[-76.8885,39.131],[-76.9911,38.9924],[-76.9891,38.9851],[-76.8885,39.131]],[[-76.8378,39.1006],[-76.8404,39.1031],[-76.8885,39.131],[-76.8378,39.1006]],[[-76.7022,38.7668],[-76.7087,38.7964],[-76.7144,38.7808],[-76.7022,38.7668]],[[-76.697,38.8188],[-76.6695,38.9044],[-76.7012,38.8172],[-76.697,38.8188]],[[-76.8271,39.0898],[-76.8293,39.092],[-76.8356,39.0679],[-76.8271,39.0898]],[[-76.9493,39.1336],[-76.9517,39.1462],[-76.9585,39.134],[-76.9493,39.1336]],[[-76.9982,39.1693],[-76.9973,39.1665],[-76.9517,39.1462],[-76.9982,39.1693]],[[-77.3074,39.6191],[-77.2941,39.6141],[-77.3112,39.6397],[-77.3074,39.6191]],[[-78.3435,39.6755],[-78.318,39.6805],[-78.3216,39.6866],[-78.3435,39.6755]],[[-77.5702,39.62],[-77.5747,39.6103],[-77.5202,39.6407],[-77.5702,39.62]],[[-75.9452,38.6741],[-75.9455,38.6737],[-75.8949,38.7005],[-75.9452,38.6741]],[[-75.6559,38.0321],[-75.6558,38.0298],[-75.6197,38.0071],[-75.6559,38.0321]],[[-76.0444,39.1678],[-76.0769,39.143],[-76.0426,39.166],[-76.0444,39.1678]],[[-75.9405,38.8846],[-75.9409,38.9763],[-75.9493,38.9183],[-75.9405,38.8846]],[[-76.0114,38.73],[-75.9964,38.7357],[-76.0132,38.7333],[-76.0114,38.73]],[[-75.9994,38.7544],[-75.8972,38.8152],[-75.9682,38.7777],[-75.9994,38.7544]]],[[[-76.3752,38.7826],[-76.3633,38.7466],[-76.3836,38.7455],[-76.3907,38.7663],[-76.3752,38.7826]]],[[[-76.3855,39.2476],[-76.3438,39.2573],[-76.3715,39.238],[-76.3855,39.2476]]],[[[-75.9939,37.9535],[-76.0465,37.9536],[-76.041,38.032],[-76.0131,38.0398],[-75.9863,38.0219],[-75.9939,37.9535]]],[[[-76.0542,38.0943],[-76.0335,38.091],[-76.048,38.1087],[-76.0129,38.1293],[-76.0127,38.0721],[-76.0542,38.0943]]],[[[-76.0224,38.1738],[-76.039,38.1672],[-76.038,38.1472],[-76.0637,38.1709],[-76.0888,38.1631],[-76.0845,38.1898],[-76.0588,38.191],[-76.0661,38.2036],[-76.0224,38.1738]]],[[[-76.2577,38.3249],[-76.2594,38.3412],[-76.2518,38.3275],[-76.2577,38.3249]]],[[[-76.2432,38.9067],[-76.2466,38.9138],[-76.2431,38.9121],[-76.2432,38.9067]]],[[[-76.2664,39.2905],[-76.258,39.2878],[-76.2723,39.2746],[-76.2664,39.2905]]]]}},{"type":"Feature","properties":{"StateFIPS":"32","state":"Nevada"},"geometry":{"type":"Polygon","coordinates":[[[-119.1556,38.4138],[-120.001,38.9996],[-120.0045,39.1656],[-119.9992,41.9949],[-117.0182,41.9993],[-114.0415,41.9939],[-114.0439,36.1933],[-114.0682,36.1777],[-114.097,36.1208],[-114.1213,36.1095],[-114.1119,36.0958],[-114.1459,36.0272],[-114.2421,36.0152],[-114.2709,36.0455],[-114.3119,36.0577],[-114.3069,36.0825],[-114.3702,36.1426],[-114.4091,36.147],[-114.4437,36.1256],[-114.4636,36.1397],[-114.5047,36.1272],[-114.5143,36.1508],[-114.5711,36.1511],[-114.6155,36.1297],[-114.6305,36.1422],[-114.6798,36.1099],[-114.7362,36.1044],[-114.7548,36.0847],[-114.7363,36.0585],[-114.7421,36.0398],[-114.7229,36.0272],[-114.7432,36.0065],[-114.7406,35.9757],[-114.7085,35.9123],[-114.6632,35.8737],[-114.7065,35.849],[-114.6952,35.8323],[-114.7121,35.8062],[-114.6957,35.756],[-114.7054,35.7083],[-114.6806,35.684],[-114.689,35.6503],[-114.6534,35.6108],[-114.675,35.5807],[-114.6572,35.5323],[-114.6787,35.4987],[-114.6635,35.4478],[-114.6268,35.4096],[-114.6057,35.3585],[-114.5692,35.1835],[-114.5783,35.1288],[-114.6468,35.1019],[-114.6029,35.0686],[-114.6369,35.0284],[-114.6335,35.0019],[-115.846,35.9642],[-117.166,36.9712],[-119.1556,38.4138]],[[-119.8808,39.1655],[-119.8754,39.1706],[-120.0045,39.1656],[-119.8808,39.1655]],[[-117.0187,40.643],[-117.0184,41.0003],[-117.0182,41.9993],[-117.0187,40.643]],[[-119.3298,40.9604],[-119.3096,40.9604],[-118.7867,40.9608],[-119.3298,40.9604]],[[-117.5417,40.001],[-117.2468,40.6424],[-117.3006,40.5261],[-117.5417,40.001]],[[-117.7824,39.1758],[-117.7826,39.1739],[-117.7199,39.2134],[-117.7824,39.1758]],[[-117.8017,39.1159],[-117.7937,39.1091],[-117.7979,39.1206],[-117.8017,39.1159]],[[-117.8651,39.0737],[-117.3319,39.1634],[-117.7755,39.0934],[-117.8651,39.0737]],[[-119.7116,39.2513],[-119.7116,39.2512],[-119.4788,39.3379],[-119.7116,39.2513]],[[-119.2783,39.6217],[-119.2856,39.6187],[-119.4788,39.3379],[-119.2783,39.6217]],[[-119.1893,39.6805],[-119.1893,39.6514],[-119.1893,39.6513],[-119.1893,39.6805]],[[-119.1825,39.642],[-119.1859,39.6394],[-119.1852,39.6369],[-119.1825,39.642]],[[-119.7521,39.0849],[-119.3108,39.0847],[-119.5504,39.0863],[-119.7521,39.0849]],[[-119.7115,39.2515],[-119.6965,39.2591],[-119.696,39.2809],[-119.7115,39.2515]],[[-119.6267,39.5109],[-119.557,39.5567],[-119.5962,39.5426],[-119.6267,39.5109]],[[-119.5441,39.5613],[-119.4727,39.566],[-119.531,39.566],[-119.5441,39.5613]],[[-119.4574,39.589],[-119.3692,39.5877],[-119.3479,39.5962],[-119.4574,39.589]],[[-115.8397,40.0986],[-115.8238,40.1188],[-115.825,40.1198],[-115.8397,40.0986]],[[-115.8269,40.1213],[-115.8333,40.1265],[-116.0009,40.1274],[-115.8269,40.1213]]]}},{"type":"Feature","properties":{"StateFIPS":"34","state":"New Jersey"},"geometry":{"type":"Polygon","coordinates":[[[-74.5488,39.3018],[-74.6714,39.1798],[-74.7143,39.1198],[-74.7059,39.1029],[-74.7712,39.0325],[-74.7985,39.0262],[-74.7937,38.9941],[-74.8645,38.9404],[-74.9635,38.9312],[-74.9554,39.0013],[-74.8859,39.1436],[-74.9258,39.2188],[-74.9148,39.1776],[-75.0289,39.1946],[-75.0298,39.2255],[-75.1074,39.2184],[-75.1278,39.1904],[-75.1514,39.19],[-75.1719,39.2378],[-75.2416,39.2741],[-75.2517,39.3003],[-75.283,39.3055],[-75.2883,39.2916],[-75.3337,39.3453],[-75.3644,39.3416],[-75.4122,39.3956],[-75.4278,39.3878],[-75.4652,39.4389],[-75.5429,39.4704],[-75.5427,39.4966],[-75.5278,39.4981],[-75.534,39.5407],[-75.5115,39.5772],[-75.5535,39.602],[-75.5594,39.6298],[-75.4789,39.7138],[-75.4594,39.7658],[-75.4383,39.7844],[-75.4055,39.7964],[-75.4151,39.8019],[-75.3418,39.8461],[-75.2434,39.8546],[-75.1397,39.8882],[-75.1339,39.9542],[-74.9737,40.0482],[-74.8598,40.0849],[-74.8225,40.1268],[-74.7821,40.1208],[-74.7406,40.1355],[-74.7063,40.1618],[-74.7221,40.1503],[-74.7717,40.2153],[-74.8423,40.2505],[-74.8682,40.2952],[-74.943,40.3416],[-74.9681,40.3991],[-75.0588,40.4181],[-75.0686,40.5422],[-75.1173,40.5732],[-75.1867,40.5694],[-75.2005,40.6469],[-75.1776,40.6777],[-75.2039,40.6915],[-75.1825,40.7299],[-75.1965,40.7516],[-75.1716,40.7777],[-75.1344,40.7738],[-75.1085,40.7911],[-75.0839,40.8245],[-75.0958,40.8471],[-75.0516,40.864],[-75.1338,40.971],[-75.1306,40.9911],[-75.0271,41.0395],[-75.0131,41.0665],[-74.9671,41.0943],[-74.9917,41.0923],[-74.8821,41.1808],[-74.8572,41.249],[-74.7921,41.3225],[-74.6949,41.3574],[-73.894,40.9972],[-73.9298,40.8887],[-74.0232,40.7199],[-74.0701,40.6907],[-74.0702,40.6608],[-74.1439,40.6436],[-74.1025,40.7019],[-74.1196,40.7163],[-74.1437,40.6795],[-74.3022,40.72],[-74.1388,40.6739],[-74.2027,40.6338],[-74.2204,40.5589],[-74.2523,40.5527],[-74.2492,40.5233],[-74.2727,40.4884],[-74.2619,40.4647],[-74.2059,40.4393],[-74.181,40.4575],[-74.1353,40.4554],[-74.0064,40.4111],[-73.9917,40.4429],[-74.0195,40.4747],[-74.0025,40.4763],[-73.9861,40.4544],[-73.9774,40.2994],[-74.0337,40.102],[-74.0991,39.7568],[-74.2406,39.5558],[-74.2895,39.5093],[-74.3256,39.5051],[-74.3122,39.4836],[-74.334,39.4351],[-74.4127,39.3608],[-74.5359,39.3036],[-74.5918,39.3093],[-74.5488,39.3018]],[[-75.4193,39.7897],[-75.4154,39.7874],[-75.4055,39.7964],[-75.4193,39.7897]],[[-74.7113,40.8992],[-74.658,40.9184],[-74.6564,40.9218],[-74.7113,40.8992]],[[-74.7694,40.9109],[-74.8068,40.8821],[-74.7319,40.9208],[-74.7694,40.9109]],[[-74.9046,40.7806],[-74.9617,40.7184],[-74.8898,40.7877],[-74.8428,40.8114],[-74.9046,40.7806]],[[-74.6335,40.3833],[-74.6541,40.391],[-74.7221,40.3752],[-74.6335,40.3833]],[[-74.6227,40.3253],[-74.6155,40.3767],[-74.6227,40.3793],[-74.6227,40.3253]],[[-74.3897,39.7733],[-74.5531,40.0791],[-74.583,40.1293],[-74.3897,39.7733]],[[-74.4,39.5867],[-74.3904,39.5962],[-74.3897,39.7733],[-74.4,39.5867]],[[-74.4344,39.542],[-74.4174,39.5572],[-74.4174,39.5573],[-74.4344,39.542]],[[-74.5216,39.5678],[-74.4919,39.5556],[-74.4839,39.5561],[-74.5216,39.5678]],[[-74.5543,39.5985],[-74.5406,39.5756],[-74.5296,39.5711],[-74.5543,39.5985]],[[-74.6537,39.6294],[-74.653,39.6266],[-74.5543,39.5985],[-74.6537,39.6294]],[[-74.8064,39.7832],[-74.8126,39.7832],[-74.668,39.6837],[-74.8064,39.7832]],[[-74.8773,39.6084],[-74.9853,39.515],[-74.7362,39.7298],[-74.8773,39.6084]],[[-75.2,39.667],[-75.0619,39.5687],[-74.8572,39.4185],[-74.857,39.425],[-74.9853,39.515],[-75.2,39.667]],[[-75.2377,39.6646],[-75.2332,39.6615],[-75.2,39.667],[-75.2377,39.6646]],[[-74.8613,39.3238],[-74.8605,39.3224],[-74.8599,39.339],[-74.8613,39.3238]],[[-74.8253,39.3054],[-74.6996,39.2893],[-74.8505,39.3176],[-74.8253,39.3054]],[[-74.6995,40.1787],[-74.5884,40.1385],[-74.6962,40.1828],[-74.6995,40.1787]],[[-75.4095,39.4003],[-75.4054,39.4076],[-75.4189,39.4104],[-75.4095,39.4003]],[[-75.4091,39.4528],[-75.3681,39.4568],[-75.4077,39.4588],[-75.4091,39.4528]],[[-75.2384,39.559],[-75.0838,39.4574],[-75.0829,39.4622],[-75.2384,39.559]],[[-75.2963,39.6865],[-75.3459,39.7083],[-75.3268,39.6907],[-75.2963,39.6865]],[[-75.3768,39.7449],[-75.406,39.7635],[-75.3726,39.7328],[-75.3768,39.7449]],[[-75.4025,39.7826],[-75.4097,39.7841],[-75.4029,39.7801],[-75.4025,39.7826]],[[-74.9706,40.7098],[-74.9695,40.7109],[-75.1453,40.629],[-74.9706,40.7098]],[[-74.4176,40.6275],[-74.4018,40.6643],[-74.4255,40.6212],[-74.4176,40.6275]],[[-74.3029,40.6087],[-74.4569,40.5958],[-74.4363,40.6125],[-74.4884,40.5867],[-74.3029,40.6087]],[[-74.5259,40.5682],[-74.5212,40.5628],[-74.5156,40.5733],[-74.5259,40.5682]],[[-74.272,40.8973],[-74.2699,40.8962],[-74.2713,40.8986],[-74.272,40.8973]],[[-74.1962,40.856],[-74.1343,40.8223],[-74.1326,40.8269],[-74.1962,40.856]],[[-74.1661,40.7472],[-74.1626,40.7428],[-74.1496,40.7804],[-74.1661,40.7472]],[[-74.1553,40.7335],[-74.1176,40.7396],[-74.1598,40.7392],[-74.1553,40.7335]],[[-74.2885,40.925],[-74.2856,40.9227],[-74.2881,40.9269],[-74.2885,40.925]]]}},{"type":"Feature","properties":{"StateFIPS":"09","state":"Connecticut"},"geometry":{"type":"MultiPolygon","coordinates":[[[[-73.6306,40.9807],[-73.6238,40.9847],[-73.6219,40.9825],[-73.6306,40.9807]]],[[[-73.6375,40.9922],[-73.6408,40.9892],[-73.643,40.9978],[-73.6375,40.9922]]],[[[-73.3998,41.0624],[-73.4222,41.0476],[-73.4048,41.0621],[-73.3998,41.0624]]],[[[-73.3819,41.0722],[-73.39,41.0643],[-73.3882,41.0733],[-73.3819,41.0722]]],[[[-73.3551,41.0835],[-73.3698,41.0888],[-73.3642,41.0889],[-73.3551,41.0835]]],[[[-73.1011,41.1541],[-73.1303,41.1468],[-73.1778,41.1667],[-73.2624,41.1182],[-73.2986,41.1248],[-73.3682,41.1072],[-73.4333,41.0558],[-73.469,41.0601],[-73.4791,41.0366],[-73.5006,41.0467],[-73.5233,41.0367],[-73.5231,41.02],[-73.5353,41.0319],[-73.5701,41.0016],[-73.604,41.0151],[-73.6399,41.0031],[-73.6568,40.9877],[-73.6552,41.0119],[-73.7278,41.1007],[-73.4827,41.2128],[-73.551,41.2954],[-73.4873,42.0496],[-72.8135,42.0365],[-72.8167,41.9976],[-72.7667,42.003],[-72.7558,42.0362],[-71.8007,42.0236],[-71.7977,41.4167],[-71.8396,41.4121],[-71.8294,41.3424],[-71.8605,41.3202],[-71.8775,41.336],[-71.9457,41.3378],[-72.0051,41.3067],[-72.0741,41.319],[-72.1118,41.2991],[-72.1563,41.3132],[-72.1644,41.3037],[-72.1841,41.324],[-72.2104,41.286],[-72.2488,41.2993],[-72.2767,41.3663],[-72.2513,41.29],[-72.3276,41.2785],[-72.3505,41.3117],[-72.3426,41.2688],[-72.3866,41.2618],[-72.3987,41.2782],[-72.4519,41.2789],[-72.5363,41.2548],[-72.5833,41.2717],[-72.6657,41.2701],[-72.7061,41.2439],[-72.7058,41.2599],[-72.7621,41.2677],[-72.8946,41.2425],[-72.9131,41.2967],[-72.9381,41.2819],[-72.931,41.2627],[-73.0145,41.2047],[-73.0555,41.2091],[-73.108,41.1688],[-73.1225,41.1829],[-73.1011,41.1541]],[[-73.3189,41.5052],[-73.2523,41.5121],[-73.3303,41.5044],[-73.3189,41.5052]],[[-73.1833,41.3917],[-73.1587,41.3834],[-73.2182,41.4291],[-73.1833,41.3917]],[[-72.9259,41.8092],[-72.949,41.8064],[-72.9239,41.8053],[-72.9259,41.8092]],[[-72.8834,41.6495],[-72.9085,41.776],[-72.9186,41.7953],[-72.8983,41.7232],[-72.8834,41.6495]],[[-72.873,41.5586],[-72.8531,41.5464],[-72.8612,41.5281],[-72.8443,41.5447],[-72.873,41.5586]],[[-72.7529,41.5925],[-72.7522,41.5789],[-72.7339,41.4854],[-72.7529,41.5925]],[[-72.6278,41.6402],[-72.7139,41.6277],[-72.5054,41.647],[-72.6278,41.6402]],[[-72.4308,41.5246],[-72.4667,41.5839],[-72.5054,41.647],[-72.4308,41.5246]],[[-72.3964,41.5948],[-72.4106,41.6018],[-72.4667,41.5839],[-72.3964,41.5948]],[[-72.9463,41.5568],[-72.8742,41.5591],[-72.8839,41.5638],[-72.9463,41.5568]],[[-72.3281,41.6055],[-72.3294,41.6136],[-72.339,41.6038],[-72.3281,41.6055]],[[-72.197,41.7302],[-72.1921,41.7304],[-72.1832,41.7561],[-72.197,41.7302]],[[-72.1417,41.7511],[-72.1563,41.7537],[-72.1832,41.7561],[-72.1417,41.7511]]],[[[-72.7614,41.2423],[-72.7589,41.2538],[-72.7403,41.2565],[-72.7411,41.2527],[-72.7614,41.2423]]]]}},{"type":"Feature","properties":{"StateFIPS":"10","state":"Delaware"},"geometry":{"type":"MultiPolygon","coordinates":[[[[-75.1906,38.8069],[-75.134,38.7822],[-75.0971,38.7887],[-75.092,38.8039],[-75.0489,38.4513],[-75.6937,38.4601],[-75.7886,39.7222],[-75.7738,39.7222],[-75.7012,39.8026],[-75.6173,39.834],[-75.5184,39.8363],[-75.4234,39.8066],[-75.4685,39.7865],[-75.5622,39.6567],[-75.5871,39.651],[-75.6149,39.616],[-75.6119,39.5974],[-75.563,39.5622],[-75.5923,39.4676],[-75.5385,39.4165],[-75.5124,39.3657],[-75.439,39.3134],[-75.4062,39.2581],[-75.3971,39.2045],[-75.4134,39.1533],[-75.402,39.0669],[-75.3409,39.02],[-75.3041,38.9132],[-75.1906,38.8069]],[[-75.5843,39.3087],[-75.5827,39.3112],[-75.6545,39.2912],[-75.5843,39.3087]]],[[[-75.5754,39.5881],[-75.5797,39.5979],[-75.5658,39.5906],[-75.5754,39.5881]]],[[[-75.5708,39.6268],[-75.5594,39.6298],[-75.5562,39.6064],[-75.562,39.6057],[-75.5708,39.6268]]]]}},{"type":"Feature","properties":{"StateFIPS":"11","state":"District of Columbia"},"geometry":{"type":"Polygon","coordinates":[[[-77.1198,38.9343],[-77.0406,38.8712],[-77.039,38.7916],[-76.9094,38.8928],[-77.041,38.9951],[-77.1198,38.9343]]]}},{"type":"Feature","properties":{"StateFIPS":"02","state":"Alaska"},"geometry":{"type":"MultiPolygon","coordinates":[[[[-123.3236,20.247],[-123.3107,20.2496],[-123.3476,20.2358],[-123.3236,20.247]]],[[[-123.4908,20.271],[-123.5086,20.2388],[-123.557,20.2583],[-123.593,20.2443],[-123.6068,20.264],[-123.5097,20.2796],[-123.4908,20.271]]],[[[-123.6049,20.2878],[-123.6068,20.2809],[-123.6068,20.288],[-123.6049,20.2878]]],[[[-123.0713,20.3159],[-123.0709,20.31],[-123.0771,20.3118],[-123.0713,20.3159]]],[[[-123.5158,20.3287],[-123.4887,20.3177],[-123.5174,20.302],[-123.5158,20.3287]]],[[[-123.0605,20.3349],[-123.0619,20.3334],[-123.0625,20.3364],[-123.0605,20.3349]]],[[[-123.5252,20.3475],[-123.5186,20.3349],[-123.5366,20.3387],[-123.5252,20.3475]]],[[[-123.2122,20.3204],[-123.1746,20.3452],[-123.1861,20.3739],[-123.1218,20.4143],[-123.028,20.4099],[-123.0367,20.4298],[-123.0594,20.4339],[-123.0274,20.4865],[-122.9094,20.517],[-122.8316,20.4974],[-122.8575,20.4724],[-122.8511,20.4539],[-123.0089,20.3994],[-123.0674,20.3377],[-123.1126,20.3284],[-123.1455,20.3001],[-123.1815,20.3009],[-123.1712,20.2863],[-123.1933,20.2921],[-123.2749,20.2596],[-123.2974,20.2564],[-123.2454,20.2766],[-123.2426,20.2965],[-123.2082,20.2978],[-123.2122,20.3204]]],[[[-122.7603,20.4614],[-122.7303,20.4524],[-122.7512,20.4639],[-122.7212,20.4751],[-122.6927,20.4636],[-122.6943,20.4763],[-122.6727,20.4607],[-122.6769,20.4781],[-122.6482,20.4769],[-122.6601,20.4878],[-122.6272,20.4805],[-122.6093,20.4836],[-122.6215,20.5023],[-122.5813,20.4962],[-122.6141,20.5338],[-122.5555,20.5365],[-122.5817,20.5525],[-122.5692,20.5666],[-122.5203,20.5695],[-122.5066,20.544],[-122.4839,20.5376],[-122.4982,20.5665],[-122.4484,20.5695],[-122.5663,20.5837],[-122.61,20.6089],[-122.5594,20.6548],[-122.4258,20.6708],[-122.4134,20.6559],[-122.4331,20.6436],[-122.43,20.6258],[-122.4086,20.6265],[-122.4196,20.6081],[-122.3924,20.6417],[-122.3905,20.6243],[-122.3637,20.6345],[-122.3384,20.672],[-122.3395,20.6504],[-122.3026,20.6628],[-122.2984,20.6399],[-122.2794,20.6452],[-122.292,20.6257],[-122.3293,20.6287],[-122.3533,20.6003],[-122.4189,20.5772],[-122.3994,20.5759],[-122.4108,20.5683],[-122.3971,20.558],[-122.3247,20.5937],[-122.3031,20.559],[-122.3965,20.5466],[-122.3845,20.5221],[-122.4036,20.5308],[-122.4085,20.5049],[-122.4391,20.5262],[-122.4292,20.5023],[-122.4589,20.5077],[-122.4391,20.488],[-122.4857,20.5141],[-122.469,20.473],[-122.4874,20.4839],[-122.5152,20.4689],[-122.5173,20.4812],[-122.55,20.4672],[-122.5747,20.4758],[-122.6644,20.4357],[-122.7153,20.4309],[-122.7291,20.4088],[-122.7675,20.419],[-122.7856,20.3984],[-122.8551,20.4276],[-122.8002,20.4541],[-122.7634,20.4488],[-122.7603,20.4614]]],[[[-122.4981,20.5604],[-122.5024,20.5606],[-122.5003,20.5627],[-122.4981,20.5604]]],[[[-122.2688,20.6134],[-122.237,20.6136],[-122.2564,20.6018],[-122.2498,20.5884],[-122.2756,20.5877],[-122.2625,20.5801],[-122.2813,20.5663],[-122.3086,20.5771],[-122.3119,20.5984],[-122.2934,20.6035],[-122.2899,20.5909],[-122.2688,20.6134]]],[[[-122.2216,20.6224],[-122.2238,20.6186],[-122.2276,20.6203],[-122.2216,20.6224]]],[[[-122.4057,20.6372],[-122.4075,20.6327],[-122.4088,20.6355],[-122.4057,20.6372]]],[[[-122.916,20.6431],[-122.9202,20.6436],[-122.9188,20.6464],[-122.916,20.6431]]],[[[-122.2678,20.6536],[-122.264,20.6685],[-122.233,20.6585],[-122.2678,20.6536]]],[[[-122.0266,20.6836],[-122.0513,20.6769],[-122.0581,20.6832],[-122.0373,20.692],[-122.0266,20.6836]]],[[[-121.9384,20.6909],[-121.9575,20.6821],[-122.0253,20.6946],[-121.9512,20.7015],[-121.9384,20.6909]]],[[[-121.8413,20.6943],[-121.9336,20.7039],[-121.8465,20.7103],[-121.8579,20.7168],[-121.8281,20.7079],[-121.8413,20.6943]]],[[[-122.1844,20.7481],[-122.1141,20.7204],[-122.144,20.713],[-122.0876,20.71],[-122.1246,20.6919],[-122.1528,20.697],[-122.1655,20.6807],[-122.1977,20.6937],[-122.2238,20.6843],[-122.2458,20.7116],[-122.2357,20.7306],[-122.1844,20.7481]]],[[[-121.8228,20.717],[-121.8277,20.7174],[-121.8251,20.7205],[-121.8228,20.717]]],[[[-121.7999,20.7349],[-121.8007,20.7312],[-121.805,20.733],[-121.7999,20.7349]]],[[[-122.0226,20.7713],[-122.0513,20.7584],[-122.0469,20.7447],[-121.9992,20.7431],[-121.9968,20.7299],[-122.0247,20.7316],[-122.058,20.7068],[-122.0823,20.7185],[-122.0615,20.7506],[-122.091,20.7488],[-122.0932,20.7622],[-122.0226,20.7713]]],[[[-121.7863,20.7491],[-121.7738,20.7424],[-121.8159,20.7384],[-121.7863,20.7491]]],[[[-120.9755,20.7996],[-120.9799,20.7961],[-120.9879,20.7996],[-120.9755,20.7996]]],[[[-120.9415,20.7974],[-120.9583,20.7988],[-120.9755,20.813],[-120.9482,20.8114],[-120.9415,20.7974]]],[[[-120.9958,20.8017],[-121.0746,20.799],[-121.1079,20.8172],[-121.0902,20.8314],[-121.097,20.8418],[-121.0115,20.8266],[-120.9878,20.8114],[-121.0023,20.8121],[-120.9958,20.8017]]],[[[-120.9329,20.8945],[-120.934,20.8876],[-120.9394,20.8944],[-120.9329,20.8945]]],[[[-121.614,20.9827],[-121.4703,21.0312],[-121.429,21.0368],[-121.3459,21.0363],[-121.3151,21.0317],[-121.3464,21.0277],[-121.3062,21.0017],[-121.2865,20.9436],[-121.2685,20.9314],[-121.2083,20.936],[-121.1725,20.9039],[-121.2349,20.9056],[-121.2856,20.9312],[-121.3056,20.9207],[-121.3033,20.8991],[-121.3624,20.8831],[-121.4409,20.8915],[-121.5792,20.8771],[-121.6194,20.8592],[-121.638,20.827],[-121.7334,20.8051],[-121.802,20.8157],[-121.8258,20.8378],[-121.8316,20.8781],[-121.7565,20.8987],[-121.7,20.9795],[-121.6578,20.9946],[-121.614,20.9827]]],[[[-121.1202,20.9844],[-121.113,20.9831],[-121.1169,20.9815],[-121.1202,20.9844]]],[[[-120.8887,21.0033],[-120.8882,20.9797],[-120.9173,20.9586],[-120.9592,20.9939],[-120.9119,21.0139],[-120.8887,21.0033]]],[[[-120.9542,21.0028],[-120.9564,20.9994],[-120.9593,21.0026],[-120.9542,21.0028]]],[[[-120.7718,21.027],[-120.7664,21.0127],[-120.7765,21.0257],[-120.7718,21.027]]],[[[-120.79,21.0445],[-120.7864,21.0316],[-120.7951,21.0461],[-120.79,21.0445]]],[[[-120.7731,21.0596],[-120.7657,21.0486],[-120.7806,21.0574],[-120.7731,21.0596]]],[[[-120.6801,21.0623],[-120.7152,21.0372],[-120.7353,21.0475],[-120.7208,21.064],[-120.7301,21.0753],[-120.7424,21.0533],[-120.7706,21.0763],[-120.7425,21.082],[-120.6801,21.0623]]],[[[-120.6416,21.1065],[-120.677,21.0867],[-120.7002,21.092],[-120.6416,21.1065]]],[[[-121.1228,21.1009],[-121.129,21.1],[-121.1268,21.1021],[-121.1228,21.1009]]],[[[-121.1272,21.1297],[-121.1461,21.1079],[-121.1503,21.109],[-121.1272,21.1297]]],[[[-121.044,21.1637],[-121.0618,21.1592],[-121.1126,21.1408],[-121.0648,21.1597],[-121.044,21.1637]]],[[[-121.2037,21.1709],[-121.2053,21.1572],[-121.216,21.1693],[-121.2037,21.1709]]],[[[-120.6818,21.1987],[-120.688,21.1964],[-120.6855,21.2018],[-120.6818,21.1987]]],[[[-123.4585,21.5548],[-123.5322,21.5837],[-123.4199,21.5765],[-123.4585,21.5548]]],[[[-121.4947,22.6597],[-121.4787,22.6612],[-121.5164,22.6671],[-121.4947,22.6597]]],[[[-122.5048,22.8398],[-122.4862,22.8523],[-122.4978,22.8641],[-122.4565,22.8833],[-122.4135,22.8765],[-122.3808,22.9035],[-122.26,22.8994],[-122.2634,22.9196],[-122.2306,22.8892],[-122.2383,22.8809],[-122.1659,22.8889],[-122.0963,22.8709],[-122.1116,22.8531],[-122.0961,22.8381],[-122.1108,22.8254],[-122.089,22.8092],[-122.1052,22.7901],[-122.0782,22.7748],[-122.0778,22.7556],[-122.0484,22.7604],[-122.0639,22.7357],[-122.2556,22.7082],[-122.2385,22.6849],[-122.2735,22.6813],[-122.3391,22.7141],[-122.4217,22.7156],[-122.6735,22.792],[-122.677,22.8129],[-122.7176,22.8428],[-122.5048,22.8398]]],[[[-121.8184,23.0642],[-121.8565,23.0545],[-121.8666,23.061],[-121.8586,23.0754],[-121.8184,23.0642]]],[[[-122.2516,23.3889],[-122.2524,23.377],[-122.2583,23.3839],[-122.2516,23.3889]]],[[[-121.8707,23.0868],[-121.9238,23.1128],[-121.8976,23.1241],[-121.8408,23.1271],[-121.8401,23.1429],[-121.896,23.1449],[-121.9174,23.1688],[-121.9619,23.1821],[-121.9861,23.1478],[-122.061,23.1539],[-122.0815,23.1986],[-122.0659,23.2202],[-122.1573,23.229],[-122.18,23.2551],[-122.125,23.2796],[-122.1235,23.2932],[-122.1872,23.3128],[-122.2422,23.2912],[-122.2722,23.3284],[-122.2592,23.3652],[-122.2597,23.3401],[-122.1207,23.355],[-122.2106,23.3707],[-122.2421,23.4022],[-122.075,23.4143],[-122.1211,23.4635],[-122.1186,23.4944],[-121.9445,23.6233],[-121.8699,23.6576],[-121.8022,23.6548],[-121.8072,23.6338],[-121.7814,23.6542],[-121.8056,23.6607],[-121.775,23.6793],[-121.8112,23.7198],[-121.8113,23.7444],[-121.7933,23.7489],[-121.8055,23.7618],[-121.7546,23.8219],[-121.6938,23.8295],[-121.6884,23.8371],[-121.7096,23.8434],[-121.7069,23.8678],[-121.6194,23.9035],[-121.5246,23.9103],[-121.4133,23.8926],[-121.3772,23.861],[-121.3423,23.8656],[-121.3451,23.8553],[-121.2784,23.8285],[-121.1716,23.8404],[-121.104,23.8723],[-121.0987,23.8887],[-121.0405,23.8973],[-120.9022,23.9884],[-120.9148,24.0077],[-120.8118,23.9883],[-120.8553,23.9688],[-120.5057,23.9943],[-120.3761,24.0879],[-120.3781,24.116],[-120.4362,24.19],[-120.4466,24.2492],[-120.5498,24.308],[-120.5955,24.318],[-120.6433,24.3015],[-120.6435,24.3137],[-120.6232,24.3238],[-120.6214,24.3456],[-120.5946,24.3546],[-120.4634,24.3436],[-120.488,24.3581],[-120.3869,24.3829],[-120.381,24.4201],[-120.4163,24.4528],[-120.5218,24.4925],[-120.606,24.4343],[-120.6433,24.427],[-120.6911,24.4447],[-120.7815,24.4209],[-120.7546,24.4235],[-120.7712,24.4152],[-120.865,24.4074],[-120.8886,24.3858],[-120.997,24.3547],[-121.0225,24.3326],[-121.0278,24.3036],[-121.0833,24.2824],[-121.1073,24.3261],[-121.1003,24.3405],[-121.1718,24.3578],[-121.1637,24.368],[-121.2055,24.3826],[-121.2039,24.3956],[-121.2417,24.3962],[-121.2819,24.3732],[-121.2091,24.3467],[-121.1676,24.3479],[-121.2093,24.308],[-121.2496,24.3354],[-121.3659,24.3659],[-121.6144,24.3652],[-121.8597,24.3208],[-122.2824,24.3721],[-122.3431,24.3924],[-122.3743,24.4261],[-122.3731,24.4473],[-122.3491,24.4576],[-122.3539,24.4765],[-122.4481,24.5133],[-122.4523,24.5326],[-122.5393,24.5732],[-122.5397,24.5768],[-122.523,24.6046],[-122.5009,24.6161],[-122.5357,24.5818],[-122.5288,24.57],[-122.3967,24.5607],[-122.4274,24.563],[-122.3692,24.5804],[-122.3736,24.5967],[-122.3283,24.6154],[-122.3433,24.6251],[-122.698,24.6596],[-122.9312,24.7206],[-122.9489,24.7407],[-122.9429,24.7561],[-122.17,24.9756],[-121.6454,25.0723],[-121.4668,25.0762],[-121.3784,25.0668],[-121.4815,25.0696],[-121.4207,25.0613],[-121.4132,25.0399],[-121.4624,25.004],[-121.45,24.9599],[-121.5373,24.9356],[-121.4719,24.9362],[-121.4272,24.8967],[-121.3787,24.8884],[-121.0683,24.904],[-121.0283,24.882],[-120.9384,24.8782],[-120.8571,24.8951],[-120.7536,24.8771],[-120.7827,24.8805],[-120.7612,24.8689],[-120.7646,24.8553],[-120.7291,24.8593],[-120.7466,24.8687],[-120.6288,24.9599],[-120.536,24.942],[-120.4774,24.9486],[-120.4869,24.9438],[-120.4904,24.9346],[-120.4817,24.9319],[-120.4409,24.9471],[-120.5035,24.9865],[-120.6373,25.0077],[-120.6991,25.008],[-120.7868,24.9816],[-120.7611,25.0251],[-120.7668,25.0499],[-120.8774,25.1131],[-120.9811,25.1253],[-121.0245,25.1685],[-120.971,25.2013],[-120.9145,25.1973],[-120.8481,25.1479],[-120.8115,25.1406],[-120.835,25.1103],[-120.8275,25.0927],[-120.7749,25.0593],[-120.6606,25.0227],[-120.5209,25.0552],[-120.3844,24.9967],[-120.2941,24.9942],[-120.1864,25.0042],[-120.1775,25.0442],[-120.2412,25.0854],[-120.297,25.0717],[-120.3996,25.0992],[-120.5065,25.0914],[-120.5392,25.0701],[-120.5352,25.0583],[-120.5656,25.0511],[-120.6469,25.0618],[-120.6438,25.0734],[-120.7425,25.1085],[-120.7298,25.1194],[-120.7654,25.12],[-120.7548,25.1525],[-120.7035,25.1975],[-120.6239,25.2061],[-120.738,25.2349],[-120.9586,25.2136],[-120.9611,25.228],[-121.0198,25.2203],[-121.0533,25.2374],[-121.1485,25.2279],[-121.4025,25.257],[-121.4186,25.2639],[-121.4224,25.3056],[-121.4545,25.3548],[-121.5403,25.4274],[-121.9883,25.5808],[-122.1678,25.6084],[-122.3113,25.6695],[-122.4988,25.6887],[-122.3215,25.7242],[-122.2761,25.8104],[-122.2826,25.8772],[-122.0552,25.8665],[-121.6147,25.8926],[-121.3959,25.9451],[-121.2294,26.037],[-121.2085,26.0653],[-121.2089,26.1374],[-121.1602,26.2031],[-120.9314,26.3331],[-120.7646,26.3839],[-120.5595,26.3718],[-120.3907,26.4004],[-120.2204,26.4506],[-119.9839,26.547],[-119.8169,26.575],[-119.6754,26.586],[-119.8673,26.5663],[-119.8179,26.5689],[-119.797,26.5548],[-119.8778,26.5421],[-119.754,26.5363],[-119.7396,26.5439],[-119.7809,26.5543],[-119.6405,26.5436],[-119.3512,26.57],[-119.2042,26.6106],[-118.9902,26.7191],[-118.9058,26.7421],[-118.8934,26.7222],[-118.7346,26.7023],[-118.7173,26.6895],[-118.7378,26.6785],[-118.6831,26.6928],[-118.5843,26.6819],[-118.537,26.6524],[-118.6438,26.6049],[-118.7334,26.6035],[-118.7068,26.6009],[-118.697,26.5871],[-118.7091,26.5825],[-118.6874,26.5795],[-118.6839,26.5614],[-118.5281,26.5684],[-118.536,26.5987],[-118.4463,26.6242],[-118.4161,26.6127],[-118.4131,26.6244],[-118.4497,26.641],[-118.4097,26.656],[-118.3829,26.6433],[-118.3961,26.663],[-118.3821,26.6722],[-118.2088,26.6182],[-118.2217,26.5845],[-118.204,26.5563],[-118.1203,26.5584],[-118.0705,26.5376],[-118.0068,26.5551],[-117.9871,26.5754],[-117.7394,26.5906],[-117.6064,26.5657],[-117.5105,26.5771],[-117.3866,26.558],[-117.3752,26.5487],[-117.4746,26.5104],[-117.4694,26.4912],[-117.4289,26.4775],[-117.3265,26.4717],[-117.3309,26.4663],[-117.5035,26.4651],[-117.2042,26.4627],[-117.2365,26.4452],[-117.212,26.4426],[-117.2901,26.4291],[-117.2635,26.4195],[-117.1402,26.4209],[-117.043,26.399],[-116.9395,26.4295],[-116.7884,26.4378],[-116.7259,26.4121],[-116.6451,26.419],[-116.5592,26.4475],[-116.4185,26.4494],[-116.1119,26.4077],[-116.0726,26.3942],[-116.0771,26.3769],[-115.9873,26.3868],[-115.9711,26.3711],[-115.9445,26.3882],[-115.8867,26.3707],[-115.8705,26.373],[-115.8741,26.3629],[-115.8333,26.3706],[-115.8534,26.3514],[-115.7954,26.3387],[-115.6487,26.3395],[-115.5769,26.3198],[-115.3904,26.3338],[-115.1749,26.3143],[-115.1559,26.3255],[-115.0103,26.281],[-114.9235,26.2783],[-114.9356,26.2699],[-114.8405,26.2541],[-114.7232,26.2579],[-114.6662,26.281],[-114.4743,26.3107],[-114.2454,26.322],[-113.9358,26.2444],[-113.9478,26.2375],[-113.6762,26.1866],[-113.5972,26.162],[-113.6237,26.1647],[-113.589,26.1408],[-113.5442,26.1393],[-113.5291,26.1542],[-113.5594,26.1594],[-113.457,26.1449],[-113.4575,22.8759],[-113.289,22.8456],[-113.2672,22.8765],[-113.1002,22.8324],[-112.9994,22.886],[-112.783,22.8921],[-112.8264,22.7996],[-112.7756,22.7669],[-112.6544,22.7359],[-112.626,22.6877],[-112.2694,22.504],[-112.2318,22.4136],[-112.2406,22.3869],[-111.9961,22.4741],[-111.9103,22.4764],[-111.871,22.5181],[-111.8738,22.5817],[-111.8337,22.5763],[-111.7903,22.6022],[-111.7907,22.6145],[-111.8307,22.6286],[-111.5245,22.698],[-111.3669,22.616],[-111.3665,22.5848],[-111.3922,22.5683],[-111.3532,22.5542],[-111.3672,22.5402],[-111.3428,22.517],[-111.2521,22.5058],[-111.2445,22.486],[-111.176,22.4647],[-111.1405,22.4323],[-111.1493,22.4114],[-111.1193,22.406],[-111.4177,22.4095],[-111.4561,22.4883],[-111.4866,22.5109],[-111.4693,22.5753],[-111.4836,22.5873],[-111.4943,22.5226],[-111.5474,22.5272],[-111.4867,22.4922],[-111.4621,22.4486],[-111.5143,22.4953],[-111.5787,22.5109],[-111.4887,22.451],[-111.4972,22.4094],[-111.4413,22.3425],[-111.4432,22.3172],[-111.4064,22.286],[-111.4074,22.2707],[-111.4317,22.2854],[-111.3738,22.1852],[-111.3944,22.1638],[-111.3793,22.136],[-111.4602,22.1513],[-111.4959,22.1824],[-111.5293,22.2436],[-111.5155,22.2472],[-111.5355,22.2443],[-111.5244,22.2263],[-111.5373,22.2355],[-111.5231,22.2002],[-111.5734,22.2176],[-111.6775,22.2013],[-111.6632,22.2312],[-111.7056,22.2329],[-111.6826,22.2496],[-111.7053,22.276],[-111.6523,22.2784],[-111.6755,22.2847],[-111.737,22.3524],[-111.7114,22.368],[-111.7279,22.3679],[-111.7255,22.3901],[-111.7472,22.4107],[-111.7635,22.4096],[-111.7436,22.371],[-111.7607,22.3312],[-111.789,22.3315],[-111.8779,22.3621],[-111.9023,22.4047],[-111.9148,22.3869],[-111.9557,22.4194],[-111.9246,22.3837],[-111.9415,22.3813],[-112.0717,22.4416],[-112.0735,22.4265],[-112.0278,22.3961],[-112.0732,22.389],[-112.1044,22.3626],[-112.0539,22.3846],[-111.9913,22.3629],[-111.9678,22.3755],[-111.9029,22.3596],[-111.8782,22.3476],[-111.9117,22.3356],[-111.8296,22.3094],[-111.8938,22.2787],[-111.8322,22.2784],[-111.8424,22.288],[-111.8146,22.2868],[-111.8165,22.3035],[-111.7416,22.248],[-111.7201,22.2024],[-111.8054,22.1789],[-111.8035,22.197],[-111.8407,22.1994],[-111.8357,22.1751],[-111.8854,22.176],[-111.8769,22.168],[-111.9154,22.1925],[-111.9295,22.184],[-111.9053,22.1544],[-111.9399,22.1415],[-111.9623,22.1583],[-111.9447,22.1732],[-111.9838,22.1708],[-111.9765,22.1839],[-111.9892,22.1912],[-112.0106,22.1772],[-112.001,22.1959],[-112.025,22.1895],[-112.0293,22.2077],[-112.0895,22.2022],[-112.2903,22.2838],[-112.2963,22.3004],[-112.3823,22.3432],[-112.3869,22.3769],[-112.4903,22.4319],[-113.0568,22.6058],[-113.0145,22.61],[-113.0188,22.6171],[-113.0082,22.6154],[-113.0004,22.6359],[-112.9946,22.6198],[-112.9801,22.6181],[-112.9259,22.6618],[-112.9793,22.7245],[-112.9279,22.7669],[-112.9427,22.7831],[-112.9712,22.7508],[-113.0284,22.7233],[-113.0299,22.708],[-113.2139,22.6612],[-113.4131,22.6773],[-113.6049,22.7258],[-113.6169,22.7305],[-113.6261,22.7384],[-113.6116,22.7294],[-113.5583,22.7447],[-113.5476,22.7681],[-113.5718,22.7891],[-113.5113,22.8111],[-113.5063,22.8218],[-113.5158,22.83],[-113.5214,22.8125],[-113.5771,22.798],[-113.5898,22.8243],[-113.6103,22.8151],[-113.6491,22.8283],[-113.5857,22.7771],[-113.6652,22.7554],[-114.0903,22.802],[-114.4695,22.7638],[-114.5962,22.777],[-114.5214,22.7839],[-114.6161,22.8259],[-114.5887,22.832],[-114.6738,22.8265],[-114.8309,22.8477],[-114.7629,22.8611],[-114.8451,22.8759],[-114.7893,22.9304],[-114.8754,22.9088],[-114.9006,22.8725],[-114.9336,22.8742],[-115.0652,22.9251],[-115.194,22.9321],[-115.1237,22.9575],[-115.0765,23.0018],[-115.1691,22.9825],[-115.1432,22.9925],[-115.1714,22.9883],[-115.1524,23.0102],[-115.2103,22.9848],[-115.1822,23.0141],[-115.2972,22.9879],[-115.2148,23.0297],[-115.2243,23.045],[-115.2963,23.0184],[-115.3162,23.0199],[-115.3038,23.0384],[-115.3161,23.0376],[-115.3792,23.0032],[-115.4396,23.0114],[-115.4524,23.0285],[-115.3894,23.0256],[-115.4,23.0383],[-115.2399,23.061],[-115.2913,23.077],[-115.3307,23.0549],[-115.4009,23.0514],[-115.4083,23.0678],[-115.4308,23.0553],[-115.4217,23.0717],[-115.4438,23.0698],[-115.474,23.1006],[-115.4181,23.0913],[-115.4589,23.107],[-115.4403,23.131],[-115.4032,23.1256],[-115.4386,23.1409],[-115.2887,23.1491],[-115.3084,23.1635],[-115.4175,23.1689],[-115.4504,23.1383],[-115.4852,23.1426],[-115.5103,23.1083],[-115.5492,23.0942],[-115.5749,23.0997],[-115.5463,23.1083],[-115.5785,23.1602],[-115.5558,23.1695],[-115.5932,23.1715],[-115.6032,23.1499],[-115.5869,23.1249],[-115.6062,23.0975],[-115.634,23.1017],[-115.6365,23.1208],[-115.6555,23.1093],[-115.645,23.0934],[-115.6731,23.0942],[-115.6629,23.0858],[-115.6888,23.0748],[-115.7154,23.0819],[-115.6942,23.1071],[-115.7221,23.1036],[-115.6998,23.1227],[-115.7215,23.1156],[-115.7285,23.0873],[-115.75,23.084],[-115.7466,23.1365],[-115.7251,23.1431],[-115.7506,23.1706],[-115.7616,23.1247],[-115.7924,23.1043],[-115.7649,23.1028],[-115.765,23.0841],[-115.7804,23.0808],[-115.7635,23.0777],[-115.7669,23.0662],[-115.7896,23.0622],[-115.7879,23.081],[-115.8154,23.08],[-115.817,23.0968],[-115.8401,23.0894],[-115.8248,23.0851],[-115.8415,23.0726],[-115.8132,23.0542],[-115.8642,23.0584],[-115.8889,23.0823],[-115.8786,23.0525],[-115.9573,23.0477],[-115.9432,23.0878],[-115.875,23.1428],[-115.889,23.1438],[-115.774,23.1988],[-115.824,23.1907],[-115.8012,23.2102],[-115.8125,23.2145],[-115.9296,23.1208],[-115.9552,23.1626],[-116.0499,23.1366],[-116.032,23.131],[-116.058,23.1087],[-115.9645,23.1432],[-115.9742,23.1079],[-116.0182,23.1024],[-115.9997,23.0887],[-116.014,23.0609],[-116.0474,23.0646],[-116.0257,23.0511],[-116.0865,23.0612],[-116.1583,23.0438],[-116.0657,23.0504],[-116.1384,23.0225],[-116.1368,23.0068],[-116.1568,22.9989],[-116.1461,22.9949],[-116.0902,23.0361],[-116.0336,23.0369],[-116.0403,23.0075],[-116.0641,22.9968],[-116.0579,22.9843],[-116.0011,23.0338],[-115.9474,23.0306],[-115.9447,22.9953],[-115.9641,22.9891],[-115.9928,23.0109],[-115.9734,22.9813],[-116.0202,22.9525],[-116.0601,22.9706],[-116.1574,22.9295],[-116.1394,22.9285],[-116.1394,22.914],[-116.1372,22.9305],[-116.0635,22.9596],[-116.0357,22.9473],[-116.0446,22.9406],[-116.0228,22.9434],[-116.0324,22.9349],[-116.0011,22.94],[-116.0056,22.9196],[-115.9888,22.9305],[-115.9934,22.9502],[-115.9724,22.9646],[-115.9643,22.9443],[-115.9617,22.9698],[-115.9357,22.9772],[-115.9195,22.9648],[-115.9402,22.9516],[-115.9064,22.9545],[-115.8938,22.9453],[-115.9102,22.9303],[-115.8845,22.9218],[-115.9412,22.8988],[-115.9604,22.9054],[-115.9515,22.8921],[-115.9836,22.8895],[-115.9801,22.8738],[-116.0174,22.8544],[-116.0276,22.869],[-116.0494,22.8643],[-116.0256,22.8511],[-116.0657,22.8307],[-115.9821,22.8599],[-115.9709,22.8553],[-116.0101,22.8417],[-115.9725,22.8435],[-115.9785,22.8197],[-115.9518,22.8516],[-115.9372,22.8437],[-115.953,22.8333],[-115.9491,22.8154],[-115.9204,22.8346],[-115.9553,22.7844],[-115.9857,22.7734],[-116.0167,22.778],[-115.9732,22.7815],[-116.0139,22.7871],[-115.9709,22.7928],[-116.0092,22.7997],[-116.0049,22.8262],[-116.0238,22.8303],[-116.0473,22.7794],[-116.0614,22.7784],[-116.046,22.772],[-116.0568,22.7505],[-116.0991,22.7799],[-116.1032,22.7509],[-116.1227,22.741],[-116.3005,22.7564],[-116.2699,22.7829],[-116.2816,22.7881],[-116.3298,22.771],[-116.3588,22.7227],[-116.3576,22.7574],[-116.37,22.7591],[-116.3581,22.7735],[-116.3745,22.7722],[-116.3834,22.809],[-116.4036,22.8118],[-116.4125,22.7805],[-116.3921,22.763],[-116.4193,22.7402],[-116.451,22.7374],[-116.4753,22.7068],[-116.4632,22.6871],[-116.4439,22.6909],[-116.4548,22.6816],[-116.4406,22.6655],[-116.4811,22.677],[-116.4575,22.6836],[-116.4862,22.6909],[-116.4699,22.6968],[-116.4873,22.6963],[-116.4909,22.7153],[-116.4724,22.7253],[-116.4909,22.723],[-116.4804,22.732],[-116.4977,22.7515],[-116.5163,22.7503],[-116.5189,22.7069],[-116.5621,22.7174],[-116.5241,22.6974],[-116.5158,22.6422],[-116.5458,22.6581],[-116.5245,22.665],[-116.6236,22.6952],[-116.6346,22.7142],[-116.6334,22.685],[-116.598,22.6819],[-116.5792,22.6606],[-116.6189,22.6331],[-116.6543,22.6605],[-116.6417,22.6326],[-116.6639,22.6365],[-116.6363,22.6219],[-116.6818,22.6205],[-116.6688,22.6057],[-116.7007,22.6039],[-116.6896,22.5932],[-116.722,22.5763],[-116.7089,22.5781],[-116.7102,22.5645],[-116.7236,22.5729],[-116.7453,22.5531],[-116.7586,22.5575],[-116.7482,22.5744],[-116.7275,22.5721],[-116.7482,22.5799],[-116.7255,22.5883],[-116.7394,22.5933],[-116.7228,22.5949],[-116.7356,22.5992],[-116.7084,22.622],[-116.718,22.6259],[-116.685,22.6794],[-116.7744,22.5792],[-116.79,22.585],[-116.774,22.5974],[-116.8066,22.6043],[-116.7788,22.6216],[-116.7903,22.6309],[-116.8187,22.6068],[-116.8373,22.6095],[-116.8097,22.5865],[-116.8373,22.5833],[-116.8102,22.5745],[-116.8651,22.5671],[-116.9401,22.5262],[-116.9181,22.5122],[-116.9532,22.5003],[-116.9459,22.4875],[-116.9642,22.4958],[-116.9482,22.5157],[-116.9682,22.5152],[-116.9674,22.5324],[-116.9867,22.5132],[-117.0664,22.5273],[-116.9925,22.5079],[-117.0,22.4927],[-117.0443,22.4894],[-117.0624,22.5032],[-117.063,22.492],[-117.1019,22.5092],[-117.1514,22.4988],[-117.1226,22.4896],[-117.178,22.4833],[-117.1641,22.4754],[-117.2173,22.4742],[-117.2231,22.4928],[-117.2026,22.4966],[-117.2454,22.4898],[-117.2988,22.5082],[-117.3038,22.5281],[-117.2803,22.5443],[-117.2238,22.533],[-117.2684,22.5528],[-117.2675,22.5674],[-117.2178,22.5766],[-117.1966,22.5569],[-117.2092,22.5769],[-117.1849,22.5884],[-117.1086,22.58],[-117.1223,22.5922],[-117.1109,22.6085],[-117.0143,22.6241],[-117.0285,22.6431],[-116.932,22.6956],[-116.9882,22.694],[-117.1288,22.6404],[-117.1021,22.6284],[-117.1948,22.6496],[-117.262,22.6891],[-117.2028,22.78],[-117.1044,22.8432],[-117.0896,22.8955],[-117.0605,22.906],[-117.0494,22.9588],[-117.1001,23.0209],[-116.9694,23.0463],[-116.8443,23.1041],[-116.7388,23.1324],[-116.6748,23.0842],[-116.6097,23.0704],[-116.5621,23.1048],[-116.5253,23.1076],[-116.2559,23.0626],[-116.3259,23.0993],[-116.3839,23.0928],[-116.4708,23.1136],[-116.6329,23.1734],[-116.5726,23.1962],[-116.5026,23.2524],[-116.3558,23.2848],[-116.3972,23.2998],[-116.472,23.2918],[-116.5668,23.2516],[-116.5778,23.2123],[-116.6019,23.2018],[-116.7709,23.2043],[-116.8364,23.2215],[-116.9365,23.1919],[-117.0145,23.1351],[-117.1275,23.123],[-117.2369,23.0638],[-117.2041,23.0191],[-117.2533,23.0311],[-117.2939,23.0205],[-117.3411,22.9938],[-117.342,22.9789],[-117.415,22.9462],[-117.4197,22.9189],[-117.3899,22.9074],[-117.437,22.8917],[-117.4496,22.8709],[-117.5013,22.8468],[-117.6166,22.8535],[-117.5442,22.8268],[-117.5074,22.7961],[-117.5548,22.7381],[-117.7259,22.7189],[-117.7391,22.7083],[-117.6538,22.7024],[-117.674,22.6622],[-117.7339,22.6411],[-117.7553,22.6533],[-117.769,22.6374],[-117.806,22.6435],[-117.7759,22.673],[-117.8154,22.6892],[-117.8239,22.644],[-117.8532,22.6369],[-117.8667,22.6627],[-117.8773,22.6438],[-117.9032,22.6415],[-117.8515,22.628],[-117.8644,22.6116],[-117.9254,22.6074],[-117.9036,22.5829],[-117.9114,22.5711],[-118.0561,22.5485],[-118.0405,22.5391],[-117.9893,22.5438],[-118.0456,22.5246],[-118.0525,22.4871],[-118.0996,22.4682],[-118.0679,22.461],[-118.0771,22.4404],[-118.0631,22.4259],[-118.0291,22.4441],[-117.9068,22.4489],[-117.87,22.4209],[-117.7992,22.4093],[-117.757,22.3748],[-117.8806,22.3679],[-117.7447,22.3666],[-117.7804,22.3637],[-117.8065,22.321],[-117.8515,22.3087],[-117.8642,22.2905],[-117.9719,22.2799],[-117.965,22.2695],[-117.9917,22.2535],[-117.9834,22.2419],[-118.034,22.2353],[-118.0348,22.2199],[-118.0072,22.2004],[-118.1286,22.1693],[-118.1068,22.1598],[-118.0701,22.1808],[-118.0438,22.1657],[-118.0876,22.1595],[-118.0581,22.1427],[-118.1123,22.1362],[-118.0813,22.1169],[-118.1252,22.1237],[-118.1181,22.0978],[-118.1764,22.136],[-118.1695,22.0964],[-118.2218,22.11],[-118.1951,22.0926],[-118.2058,22.077],[-118.2416,22.0907],[-118.2762,22.0695],[-118.3669,22.0687],[-118.3715,22.0529],[-118.3977,22.0498],[-118.379,22.0351],[-118.3862,22.0245],[-118.4762,22.0066],[-118.4582,21.9992],[-118.4846,21.9943],[-118.457,21.9835],[-118.4623,21.9724],[-118.566,21.9935],[-118.5793,21.9657],[-118.5626,21.9512],[-118.6284,21.9428],[-118.6112,21.934],[-118.6121,21.9097],[-118.7184,21.9176],[-118.715,21.8705],[-118.7753,21.8867],[-118.7814,21.8726],[-118.8953,21.8326],[-118.8938,21.8176],[-118.8225,21.8302],[-118.825,21.8062],[-118.8479,21.7962],[-118.8191,21.7827],[-118.9698,21.7809],[-118.823,21.7809],[-118.8698,21.7624],[-118.8611,21.7476],[-118.887,21.7355],[-118.9206,21.7358],[-118.9021,21.7106],[-118.9779,21.7305],[-118.9683,21.7181],[-118.9891,21.6854],[-119.0282,21.7062],[-119.1271,21.6362],[-119.2097,21.6692],[-119.2203,21.6554],[-119.1974,21.6357],[-119.2352,21.6364],[-119.2534,21.6158],[-119.2234,21.6031],[-119.2202,21.5867],[-119.2923,21.5826],[-119.3241,21.6064],[-119.4534,21.5584],[-119.3508,21.567],[-119.3458,21.5459],[-119.3607,21.5339],[-119.4553,21.5513],[-119.4523,21.53],[-119.5495,21.5269],[-119.5843,21.4997],[-119.5777,21.4855],[-119.4753,21.4688],[-119.5483,21.4534],[-119.5465,21.44],[-119.5111,21.4429],[-119.5156,21.4314],[-119.468,21.4514],[-119.4495,21.4518],[-119.5289,21.4122],[-119.5417,21.4345],[-119.5485,21.4149],[-119.5617,21.4171],[-119.5469,21.3903],[-119.5789,21.4083],[-119.5679,21.3927],[-119.579,21.3854],[-119.5505,21.3845],[-119.5521,21.3701],[-119.5832,21.3819],[-119.5845,21.3613],[-119.6023,21.3799],[-119.5785,21.3927],[-119.6162,21.3858],[-119.5987,21.3969],[-119.6152,21.3979],[-119.6126,21.4091],[-119.5661,21.4352],[-119.6245,21.4394],[-119.5998,21.4281],[-119.6312,21.4082],[-119.6348,21.4207],[-119.6582,21.4229],[-119.6337,21.3997],[-119.6607,21.386],[-119.6308,21.3756],[-119.6307,21.3632],[-119.6495,21.3625],[-119.6406,21.3514],[-119.6696,21.3551],[-119.6568,21.3611],[-119.6632,21.374],[-119.6836,21.3636],[-119.7005,21.3743],[-119.7264,21.3391],[-119.8783,21.3262],[-119.8972,21.3185],[-119.9037,21.2941],[-119.9222,21.3094],[-119.9157,21.3324],[-119.943,21.329],[-119.9299,21.288],[-119.9512,21.2674],[-119.9419,21.2519],[-119.9747,21.225],[-119.9653,21.2164],[-120.0183,21.2294],[-119.9715,21.2409],[-120.0045,21.2493],[-119.9768,21.2636],[-119.9945,21.2776],[-119.9688,21.302],[-120.0382,21.3182],[-120.0575,21.3142],[-120.0624,21.293],[-120.0927,21.3057],[-120.0961,21.2897],[-120.1159,21.2956],[-120.1132,21.2705],[-120.1394,21.2715],[-120.1255,21.2631],[-120.1605,21.2769],[-120.1538,21.2504],[-120.2544,21.2501],[-120.2312,21.2314],[-120.2626,21.2197],[-120.283,21.1854],[-120.2949,21.1848],[-120.3151,21.2317],[-120.3338,21.2109],[-120.376,21.2097],[-120.3386,21.2004],[-120.3412,21.18],[-120.3861,21.1784],[-120.3987,21.1998],[-120.4269,21.2017],[-120.4559,21.1728],[-120.5415,21.1433],[-120.6332,21.145],[-120.6245,21.1904],[-120.5824,21.2324],[-120.6464,21.2387],[-120.7013,21.2009],[-120.6978,21.1601],[-120.7668,21.0949],[-120.8205,21.0982],[-120.7927,21.0558],[-120.8246,21.0438],[-120.8638,21.0733],[-120.8866,21.0552],[-120.8732,21.0405],[-120.8875,21.0268],[-120.9188,21.0396],[-120.9514,21.0297],[-120.9892,21.0591],[-120.9286,21.056],[-120.9756,21.0746],[-120.9866,21.1064],[-121.0272,21.1154],[-121.0036,21.1232],[-121.0307,21.1253],[-121.0604,21.0947],[-121.0126,21.0681],[-121.0257,21.0538],[-121.0005,21.0037],[-121.0453,21.0179],[-121.0701,20.9975],[-121.1152,20.9955],[-121.1594,21.0469],[-121.2214,21.0529],[-121.2325,21.0286],[-121.1678,20.9991],[-121.2679,20.9516],[-121.2923,20.9663],[-121.2684,20.9767],[-121.2745,21.0028],[-121.2334,20.9955],[-121.2607,21.0097],[-121.2613,21.0565],[-121.3041,21.0423],[-121.1592,21.1049],[-121.1864,21.0804],[-121.112,21.0815],[-121.1036,21.1016],[-121.1216,21.1132],[-121.0642,21.1264],[-121.0314,21.1561],[-120.9944,21.1442],[-120.9802,21.155],[-120.9828,21.1798],[-121.0137,21.1771],[-120.8968,21.2614],[-120.7376,21.3318],[-120.5186,21.3724],[-120.487,21.3734],[-120.5548,21.3542],[-120.4733,21.3491],[-120.4136,21.3686],[-120.4059,21.3443],[-120.4382,21.3501],[-120.4651,21.3326],[-120.4336,21.3253],[-120.4407,21.3076],[-120.3868,21.2737],[-120.3627,21.2796],[-120.3467,21.2623],[-120.3349,21.2774],[-120.3735,21.2938],[-120.3844,21.3288],[-120.2799,21.3212],[-120.2685,21.2943],[-120.1949,21.2874],[-120.2184,21.3048],[-120.1914,21.3163],[-120.3007,21.3458],[-120.2904,21.3607],[-120.3122,21.3616],[-120.2294,21.4679],[-120.0421,21.5604],[-119.7195,21.6768],[-119.7393,21.6635],[-119.7196,21.6513],[-119.6341,21.6497],[-119.6496,21.6795],[-119.6446,21.7155],[-119.5143,21.82],[-119.4361,21.8437],[-119.3216,21.9125],[-119.2975,21.9167],[-119.282,21.89],[-119.2625,21.8915],[-119.2674,21.9329],[-119.3012,21.9337],[-119.3037,21.9673],[-119.2587,22.1137],[-119.2437,22.1339],[-119.2021,22.128],[-119.1927,22.1406],[-119.2445,22.1638],[-119.2439,22.2049],[-119.215,22.2457],[-119.0749,22.3179],[-119.0787,22.3381],[-119.0544,22.3562],[-119.0625,22.3728],[-119.0319,22.4079],[-119.0468,22.4128],[-119.0858,22.3749],[-119.1255,22.3666],[-119.1255,22.4488],[-119.1285,22.3647],[-119.4817,22.2842],[-119.5226,22.3008],[-119.5395,22.3321],[-119.604,22.3503],[-119.5838,22.3678],[-119.5754,22.4185],[-119.5271,22.4349],[-119.5555,22.4421],[-119.5936,22.4269],[-119.6223,22.3884],[-119.6788,22.3767],[-119.6878,22.3263],[-119.7235,22.3301],[-119.671,22.2467],[-119.6507,22.241],[-119.691,22.2106],[-119.7231,22.2066],[-119.7783,22.2179],[-119.9143,22.3481],[-119.984,22.3633],[-119.9615,22.3819],[-119.9724,22.3955],[-120.0167,22.3926],[-120.0197,22.3638],[-120.0363,22.3666],[-120.0348,22.3506],[-120.0782,22.3384],[-120.1061,22.3752],[-120.1627,22.3705],[-120.1597,22.3904],[-120.1904,22.3795],[-120.1972,22.3987],[-120.2219,22.3991],[-120.1955,22.4135],[-120.2309,22.4442],[-120.37,22.3856],[-120.3945,22.3596],[-120.4201,22.3784],[-120.443,22.375],[-120.5543,22.3395],[-120.5878,22.3146],[-120.5872,22.3019],[-120.5636,22.3064],[-120.7057,22.2628],[-120.7263,22.2617],[-120.7441,22.2887],[-120.8681,22.2952],[-120.8059,22.3071],[-120.768,22.2978],[-120.7275,22.3372],[-120.7444,22.4364],[-120.8001,22.4706],[-120.8265,22.5136],[-120.791,22.5513],[-120.7022,22.5931],[-120.8858,22.7899],[-120.9372,22.8279],[-120.9648,22.8297],[-120.982,22.8082],[-120.9742,22.7792],[-120.997,22.7623],[-121.0587,22.7658],[-121.2121,22.7145],[-121.4035,22.6969],[-121.5472,22.711],[-121.5843,22.7492],[-121.5509,22.7661],[-121.6418,22.7954],[-121.6811,22.8356],[-121.7315,22.855],[-121.7409,22.8762],[-121.817,22.8779],[-121.906,22.9243],[-121.8621,22.9337],[-121.8447,22.9565],[-121.9515,22.9412],[-122.0039,22.9607],[-121.855,23.0133],[-121.8459,23.0227],[-121.8688,23.044],[-121.8094,23.0641],[-121.8411,23.08],[-121.831,23.1006],[-121.8707,23.0868]],[[-114.5421,24.4304],[-114.5484,24.4208],[-114.5465,24.4203],[-114.5421,24.4304]],[[-114.4833,24.5568],[-114.5007,24.5607],[-114.4806,24.5556],[-114.4833,24.5568]],[[-114.62,24.5577],[-114.6234,24.5529],[-114.6092,24.558],[-114.62,24.5577]],[[-115.9267,24.2901],[-115.9079,24.29],[-115.9448,24.2955],[-115.9267,24.2901]],[[-115.5568,24.2587],[-115.4361,24.2587],[-115.8276,24.259],[-115.5568,24.2587]],[[-115.3798,23.8039],[-115.3763,23.8783],[-115.3798,23.9859],[-115.3798,23.8039]],[[-119.8496,23.4498],[-120.4274,23.4498],[-120.2939,23.4498],[-119.8496,23.4498]],[[-120.2651,23.4218],[-120.2743,23.4266],[-120.2711,23.423],[-120.2651,23.4218]],[[-120.23,23.416],[-120.2421,23.4173],[-120.2341,23.4157],[-120.23,23.416]],[[-120.1721,23.4098],[-120.1728,23.4099],[-120.1731,23.4085],[-120.1721,23.4098]],[[-121.4791,23.1924],[-121.4794,23.1957],[-121.513,23.1862],[-121.4791,23.1924]],[[-121.5818,23.1495],[-121.5756,23.1549],[-121.5774,23.1559],[-121.5818,23.1495]],[[-121.558,23.1448],[-121.5794,23.1473],[-121.5771,23.1453],[-121.558,23.1448]],[[-121.561,23.1266],[-121.5587,23.1325],[-121.558,23.1448],[-121.561,23.1266]],[[-119.9645,24.702],[-120.0374,24.702],[-119.8918,24.702],[-119.9645,24.702]],[[-117.6567,23.7227],[-117.4566,23.8828],[-117.6575,23.7227],[-117.6574,23.2678],[-117.6567,23.7227]],[[-117.8111,23.1769],[-117.8111,23.0859],[-117.8111,23.0555],[-117.8111,23.1769]],[[-119.1154,23.0859],[-118.7068,23.0859],[-117.8111,23.0859],[-119.1154,23.0859]],[[-118.2317,22.2971],[-118.1161,22.2971],[-117.9428,22.2972],[-118.2317,22.2971]],[[-116.1677,23.0252],[-116.1678,23.0252],[-116.27,23.0252],[-116.1677,23.0252]],[[-113.7335,22.9514],[-113.7939,22.9514],[-114.2245,22.9513],[-113.7335,22.9514]],[[-111.8551,22.5048],[-111.8633,22.5107],[-111.8661,22.5105],[-111.8551,22.5048]],[[-111.8396,22.5052],[-111.8412,22.5066],[-111.8551,22.5048],[-111.8396,22.5052]],[[-111.5806,22.3206],[-111.5837,22.3211],[-111.5897,22.3173],[-111.5806,22.3206]],[[-111.5497,22.3133],[-111.5638,22.3177],[-111.5709,22.3189],[-111.5497,22.3133]],[[-111.506,22.2486],[-111.5083,22.2482],[-111.4813,22.2405],[-111.506,22.2486]]],[[[-121.8156,23.6668],[-121.8464,23.6615],[-121.8503,23.6649],[-121.8156,23.6668]]],[[[-121.8647,23.6737],[-121.881,23.6712],[-121.8733,23.6777],[-121.8647,23.6737]]],[[[-121.8393,23.6774],[-121.8616,23.6751],[-121.8669,23.6849],[-121.8576,23.6925],[-121.8393,23.6774]]],[[[-121.8258,23.6801],[-121.829,23.7045],[-121.7925,23.6799],[-121.8258,23.6801]]],[[[-121.8112,23.7095],[-121.8151,23.7036],[-121.8227,23.7068],[-121.8112,23.7095]]],[[[-121.806,23.7499],[-121.8122,23.7474],[-121.8145,23.7513],[-121.806,23.7499]]],[[[-121.7003,23.8361],[-121.7097,23.8306],[-121.7226,23.8345],[-121.7139,23.8385],[-121.7003,23.8361]]],[[[-121.7184,23.8566],[-121.7226,23.8449],[-121.7302,23.8478],[-121.7184,23.8566]]],[[[-123.1475,23.922],[-123.2079,23.8701],[-123.2949,23.8812],[-123.3894,23.8709],[-123.4482,23.8426],[-123.4597,23.8298],[-123.4426,23.8112],[-123.4819,23.7969],[-123.5247,23.8062],[-123.5338,23.8345],[-123.6068,23.871],[-123.6068,23.9848],[-123.4841,23.969],[-123.4274,23.9451],[-123.1475,23.922]]],[[[-120.9334,24.0071],[-121.0247,24.0077],[-121.0584,24.0221],[-121.0062,24.0412],[-120.9489,24.0402],[-120.9271,24.0254],[-120.9334,24.0071]]],[[[-120.7175,24.0329],[-120.7137,24.0321],[-120.7146,24.0304],[-120.7175,24.0329]]],[[[-122.276,24.3423],[-122.2811,24.3343],[-122.2868,24.3409],[-122.276,24.3423]]],[[[-122.933,24.5119],[-122.9238,24.5048],[-122.94,24.5076],[-122.933,24.5119]]],[[[-123.2216,24.7878],[-123.2324,24.778],[-123.2405,24.784],[-123.2216,24.7878]]],[[[-120.7468,24.963],[-120.7738,24.9615],[-120.7727,24.9771],[-120.7623,24.9795],[-120.7468,24.963]]],[[[-120.6912,25.2046],[-120.696,25.2011],[-120.6932,25.207],[-120.6912,25.2046]]],[[[-120.6973,25.215],[-120.6942,25.2127],[-120.7026,25.2158],[-120.6973,25.215]]],[[[-121.0662,25.2266],[-121.0689,25.2335],[-121.0635,25.2335],[-121.0662,25.2266]]],[[[-119.936,20.9442],[-119.9654,20.9338],[-119.9687,20.9539],[-119.9634,20.9599],[-119.936,20.9442]]],[[[-119.9996,20.9607],[-120.0274,20.9459],[-120.0446,20.9545],[-119.9996,20.9607]]],[[[-119.8293,20.9936],[-119.8583,20.9707],[-119.8768,20.9839],[-119.8552,21.0012],[-119.8293,20.9936]]],[[[-120.1215,21.0005],[-120.1259,20.9973],[-120.1269,21.0017],[-120.1215,21.0005]]],[[[-120.1744,21.0131],[-120.1719,21.0103],[-120.1779,21.0109],[-120.1744,21.0131]]],[[[-119.9167,20.9982],[-119.8963,21.0106],[-119.8982,21.0306],[-119.9239,21.0226],[-119.9174,21.0413],[-119.8785,21.0391],[-119.8953,21.0275],[-119.8718,21.0108],[-119.9167,20.9982]]],[[[-120.051,21.0371],[-120.0476,21.0225],[-120.057,21.0341],[-120.051,21.0371]]],[[[-119.861,21.0398],[-119.8683,21.0374],[-119.8736,21.0406],[-119.861,21.0398]]],[[[-119.9005,21.0436],[-119.9022,21.0411],[-119.9066,21.0436],[-119.9005,21.0436]]],[[[-120.1646,21.0443],[-120.1457,21.0426],[-120.1725,21.0601],[-120.1268,21.0494],[-120.1442,21.0749],[-120.1263,21.0583],[-120.0961,21.061],[-120.128,21.0888],[-120.0909,21.0749],[-120.0947,21.0931],[-120.0813,21.0913],[-120.0862,21.1057],[-120.0683,21.1196],[-120.0511,21.1044],[-120.0738,21.0981],[-120.0759,21.0708],[-120.0634,21.064],[-120.041,21.0817],[-120.0563,21.0538],[-120.0865,21.0638],[-120.0979,21.0537],[-120.0823,21.0421],[-120.1078,21.0451],[-120.1031,21.0356],[-120.1717,20.9947],[-120.185,20.9709],[-120.1936,20.9957],[-120.1718,20.996],[-120.1351,21.0317],[-120.1646,21.0443]]],[[[-120.0202,21.0425],[-120.0378,21.04],[-120.0466,21.0444],[-120.0384,21.0513],[-120.0202,21.0425]]],[[[-119.9253,21.0479],[-119.9283,21.0463],[-119.9307,21.0466],[-119.9253,21.0479]]],[[[-120.6486,21.0477],[-120.6706,21.0439],[-120.6693,21.0598],[-120.6486,21.0477]]],[[[-120.0115,21.0633],[-120.0064,21.0521],[-120.0212,21.0516],[-120.0115,21.0633]]],[[[-119.938,21.107],[-119.9463,21.0861],[-119.9299,21.0667],[-119.947,21.063],[-119.9291,21.0354],[-119.9535,21.049],[-119.9563,21.0346],[-119.9793,21.0313],[-119.9824,21.0471],[-119.9647,21.0508],[-119.9868,21.062],[-119.9502,21.0551],[-119.9633,21.0667],[-119.9446,21.071],[-119.9663,21.0791],[-119.9538,21.0765],[-119.9622,21.0929],[-119.938,21.107]]],[[[-119.9835,21.0786],[-119.9902,21.0805],[-119.9851,21.083],[-119.9835,21.0786]]],[[[-120.5723,21.0955],[-120.5773,21.0742],[-120.612,21.0891],[-120.5723,21.0955]]],[[[-120.3226,21.141],[-120.289,21.1508],[-120.3096,21.1257],[-120.2911,21.1048],[-120.3051,21.0991],[-120.2668,21.0845],[-120.2966,21.0839],[-120.2802,21.0768],[-120.2946,21.0647],[-120.3716,21.0868],[-120.393,21.0622],[-120.4098,21.1311],[-120.3622,21.1612],[-120.3338,21.1543],[-120.3503,21.1316],[-120.3401,21.1244],[-120.3159,21.1331],[-120.3226,21.141]]],[[[-120.2145,21.1248],[-120.225,21.1036],[-120.2917,21.1307],[-120.2348,21.1454],[-120.2145,21.1248]]],[[[-120.1203,21.1261],[-120.1433,21.1284],[-120.1463,21.1354],[-120.1286,21.1387],[-120.1203,21.1261]]],[[[-120.1586,21.1508],[-120.2281,21.1677],[-120.198,21.181],[-120.1542,21.1754],[-120.1586,21.1508]]],[[[-120.1284,21.1981],[-120.1216,21.1957],[-120.1296,21.194],[-120.1284,21.1981]]],[[[-120.239,21.2108],[-120.2378,21.206],[-120.249,21.2104],[-120.239,21.2108]]],[[[-119.8712,21.2866],[-119.8913,21.2702],[-119.8966,21.2702],[-119.8866,21.289],[-119.8712,21.2866]]],[[[-119.8846,21.2962],[-119.8667,21.304],[-119.8524,21.2897],[-119.8658,21.2807],[-119.8715,21.2932],[-119.8846,21.2962]]],[[[-119.8792,21.3066],[-119.884,21.3065],[-119.8828,21.311],[-119.8792,21.3066]]],[[[-119.9295,21.3136],[-119.9308,21.3134],[-119.9297,21.317],[-119.9295,21.3136]]],[[[-119.786,21.3108],[-119.8026,21.3077],[-119.8215,21.3136],[-119.8086,21.3255],[-119.786,21.3108]]],[[[-119.6518,21.3108],[-119.693,21.3222],[-119.7136,21.3067],[-119.7002,21.3022],[-119.7214,21.3079],[-119.6952,21.3317],[-119.6518,21.3108]]],[[[-119.7782,21.321],[-119.7848,21.319],[-119.784,21.3207],[-119.7782,21.321]]],[[[-119.7965,21.3286],[-119.7988,21.3274],[-119.8005,21.3297],[-119.7965,21.3286]]],[[[-120.4342,21.3327],[-120.4066,21.3384],[-120.3932,21.3524],[-120.3872,21.3345],[-120.4342,21.3327]]],[[[-120.453,21.3764],[-120.4304,21.3752],[-120.4623,21.3698],[-120.453,21.3764]]],[[[-120.3888,21.3766],[-120.3907,21.3755],[-120.3936,21.3772],[-120.3888,21.3766]]],[[[-118.9415,21.3674],[-118.9696,21.3817],[-118.9509,21.3848],[-118.9623,21.3982],[-118.9309,21.3933],[-118.9415,21.3674]]],[[[-119.4464,21.4196],[-119.447,21.4155],[-119.4626,21.4193],[-119.4464,21.4196]]],[[[-118.9677,21.4368],[-118.9869,21.4226],[-118.9827,21.4482],[-118.9677,21.4368]]],[[[-119.3345,21.4824],[-119.3465,21.4771],[-119.3732,21.4899],[-119.3474,21.4971],[-119.3345,21.4824]]],[[[-119.3039,21.5424],[-119.3137,21.5398],[-119.3125,21.5475],[-119.3039,21.5424]]],[[[-119.1706,21.5528],[-119.0838,21.5719],[-119.0469,21.5569],[-119.1706,21.5528]]],[[[-119.2015,21.5953],[-119.2053,21.5913],[-119.2071,21.5947],[-119.2015,21.5953]]],[[[-119.7007,21.6798],[-119.7195,21.674],[-119.7084,21.6802],[-119.7007,21.6798]]],[[[-118.9723,21.7009],[-118.9745,21.6996],[-118.9747,21.7014],[-118.9723,21.7009]]],[[[-118.9603,21.7163],[-118.9587,21.7139],[-118.9626,21.7132],[-118.9603,21.7163]]],[[[-118.871,21.7225],[-118.8716,21.7183],[-118.8782,21.7227],[-118.871,21.7225]]],[[[-118.8801,21.7333],[-118.8824,21.7277],[-118.8866,21.7296],[-118.8801,21.7333]]],[[[-118.8235,21.8327],[-118.8268,21.8333],[-118.8232,21.8341],[-118.8235,21.8327]]],[[[-118.8192,21.8393],[-118.8139,21.8352],[-118.8242,21.8362],[-118.8192,21.8393]]],[[[-118.8046,21.8468],[-118.81,21.8433],[-118.8122,21.8482],[-118.8046,21.8468]]],[[[-118.8008,21.8538],[-118.7973,21.8496],[-118.8057,21.8511],[-118.8008,21.8538]]],[[[-118.7915,21.8538],[-118.7933,21.8534],[-118.793,21.8555],[-118.7915,21.8538]]],[[[-120.0954,22.2826],[-120.099,22.2758],[-120.1051,22.2834],[-120.0954,22.2826]]],[[[-120.2111,22.323],[-120.1928,22.3001],[-120.2035,22.2918],[-120.2183,22.3102],[-120.2111,22.323]]],[[[-120.4821,22.2693],[-120.4777,22.3139],[-120.346,22.3547],[-120.4162,22.2716],[-120.4821,22.2693]]],[[[-120.2414,22.3152],[-120.2553,22.3065],[-120.2611,22.3098],[-120.2481,22.331],[-120.2414,22.3152]]],[[[-120.1811,22.367],[-120.177,22.3576],[-120.1888,22.366],[-120.1811,22.367]]],[[[-120.5686,24.212],[-120.5606,24.217],[-120.5597,24.2094],[-120.5686,24.212]]],[[[-120.4802,24.9411],[-120.4854,24.9423],[-120.4805,24.9434],[-120.4802,24.9411]]],[[[-118.8661,26.7531],[-118.8725,26.7516],[-118.8665,26.7536],[-118.8661,26.7531]]],[[[-118.6202,21.3066],[-118.5732,21.337],[-118.5537,21.3364],[-118.5619,21.2858],[-118.6109,21.2901],[-118.6202,21.3066]]],[[[-118.2758,21.5103],[-118.2852,21.5198],[-118.2536,21.5496],[-118.1982,21.5755],[-118.1425,21.5685],[-118.2758,21.5103]]],[[[-117.9899,21.5455],[-118.1255,21.5465],[-118.1341,21.5586],[-118.0916,21.5827],[-118.0406,21.5856],[-118.0147,21.5622],[-117.9598,21.5616],[-117.9899,21.5455]]],[[[-118.0617,21.6079],[-118.0256,21.6248],[-118.0134,21.6091],[-118.0617,21.6079]]],[[[-117.9825,21.6228],[-117.9881,21.6215],[-117.9846,21.6237],[-117.9825,21.6228]]],[[[-117.9614,21.6252],[-117.9712,21.621],[-117.9637,21.6273],[-117.9614,21.6252]]],[[[-117.9503,21.6308],[-117.9525,21.6273],[-117.9553,21.6306],[-117.9503,21.6308]]],[[[-117.8482,21.6878],[-117.8632,21.6793],[-117.8731,21.6837],[-117.8613,21.6876],[-117.8482,21.6878]]],[[[-118.0163,21.7159],[-118.0165,21.7147],[-118.0188,21.7168],[-118.0163,21.7159]]],[[[-118.226,21.898],[-118.0881,21.951],[-118.0047,21.9485],[-118.0014,21.9092],[-117.9643,21.8973],[-117.939,21.9238],[-117.9608,21.9458],[-117.8835,21.9467],[-117.9806,21.965],[-117.984,22.0],[-117.9545,22.0231],[-117.874,22.0281],[-117.8396,21.9675],[-117.8278,21.9901],[-117.8099,21.9876],[-117.8247,22.0138],[-117.7499,22.0043],[-117.8435,22.0432],[-117.8195,22.0581],[-117.7316,22.0152],[-117.7381,22.0317],[-117.6875,22.0144],[-117.7637,22.0639],[-117.7549,22.0687],[-117.5888,22.0385],[-117.6267,22.0052],[-117.6094,21.9714],[-117.5978,22.0126],[-117.5641,22.0048],[-117.5269,22.0403],[-117.4787,22.0344],[-117.4477,22.0176],[-117.4566,22.0038],[-117.4206,22.0066],[-117.4919,21.9668],[-117.462,21.9722],[-117.4774,21.9449],[-117.4364,21.9563],[-117.4708,21.9282],[-117.427,21.9476],[-117.4169,21.9356],[-117.3597,21.9377],[-117.4097,21.8998],[-117.4256,21.8666],[-117.6287,21.8943],[-117.5263,21.8608],[-117.5184,21.8439],[-117.5506,21.8169],[-117.5675,21.8281],[-117.5934,21.8119],[-117.627,21.8303],[-117.6136,21.8421],[-117.6904,21.828],[-117.7117,21.8442],[-117.7288,21.8257],[-117.6367,21.8085],[-117.7311,21.7951],[-117.7165,21.774],[-117.6461,21.7852],[-117.6106,21.7715],[-117.7169,21.7526],[-117.7373,21.7205],[-117.7638,21.7157],[-117.7817,21.7199],[-117.7679,21.7478],[-117.797,21.7471],[-117.7529,21.7912],[-117.7851,21.7881],[-117.8138,21.758],[-117.8355,21.7673],[-117.8297,21.742],[-117.9038,21.7414],[-117.8596,21.7361],[-117.8697,21.726],[-117.8494,21.7103],[-117.8673,21.6952],[-117.9004,21.701],[-117.8999,21.6868],[-117.9276,21.6724],[-117.8964,21.6771],[-117.9029,21.6673],[-117.9482,21.6623],[-117.9978,21.6292],[-118.0582,21.6299],[-118.0329,21.6636],[-117.9524,21.6994],[-117.9581,21.7105],[-117.9954,21.703],[-117.9952,21.7176],[-117.9787,21.741],[-117.9191,21.7677],[-117.9383,21.7743],[-118.1156,21.6637],[-118.1164,21.69],[-118.1905,21.7168],[-118.191,21.7784],[-118.2099,21.8053],[-118.2804,21.8174],[-118.2668,21.8325],[-118.2856,21.8405],[-118.2581,21.8481],[-118.2576,21.8693],[-118.226,21.898]]],[[[-117.4086,21.8569],[-117.3954,21.854],[-117.4183,21.8461],[-117.4086,21.8569]]],[[[-118.7668,21.8662],[-118.7756,21.8611],[-118.7701,21.8666],[-118.7668,21.8662]]],[[[-117.4114,21.9798],[-117.3967,21.995],[-117.3811,21.9957],[-117.4114,21.9798]]],[[[-117.4217,21.9989],[-117.429,21.9844],[-117.4325,21.9924],[-117.4217,21.9989]]],[[[-117.4879,22.0409],[-117.4539,22.0587],[-117.4559,22.0435],[-117.4208,22.0383],[-117.4337,22.0279],[-117.4879,22.0409]]],[[[-117.6085,22.0537],[-117.5849,22.0615],[-117.559,22.0606],[-117.5801,22.0411],[-117.6085,22.0537]]],[[[-118.1588,22.09],[-118.1578,22.0886],[-118.1613,22.0875],[-118.1588,22.09]]],[[[-118.1673,22.0897],[-118.1822,22.0859],[-118.1872,22.0913],[-118.1817,22.0936],[-118.1673,22.0897]]],[[[-117.2705,22.1379],[-117.2606,22.1577],[-117.2334,22.1557],[-117.2447,22.1316],[-117.2705,22.1379]]],[[[-118.1049,22.1718],[-118.1037,22.1688],[-118.1093,22.1694],[-118.1049,22.1718]]],[[[-117.7337,22.1335],[-117.6599,22.1387],[-117.6923,22.1582],[-117.6733,22.1757],[-117.6155,22.1637],[-117.5913,22.1689],[-117.6345,22.1856],[-117.577,22.1781],[-117.5896,22.1888],[-117.5807,22.1974],[-117.6161,22.2121],[-117.5347,22.2376],[-117.4877,22.2323],[-117.5364,22.2462],[-117.5419,22.2677],[-117.5076,22.2858],[-117.4892,22.2751],[-117.4655,22.2903],[-117.4165,22.2903],[-117.4323,22.2545],[-117.4935,22.213],[-117.471,22.2099],[-117.4771,22.1922],[-117.44,22.1898],[-117.4214,22.2209],[-117.3823,22.1919],[-117.3509,22.2078],[-117.3311,22.1965],[-117.3482,22.1874],[-117.355,22.1446],[-117.3358,22.1764],[-117.3284,22.162],[-117.3023,22.1923],[-117.2944,22.1848],[-117.2973,22.1487],[-117.3361,22.1224],[-117.4157,22.153],[-117.406,22.1329],[-117.4274,22.1322],[-117.403,22.1119],[-117.4622,22.1173],[-117.4981,22.0978],[-117.5146,22.134],[-117.5265,22.0956],[-117.581,22.0946],[-117.5798,22.0662],[-117.6186,22.0579],[-117.8037,22.09],[-117.7605,22.1198],[-117.7139,22.0997],[-117.6713,22.1075],[-117.7128,22.1073],[-117.7337,22.1335]]],[[[-118.0778,22.1809],[-118.0756,22.1784],[-118.0807,22.1776],[-118.0778,22.1809]]],[[[-118.0091,22.2286],[-118.002,22.2286],[-118.0117,22.2267],[-118.0091,22.2286]]],[[[-117.8524,22.283],[-117.8491,22.2778],[-117.8582,22.277],[-117.8524,22.283]]],[[[-117.4944,22.2957],[-117.498,22.2919],[-117.5025,22.2938],[-117.4944,22.2957]]],[[[-117.7627,22.3679],[-117.7493,22.3715],[-117.7454,22.368],[-117.7627,22.3679]]],[[[-117.317,22.3802],[-117.322,22.378],[-117.3228,22.3805],[-117.317,22.3802]]],[[[-117.3807,22.3845],[-117.3784,22.3817],[-117.3858,22.3818],[-117.3807,22.3845]]],[[[-117.3001,22.3926],[-117.3102,22.3866],[-117.3152,22.389],[-117.3001,22.3926]]],[[[-117.3269,22.387],[-117.3216,22.4009],[-117.3079,22.3982],[-117.3269,22.387]]],[[[-117.4179,22.4053],[-117.395,22.3971],[-117.361,22.3996],[-117.4036,22.3861],[-117.4325,22.3892],[-117.416,22.3916],[-117.4179,22.4053]]],[[[-117.3575,22.407],[-117.3625,22.4073],[-117.3586,22.4082],[-117.3575,22.407]]],[[[-117.7887,22.4215],[-117.7897,22.4193],[-117.7949,22.4204],[-117.7887,22.4215]]],[[[-117.2109,22.4593],[-117.1965,22.4639],[-117.1805,22.4573],[-117.1884,22.4522],[-117.2109,22.4593]]],[[[-117.1074,22.4649],[-117.139,22.4635],[-117.1419,22.4703],[-117.1074,22.4649]]],[[[-117.245,22.4809],[-117.2396,22.466],[-117.2655,22.4733],[-117.245,22.4809]]],[[[-116.8249,22.5533],[-116.8531,22.5218],[-116.878,22.5303],[-116.853,22.5643],[-116.8249,22.5533]]],[[[-116.7589,22.54],[-116.7412,22.5432],[-116.7608,22.5486],[-116.7351,22.552],[-116.7417,22.5384],[-116.7589,22.54]]],[[[-118.0227,22.5472],[-118.0168,22.5461],[-118.0278,22.544],[-118.0227,22.5472]]],[[[-117.8534,22.5557],[-117.8036,22.5636],[-117.7762,22.5436],[-117.8364,22.5308],[-117.8534,22.5557]]],[[[-117.1325,22.5958],[-117.1417,22.5951],[-117.1398,22.597],[-117.1325,22.5958]]],[[[-117.1271,22.6051],[-117.132,22.5988],[-117.1374,22.6017],[-117.1271,22.6051]]],[[[-116.4763,22.6343],[-116.4765,22.6327],[-116.4799,22.6338],[-116.4763,22.6343]]],[[[-116.5228,22.6321],[-116.5488,22.648],[-116.5529,22.6553],[-116.5372,22.6473],[-116.5228,22.6321]]],[[[-116.4888,22.6629],[-116.4748,22.6512],[-116.4656,22.6398],[-116.4877,22.6454],[-116.4888,22.6629]]],[[[-116.5088,22.6567],[-116.5075,22.6551],[-116.5097,22.6536],[-116.5088,22.6567]]],[[[-116.4538,22.6634],[-116.4568,22.6636],[-116.4541,22.6647],[-116.4538,22.6634]]],[[[-116.4323,22.6909],[-116.4358,22.6879],[-116.4375,22.6932],[-116.4323,22.6909]]],[[[-116.5066,22.7401],[-116.5074,22.7351],[-116.5077,22.7403],[-116.5066,22.7401]]],[[[-117.5311,22.8264],[-117.5099,22.8287],[-117.5009,22.8039],[-117.5045,22.802],[-117.5311,22.8264]]],[[[-117.5592,22.8478],[-117.5571,22.847],[-117.5587,22.846],[-117.5592,22.8478]]],[[[-117.2489,22.9378],[-117.2984,22.9096],[-117.2943,22.897],[-117.337,22.8893],[-117.3093,22.9007],[-117.2904,22.9479],[-117.2489,22.9378]]],[[[-116.7069,23.1631],[-116.6859,23.1775],[-116.6624,23.1787],[-116.6857,23.1631],[-116.7069,23.1631]]],[[[-117.2125,26.4499],[-117.2087,26.4489],[-117.2094,26.4476],[-117.2125,26.4499]]],[[[-116.4062,26.461],[-116.4605,26.463],[-116.4637,26.4656],[-116.4311,26.4642],[-116.4062,26.461]]],[[[-117.2659,26.4704],[-117.2641,26.4683],[-117.2801,26.4711],[-117.2659,26.4704]]],[[[-117.2962,26.4723],[-117.2944,26.4705],[-117.3041,26.4727],[-117.2962,26.4723]]],[[[-117.4226,26.4819],[-117.4245,26.4789],[-117.4284,26.4819],[-117.4226,26.4819]]],[[[-117.6012,26.5824],[-117.602,26.58],[-117.6053,26.5821],[-117.6012,26.5824]]],[[[-116.3909,22.711],[-116.3908,22.7229],[-116.3842,22.7159],[-116.3909,22.711]]],[[[-115.6921,22.7249],[-115.7009,22.7211],[-115.696,22.726],[-115.6921,22.7249]]],[[[-116.3838,22.7271],[-116.3887,22.7266],[-116.3879,22.7303],[-116.3838,22.7271]]],[[[-114.719,22.6959],[-114.6197,22.7662],[-114.5744,22.7696],[-114.719,22.6959]]],[[[-116.3843,22.7352],[-116.374,22.737],[-116.3702,22.748],[-116.3725,22.736],[-116.3843,22.7352]]],[[[-115.9333,22.7426],[-115.936,22.7417],[-115.9347,22.7435],[-115.9333,22.7426]]],[[[-115.9109,22.7822],[-115.9432,22.7514],[-115.9944,22.7472],[-115.9689,22.7516],[-115.9825,22.7611],[-115.9461,22.7571],[-115.9109,22.7822]]],[[[-115.8422,22.7896],[-115.8718,22.7601],[-115.9269,22.751],[-115.8651,22.793],[-115.8422,22.7896]]],[[[-114.6446,22.7664],[-114.6382,22.7828],[-114.6349,22.7651],[-114.6446,22.7664]]],[[[-115.8992,22.8243],[-115.8702,22.8035],[-115.9029,22.7849],[-115.9298,22.7793],[-115.9492,22.7637],[-115.9604,22.7679],[-115.8992,22.8243]]],[[[-115.8002,22.7675],[-115.6985,22.8081],[-115.6658,22.8471],[-115.6228,22.8571],[-115.6385,22.87],[-115.6153,22.8771],[-115.6305,22.8902],[-115.5964,22.9019],[-115.5879,22.8963],[-115.606,22.886],[-115.5575,22.8892],[-115.5957,22.8605],[-115.5277,22.876],[-115.682,22.7844],[-115.691,22.7611],[-115.6757,22.7554],[-115.7305,22.7473],[-115.7124,22.7221],[-115.8558,22.6866],[-115.8821,22.6939],[-115.8673,22.7205],[-115.821,22.7276],[-115.842,22.7368],[-115.792,22.7557],[-115.8002,22.7675]]],[[[-114.6246,22.8187],[-114.6289,22.8006],[-114.6585,22.8231],[-114.6246,22.8187]]],[[[-115.9076,22.8303],[-115.9181,22.8202],[-115.9229,22.8251],[-115.9177,22.8323],[-115.9076,22.8303]]],[[[-115.6954,22.8745],[-115.6765,22.8647],[-115.7329,22.8507],[-115.733,22.8589],[-115.6954,22.8745]]],[[[-115.9074,22.904],[-115.9148,22.8667],[-115.9597,22.8717],[-115.9262,22.9005],[-115.9074,22.904]]],[[[-114.8807,22.8942],[-114.8723,22.8929],[-114.8889,22.8817],[-114.8807,22.8942]]],[[[-115.8692,22.879],[-115.8338,22.936],[-115.8302,22.9221],[-115.8129,22.9242],[-115.8092,22.9464],[-115.7743,22.9528],[-115.7852,22.927],[-115.7712,22.9169],[-115.7998,22.9079],[-115.773,22.8968],[-115.8178,22.8583],[-115.8011,22.8537],[-115.824,22.8393],[-115.8229,22.8231],[-115.8519,22.8354],[-115.8413,22.8461],[-115.896,22.8563],[-115.8171,22.8825],[-115.8692,22.879]]],[[[-115.2375,22.9114],[-115.2331,22.8972],[-115.3391,22.8838],[-115.4267,22.8505],[-115.4523,22.8662],[-115.3871,22.8946],[-115.4357,22.8835],[-115.4629,22.9022],[-115.425,22.9364],[-115.3955,22.9389],[-115.3319,22.9344],[-115.3337,22.9114],[-115.2375,22.9114]]],[[[-115.2109,22.9074],[-115.1904,22.9114],[-115.1165,22.9023],[-115.1477,22.8913],[-115.2109,22.9074]]],[[[-115.0723,22.9071],[-115.0769,22.9052],[-115.0856,22.9067],[-115.0723,22.9071]]],[[[-115.2052,22.9312],[-115.2147,22.9291],[-115.2129,22.9324],[-115.2052,22.9312]]],[[[-115.7576,22.942],[-115.7606,22.9416],[-115.758,22.9435],[-115.7576,22.942]]],[[[-115.8862,22.9461],[-115.8856,22.9437],[-115.8891,22.9427],[-115.8862,22.9461]]],[[[-115.7041,22.9501],[-115.7075,22.9497],[-115.706,22.9513],[-115.7041,22.9501]]],[[[-115.7685,22.9507],[-115.7712,22.9505],[-115.7694,22.9534],[-115.7685,22.9507]]],[[[-115.6674,22.9543],[-115.677,22.9514],[-115.699,22.9505],[-115.6925,22.9535],[-115.6674,22.9543]]],[[[-115.1229,22.9841],[-115.1459,22.9617],[-115.2392,22.9356],[-115.3248,22.9311],[-115.3084,22.9495],[-115.1229,22.9841]]],[[[-115.7697,22.9656],[-115.7543,22.972],[-115.7492,22.9639],[-115.7608,22.9519],[-115.7697,22.9656]]],[[[-115.1169,22.9799],[-115.1135,22.9799],[-115.1141,22.9768],[-115.1169,22.9799]]],[[[-115.1344,22.9856],[-115.136,22.9838],[-115.1385,22.985],[-115.1344,22.9856]]],[[[-115.9556,22.9867],[-115.962,22.9852],[-115.9566,22.9894],[-115.9556,22.9867]]],[[[-115.6626,23.0003],[-115.7274,22.985],[-115.7102,22.9958],[-115.7328,22.9978],[-115.7095,22.9978],[-115.7268,23.0073],[-115.7139,23.0133],[-115.6896,22.9968],[-115.6626,23.0003]]],[[[-115.201,23.0043],[-115.2069,23.0035],[-115.2018,23.0062],[-115.201,23.0043]]],[[[-115.8143,23.0114],[-115.8248,23.0002],[-115.8199,23.0126],[-115.8143,23.0114]]],[[[-115.1938,23.0081],[-115.1925,23.0073],[-115.1949,23.0063],[-115.1938,23.0081]]],[[[-115.6834,23.0187],[-115.6931,23.0078],[-115.7034,23.0141],[-115.6834,23.0187]]],[[[-116.1242,23.021],[-116.1368,23.0068],[-116.1344,23.0173],[-116.1242,23.021]]],[[[-115.8527,23.0109],[-115.8841,22.9981],[-115.9143,23.0221],[-115.8728,23.0258],[-115.8527,23.0109]]],[[[-115.6985,23.0286],[-115.7005,23.0198],[-115.726,23.024],[-115.6985,23.0286]]],[[[-115.8365,23.0368],[-115.8386,23.0338],[-115.8385,23.0375],[-115.8365,23.0368]]],[[[-115.8511,23.047],[-115.8501,23.0454],[-115.8549,23.0439],[-115.8511,23.047]]],[[[-115.8114,23.0475],[-115.8087,23.0443],[-115.8158,23.0454],[-115.8114,23.0475]]],[[[-115.7883,23.0523],[-115.7906,23.0515],[-115.7893,23.0532],[-115.7883,23.0523]]],[[[-115.8044,23.0549],[-115.8107,23.0535],[-115.8097,23.055],[-115.8044,23.0549]]],[[[-115.4842,23.0506],[-115.4925,23.0646],[-115.4697,23.0676],[-115.4784,23.0758],[-115.4523,23.0656],[-115.4842,23.0506]]],[[[-115.4941,23.068],[-115.4975,23.0648],[-115.5025,23.0647],[-115.4941,23.068]]],[[[-115.7174,23.0696],[-115.7203,23.0685],[-115.7195,23.0708],[-115.7174,23.0696]]],[[[-115.751,23.0744],[-115.7486,23.0727],[-115.759,23.0726],[-115.751,23.0744]]],[[[-115.7077,23.076],[-115.7133,23.0724],[-115.7178,23.0766],[-115.7077,23.076]]],[[[-115.6139,23.0737],[-115.5821,23.0814],[-115.6102,23.067],[-115.6704,23.0761],[-115.5974,23.0871],[-115.6139,23.0737]]],[[[-115.4822,23.0837],[-115.4814,23.0778],[-115.4927,23.0819],[-115.4822,23.0837]]],[[[-115.7174,23.09],[-115.7196,23.0897],[-115.7204,23.0922],[-115.7174,23.09]]],[[[-115.6441,23.1063],[-115.6466,23.1045],[-115.65,23.1061],[-115.6441,23.1063]]],[[[-115.5641,23.1116],[-115.5773,23.1036],[-115.5816,23.1056],[-115.5751,23.111],[-115.5641,23.1116]]],[[[-115.6204,26.346],[-115.6377,26.3424],[-115.6496,26.3432],[-115.6316,26.3502],[-115.6204,26.346]]],[[[-115.8971,26.3799],[-115.9007,26.3781],[-115.9078,26.3796],[-115.8971,26.3799]]],[[[-116.2227,26.4375],[-116.2274,26.4365],[-116.2383,26.4372],[-116.2227,26.4375]]],[[[-116.3517,26.4547],[-116.3447,26.454],[-116.3471,26.452],[-116.3517,26.4547]]],[[[-111.2401,21.4577],[-111.2254,21.4576],[-111.2401,21.427],[-111.2401,21.4577]]],[[[-111.5117,21.6593],[-111.5149,21.6537],[-111.5155,21.6605],[-111.5117,21.6593]]],[[[-111.521,21.6616],[-111.5232,21.6561],[-111.5296,21.6592],[-111.521,21.6616]]],[[[-111.5018,21.664],[-111.5026,21.6619],[-111.5036,21.6648],[-111.5018,21.664]]],[[[-111.5329,21.6688],[-111.5465,21.6609],[-111.5544,21.6674],[-111.5494,21.6725],[-111.5329,21.6688]]],[[[-111.292,21.4576],[-111.3784,21.5537],[-111.3735,21.5729],[-111.3398,21.5834],[-111.3662,21.591],[-111.4053,21.5764],[-111.4043,21.6084],[-111.4309,21.6005],[-111.4402,21.6066],[-111.4263,21.6209],[-111.4593,21.6124],[-111.4678,21.6228],[-111.4546,21.6381],[-111.4977,21.6405],[-111.4906,21.6882],[-111.4678,21.6836],[-111.4987,21.701],[-111.4649,21.7121],[-111.4843,21.7223],[-111.41,21.724],[-111.4752,21.7354],[-111.4977,21.7541],[-111.4556,21.7759],[-111.5007,21.7711],[-111.4781,21.8064],[-111.5324,21.8075],[-111.5509,21.8012],[-111.5681,21.8196],[-111.5562,21.8209],[-111.5986,21.8417],[-111.5272,21.8429],[-111.5778,21.8559],[-111.5429,21.877],[-111.5491,21.897],[-111.4897,21.9139],[-111.4586,21.8971],[-111.4993,21.8728],[-111.4349,21.8898],[-111.4127,21.8795],[-111.4324,21.8703],[-111.2988,21.8641],[-111.2913,21.8236],[-111.3227,21.8384],[-111.3599,21.8357],[-111.3396,21.8333],[-111.3485,21.828],[-111.3319,21.8097],[-111.3246,21.8248],[-111.3013,21.8055],[-111.3099,21.7934],[-111.2868,21.7758],[-111.2223,21.5911],[-111.2262,21.5639],[-111.2406,21.574],[-111.2462,21.5575],[-111.228,21.4974],[-111.2545,21.4798],[-111.23,21.4836],[-111.2435,21.4665],[-111.2432,21.4253],[-111.256,21.4322],[-111.249,21.45],[-111.292,21.4576]]],[[[-111.5106,21.6817],[-111.5081,21.6774],[-111.5113,21.6782],[-111.5106,21.6817]]],[[[-111.6018,21.7139],[-111.6027,21.7125],[-111.6063,21.7149],[-111.6018,21.7139]]],[[[-111.4704,21.7299],[-111.4722,21.7286],[-111.4732,21.7308],[-111.4704,21.7299]]],[[[-111.4805,21.7376],[-111.4796,21.7326],[-111.4871,21.7381],[-111.4805,21.7376]]],[[[-111.4982,21.7454],[-111.5025,21.7458],[-111.5018,21.7487],[-111.4982,21.7454]]],[[[-111.5267,21.7514],[-111.5287,21.7511],[-111.5272,21.7532],[-111.5267,21.7514]]],[[[-111.5134,21.7587],[-111.5166,21.75],[-111.521,21.7563],[-111.5134,21.7587]]],[[[-111.503,21.7674],[-111.5058,21.764],[-111.5046,21.7679],[-111.503,21.7674]]],[[[-111.5762,21.8242],[-111.5562,21.7983],[-111.5865,21.8067],[-111.5685,21.7761],[-111.5433,21.7983],[-111.5087,21.7735],[-111.5552,21.773],[-111.5797,21.7221],[-111.6552,21.7162],[-111.6524,21.7503],[-111.6142,21.7725],[-111.6494,21.78],[-111.6398,21.8058],[-111.6635,21.7977],[-111.6482,21.8072],[-111.659,21.8342],[-111.6235,21.8409],[-111.5762,21.8242]]],[[[-111.5363,21.7992],[-111.494,21.8043],[-111.5054,21.7813],[-111.5363,21.7992]]],[[[-111.6598,21.8604],[-111.6722,21.8595],[-111.671,21.8651],[-111.6598,21.8604]]],[[[-111.311,21.8695],[-111.3125,21.8687],[-111.3184,21.8708],[-111.311,21.8695]]],[[[-111.3322,21.9837],[-111.333,21.9517],[-111.2964,21.8951],[-111.32,21.8944],[-111.3109,21.8813],[-111.3877,21.8814],[-111.555,21.9533],[-111.5863,21.9386],[-111.5367,21.9276],[-111.5715,21.9154],[-111.5548,21.9102],[-111.5501,21.8782],[-111.6036,21.8478],[-111.6513,21.8551],[-111.6581,21.8682],[-111.7248,21.8989],[-111.7395,21.9151],[-111.7281,21.9252],[-111.7547,21.931],[-111.7615,21.9149],[-111.7864,21.9256],[-111.7709,21.9345],[-111.8001,21.951],[-111.7671,21.9713],[-111.7789,21.9872],[-111.809,21.974],[-111.8326,22.0056],[-111.8769,22.0178],[-111.8842,22.0421],[-111.9069,22.037],[-111.8934,22.068],[-111.9084,22.0799],[-111.8949,22.1028],[-111.8398,22.1203],[-111.8021,22.1051],[-111.8311,22.1466],[-111.8053,22.1468],[-111.7765,22.1232],[-111.7623,22.1461],[-111.7053,22.1346],[-111.6312,22.169],[-111.5302,22.1286],[-111.5451,22.1041],[-111.5985,22.0834],[-111.5759,22.0765],[-111.5784,22.0641],[-111.4992,22.1192],[-111.3399,22.0826],[-111.3296,22.042],[-111.3564,22.0301],[-111.3356,22.0174],[-111.4267,22.0486],[-111.3412,22.0038],[-111.3959,21.9871],[-111.3322,21.9837]],[[-111.7153,22.0123],[-111.6703,22.0683],[-111.6725,22.0692],[-111.7153,22.0123]]],[[[-111.8086,21.9694],[-111.7952,21.9735],[-111.7874,21.9653],[-111.7992,21.9599],[-111.8086,21.9694]]],[[[-111.8409,22.1244],[-111.8455,22.1234],[-111.8486,22.1312],[-111.8409,22.1244]]],[[[-111.5283,22.1331],[-111.5319,22.134],[-111.5283,22.1348],[-111.5283,22.1331]]],[[[-111.8435,22.1412],[-111.8456,22.1362],[-111.8493,22.1377],[-111.8435,22.1412]]],[[[-111.3732,22.1481],[-111.3845,22.1553],[-111.3837,22.1615],[-111.3732,22.1481]]],[[[-111.8048,22.1625],[-111.8334,22.1486],[-111.8484,22.1635],[-111.8048,22.1625]]],[[[-111.3369,22.1639],[-111.3416,22.2123],[-111.3169,22.181],[-111.3209,22.2009],[-111.2881,22.1813],[-111.247,22.1242],[-111.2047,22.1367],[-111.1236,22.1187],[-111.0682,22.1237],[-111.083,22.1116],[-110.9718,22.0011],[-110.9692,21.9581],[-110.9382,21.9204],[-110.9962,21.9592],[-111.0748,22.0659],[-111.1166,22.0817],[-111.0893,22.0572],[-111.1254,22.0683],[-111.105,22.0396],[-111.1141,22.0096],[-111.0885,22.0216],[-111.0231,21.9571],[-111.0377,21.9461],[-110.9844,21.9337],[-110.9858,21.9115],[-110.9505,21.8722],[-110.9823,21.8817],[-110.9586,21.847],[-110.9995,21.8253],[-111.0348,21.8457],[-111.0446,21.8311],[-111.0743,21.855],[-111.0514,21.8309],[-111.0638,21.8262],[-111.0397,21.817],[-111.062,21.7907],[-111.1445,21.7633],[-111.1376,21.7509],[-111.1728,21.7276],[-111.2235,21.7242],[-111.2302,21.7661],[-111.2181,21.7736],[-111.2349,21.7996],[-111.1951,21.7986],[-111.2231,21.814],[-111.1851,21.8297],[-111.2094,21.8389],[-111.2095,21.8588],[-111.1774,21.8492],[-111.1501,21.8511],[-111.2208,21.8832],[-111.2084,21.8878],[-111.2626,21.9716],[-111.2538,22.0095],[-111.2901,22.0846],[-111.2765,22.0986],[-111.251,22.0799],[-111.3262,22.1435],[-111.3147,22.1563],[-111.3369,22.1639]],[[-111.2424,22.079],[-111.241,22.08],[-111.251,22.0799],[-111.2424,22.079]]],[[[-111.2619,22.1651],[-111.2594,22.1563],[-111.2619,22.1543],[-111.2619,22.1651]]],[[[-111.7191,22.1778],[-111.7529,22.1607],[-111.7621,22.1671],[-111.7191,22.1778]]],[[[-111.5143,22.1804],[-111.5182,22.1806],[-111.517,22.1833],[-111.5143,22.1804]]],[[[-111.2641,22.1853],[-111.2656,22.1844],[-111.266,22.1872],[-111.2641,22.1853]]],[[[-111.2391,22.1885],[-111.2366,22.1855],[-111.2411,22.1853],[-111.2391,22.1885]]],[[[-111.2485,22.1904],[-111.25,22.1901],[-111.2517,22.1954],[-111.2485,22.1904]]],[[[-111.6132,22.1979],[-111.5827,22.2031],[-111.545,22.1876],[-111.5948,22.1847],[-111.6132,22.1979]]],[[[-111.2899,22.1998],[-111.3301,22.2357],[-111.3268,22.2389],[-111.2899,22.1998]]],[[[-111.3514,22.2307],[-111.3507,22.2275],[-111.355,22.2308],[-111.3514,22.2307]]],[[[-111.3675,22.2495],[-111.3458,22.244],[-111.3352,22.2344],[-111.3557,22.2368],[-111.3675,22.2495]]],[[[-111.7093,22.2519],[-111.7087,22.2458],[-111.7164,22.2481],[-111.7093,22.2519]]],[[[-111.3672,22.253],[-111.3697,22.2527],[-111.3721,22.2555],[-111.3672,22.253]]],[[[-111.3234,22.2668],[-111.3256,22.2626],[-111.3343,22.2708],[-111.3234,22.2668]]],[[[-111.7446,22.2796],[-111.7432,22.2649],[-111.7602,22.2785],[-111.7446,22.2796]]],[[[-111.7022,22.2983],[-111.7022,22.2963],[-111.7044,22.2969],[-111.7022,22.2983]]],[[[-111.7777,22.2914],[-111.7884,22.2938],[-111.7933,22.3012],[-111.7843,22.3051],[-111.7777,22.2914]]],[[[-111.7196,22.3199],[-111.726,22.3202],[-111.7249,22.3233],[-111.7196,22.3199]]],[[[-111.8792,22.3391],[-111.8769,22.3353],[-111.8865,22.3396],[-111.8792,22.3391]]],[[[-111.8667,22.3413],[-111.8675,22.3359],[-111.8748,22.3404],[-111.8667,22.3413]]],[[[-111.7309,22.3436],[-111.7333,22.3438],[-111.7309,22.3451],[-111.7309,22.3436]]],[[[-111.9015,22.3816],[-111.9007,22.3756],[-111.9091,22.3805],[-111.9015,22.3816]]],[[[-111.9826,22.3856],[-111.9942,22.3873],[-112.0093,22.3971],[-111.9904,22.3983],[-111.9826,22.3856]]],[[[-111.4804,22.4241],[-111.4607,22.406],[-111.4649,22.3851],[-111.4784,22.4105],[-111.4804,22.4241]]],[[[-111.4439,22.4209],[-111.4538,22.4288],[-111.4438,22.4265],[-111.4439,22.4209]]],[[[-111.4518,22.4357],[-111.4529,22.4346],[-111.4558,22.4405],[-111.4518,22.4357]]],[[[-111.4946,22.4698],[-111.497,22.4694],[-111.4971,22.4712],[-111.4946,22.4698]]],[[[-113.0186,22.6342],[-113.0073,22.6211],[-113.0317,22.6136],[-113.0385,22.624],[-113.0066,22.6412],[-113.0186,22.6342]]],[[[-112.9873,22.6401],[-112.9874,22.6348],[-112.9934,22.6376],[-112.9873,22.6401]]],[[[-112.9853,22.6412],[-112.988,22.6413],[-112.9868,22.6448],[-112.9853,22.6412]]],[[[-112.9809,22.6543],[-112.9821,22.6515],[-112.9848,22.6534],[-112.9809,22.6543]]],[[[-112.936,22.6647],[-112.932,22.6646],[-112.9328,22.6631],[-112.936,22.6647]]],[[[-112.9377,22.6699],[-112.952,22.6652],[-112.9663,22.67],[-112.9542,22.6773],[-112.9377,22.6699]]],[[[-112.9425,22.755],[-112.9458,22.7564],[-112.9428,22.7597],[-112.9425,22.755]]],[[[-110.8485,20.942],[-110.8443,20.9702],[-110.8349,20.93],[-110.8485,20.942]]],[[[-110.7459,21.0796],[-110.7498,21.0798],[-110.7475,21.0816],[-110.7459,21.0796]]],[[[-110.8942,21.1505],[-110.801,21.1655],[-110.8052,21.1521],[-110.8589,21.1373],[-110.8719,21.1011],[-110.8984,21.1262],[-110.8751,21.146],[-110.8942,21.1505]]],[[[-110.7457,21.1607],[-110.7643,21.1587],[-110.7703,21.1651],[-110.742,21.1764],[-110.7457,21.1607]]],[[[-110.8719,21.173],[-110.8834,21.1655],[-110.889,21.1666],[-110.8838,21.1714],[-110.8719,21.173]]],[[[-110.6934,21.1712],[-110.6972,21.1707],[-110.699,21.1742],[-110.6934,21.1712]]],[[[-110.8098,21.1906],[-110.8159,21.1711],[-110.8743,21.1764],[-110.8413,21.2038],[-110.8098,21.1906]]],[[[-110.712,21.19],[-110.7203,21.1899],[-110.7201,21.1934],[-110.712,21.19]]],[[[-110.8619,21.195],[-110.8904,21.172],[-110.9137,21.1837],[-110.9449,21.1742],[-110.9074,21.1998],[-110.9229,21.2055],[-110.9133,21.2152],[-110.8747,21.2131],[-110.8619,21.195]]],[[[-110.8163,21.205],[-110.7664,21.2174],[-110.7547,21.1951],[-110.7831,21.1758],[-110.8163,21.205]]],[[[-110.7163,21.2148],[-110.7188,21.2115],[-110.72,21.2154],[-110.7163,21.2148]]],[[[-110.7617,21.2214],[-110.7626,21.2205],[-110.7622,21.2228],[-110.7617,21.2214]]],[[[-110.8702,21.2296],[-110.8744,21.2235],[-110.8784,21.2286],[-110.8702,21.2296]]],[[[-110.9041,21.2306],[-110.907,21.2229],[-110.9115,21.2285],[-110.9041,21.2306]]],[[[-110.8808,21.2355],[-110.8832,21.2307],[-110.8825,21.2358],[-110.8808,21.2355]]],[[[-110.8697,21.2456],[-110.8728,21.2437],[-110.8731,21.2472],[-110.8697,21.2456]]],[[[-110.8472,21.2532],[-110.8625,21.2361],[-110.8535,21.2526],[-110.8702,21.2585],[-110.8472,21.2532]]],[[[-110.8912,21.2504],[-110.8912,21.2467],[-110.8952,21.2492],[-110.8912,21.2504]]],[[[-110.8091,21.2504],[-110.8133,21.2487],[-110.8097,21.2521],[-110.8091,21.2504]]],[[[-110.9058,21.2544],[-110.9031,21.2542],[-110.905,21.2503],[-110.9058,21.2544]]],[[[-110.7979,21.2672],[-110.8021,21.2679],[-110.7977,21.2702],[-110.7979,21.2672]]],[[[-110.7757,21.2748],[-110.7796,21.2753],[-110.7778,21.2773],[-110.7757,21.2748]]],[[[-110.8922,21.3242],[-110.8952,21.3168],[-110.8995,21.3218],[-110.8922,21.3242]]],[[[-111.1055,21.3066],[-111.1264,21.3124],[-111.1182,21.3259],[-111.1352,21.3374],[-111.0483,21.3384],[-111.1055,21.3066]]],[[[-110.8265,21.3294],[-110.8393,21.3261],[-110.8337,21.3314],[-110.8265,21.3294]]],[[[-110.8992,21.3276],[-110.9033,21.3268],[-110.9005,21.331],[-110.8992,21.3276]]],[[[-110.9576,21.3164],[-110.975,21.3147],[-110.9845,21.3412],[-110.9561,21.3445],[-110.9576,21.3164]]],[[[-110.8252,21.3388],[-110.8279,21.3352],[-110.8303,21.3381],[-110.8252,21.3388]]],[[[-110.8725,21.3366],[-110.8777,21.3387],[-110.8747,21.3402],[-110.8725,21.3366]]],[[[-111.0417,21.3631],[-111.0503,21.3434],[-111.0556,21.3518],[-111.0417,21.3631]]],[[[-110.6808,21.3852],[-110.6843,21.3853],[-110.6844,21.3901],[-110.6808,21.3852]]],[[[-110.6768,21.4147],[-110.6521,21.3894],[-110.6851,21.399],[-110.6768,21.4147]]],[[[-110.8911,21.4054],[-110.8944,21.4028],[-110.892,21.4067],[-110.8911,21.4054]]],[[[-110.9042,21.5083],[-110.8982,21.5048],[-110.9076,21.5072],[-110.9042,21.5083]]],[[[-110.9278,21.5059],[-110.9395,21.5069],[-110.9487,21.5166],[-110.9385,21.516],[-110.9278,21.5059]]],[[[-110.7601,21.5296],[-110.7639,21.5286],[-110.763,21.5307],[-110.7601,21.5296]]],[[[-110.6835,21.5344],[-110.6957,21.5271],[-110.701,21.5305],[-110.6835,21.5344]]],[[[-110.928,21.5311],[-110.9433,21.5327],[-110.9507,21.5416],[-110.9423,21.5416],[-110.928,21.5311]]],[[[-110.6801,21.5468],[-110.6815,21.5464],[-110.6812,21.5491],[-110.6801,21.5468]]],[[[-110.9271,21.5561],[-110.9248,21.5533],[-110.9299,21.554],[-110.9271,21.5561]]],[[[-110.9492,21.5572],[-110.9492,21.5557],[-110.9525,21.556],[-110.9492,21.5572]]],[[[-110.8894,21.5623],[-110.9071,21.5605],[-110.8867,21.5748],[-110.8946,21.5842],[-110.9344,21.5637],[-110.9725,21.5834],[-110.9512,21.5678],[-110.9827,21.5436],[-110.949,21.5192],[-110.9743,21.5223],[-110.963,21.5073],[-110.982,21.5002],[-110.9478,21.4817],[-110.9636,21.4652],[-111.0012,21.4887],[-110.9652,21.4468],[-110.9914,21.4406],[-110.9815,21.4198],[-111.0057,21.3975],[-111.0221,21.4065],[-111.0321,21.4796],[-111.0412,21.4297],[-111.0768,21.4317],[-111.0432,21.4187],[-111.0392,21.3995],[-111.0605,21.3998],[-111.0456,21.386],[-111.0559,21.3697],[-111.07,21.3791],[-111.0612,21.3859],[-111.0894,21.393],[-111.0806,21.4051],[-111.0983,21.4144],[-111.0801,21.423],[-111.099,21.4259],[-111.104,21.4603],[-111.0679,21.4807],[-111.1116,21.47],[-111.1093,21.4926],[-111.088,21.5072],[-111.0928,21.5309],[-111.0817,21.5354],[-111.055,21.5016],[-111.0618,21.5215],[-111.0502,21.5289],[-111.0774,21.5581],[-111.1196,21.564],[-111.1043,21.5888],[-111.1336,21.6029],[-111.1545,21.6602],[-111.109,21.6862],[-111.0541,21.6661],[-111.1024,21.6947],[-111.0626,21.6891],[-111.0563,21.7033],[-111.0223,21.6908],[-110.9715,21.6151],[-110.9591,21.6319],[-110.9673,21.6517],[-110.944,21.6417],[-110.91,21.653],[-110.9607,21.6649],[-110.9634,21.6898],[-110.9818,21.6979],[-110.9694,21.7006],[-111.0241,21.7268],[-111.011,21.7438],[-110.9651,21.7536],[-110.8006,21.7214],[-110.6869,21.7173],[-110.652,21.6949],[-110.6373,21.6581],[-110.5917,21.6448],[-110.4965,21.5731],[-110.5926,21.5419],[-110.7051,21.5564],[-110.7008,21.5358],[-110.7237,21.5255],[-110.8117,21.5438],[-110.8067,21.5299],[-110.8405,21.5212],[-110.8862,21.522],[-110.8894,21.5623]],[[-110.8361,21.6085],[-110.8247,21.5996],[-110.8268,21.6046],[-110.8361,21.6085]],[[-110.8136,21.5909],[-110.8072,21.586],[-110.808,21.5893],[-110.8136,21.5909]],[[-110.805,21.5765],[-110.8138,21.5728],[-110.8135,21.5695],[-110.805,21.5765]],[[-110.8134,21.5683],[-110.8129,21.5623],[-110.8119,21.5614],[-110.8134,21.5683]],[[-110.8023,21.5519],[-110.7995,21.5493],[-110.7988,21.5502],[-110.8023,21.5519]]],[[[-110.9805,21.6744],[-110.9841,21.6724],[-110.989,21.6793],[-110.9805,21.6744]]],[[[-111.0044,21.6895],[-111.016,21.6935],[-111.0098,21.693],[-111.0044,21.6895]]],[[[-110.9983,21.7648],[-111.0017,21.7615],[-111.0024,21.7639],[-110.9983,21.7648]]],[[[-110.8539,21.7965],[-110.8541,21.794],[-110.8579,21.793],[-110.8539,21.7965]]],[[[-110.843,21.8055],[-110.8365,21.7929],[-110.8479,21.8034],[-110.843,21.8055]]],[[[-111.0259,21.8109],[-111.0286,21.808],[-111.028,21.8115],[-111.0259,21.8109]]],[[[-111.0088,21.8235],[-111.0085,21.8173],[-111.0142,21.821],[-111.0088,21.8235]]],[[[-110.9334,21.8222],[-110.9636,21.8134],[-110.9564,21.8273],[-110.9334,21.8222]]],[[[-110.7541,21.8243],[-110.7575,21.8252],[-110.7561,21.827],[-110.7541,21.8243]]],[[[-110.8566,21.8941],[-110.8579,21.8928],[-110.8595,21.8947],[-110.8566,21.8941]]],[[[-110.8182,21.9672],[-110.8114,21.9635],[-110.8231,21.9673],[-110.8182,21.9672]]],[[[-110.8707,21.9849],[-110.8755,21.9824],[-110.8841,21.9873],[-110.8707,21.9849]]],[[[-111.0228,21.9948],[-111.0226,21.9896],[-111.0253,21.9943],[-111.0228,21.9948]]],[[[-111.0265,22.0001],[-111.0301,22.0001],[-111.0286,22.0023],[-111.0265,22.0001]]],[[[-110.8778,21.9955],[-110.9007,21.9961],[-110.876,22.0131],[-110.8778,21.9955]]],[[[-111.0422,21.991],[-111.0731,22.0107],[-111.0836,22.0314],[-111.0422,21.991]]],[[[-110.8519,21.992],[-110.8628,22.043],[-110.8669,22.0212],[-110.8823,22.0289],[-110.876,22.0131],[-110.9057,21.9971],[-110.9554,22.0521],[-110.923,22.0672],[-110.8989,22.0501],[-110.9236,22.0866],[-110.9675,22.0594],[-111.0252,22.0903],[-111.0352,22.1666],[-110.9952,22.1799],[-111.0122,22.2096],[-111.0271,22.1853],[-111.0564,22.1755],[-111.0423,22.1544],[-111.0584,22.1389],[-111.2277,22.1553],[-111.2483,22.1741],[-111.2197,22.1881],[-111.2329,22.2035],[-111.278,22.2057],[-111.2824,22.2419],[-111.3535,22.3054],[-111.329,22.3069],[-111.3343,22.3421],[-111.353,22.3516],[-111.3441,22.3601],[-111.3687,22.3451],[-111.366,22.3252],[-111.4086,22.3642],[-111.4177,22.4095],[-111.1168,22.405],[-111.1246,22.3919],[-111.0971,22.37],[-110.951,22.324],[-110.7889,22.2194],[-110.8183,22.2044],[-110.7171,22.1225],[-110.6836,22.0686],[-110.4339,21.8384],[-110.3936,21.7926],[-110.436,21.7507],[-110.3226,21.7345],[-110.3501,21.6745],[-110.2623,21.6508],[-110.2722,21.6325],[-110.2492,21.5784],[-110.1602,21.583],[-109.9874,21.5108],[-109.8805,21.4971],[-109.825,21.4621],[-109.7706,21.4538],[-109.7559,21.4182],[-109.6932,21.4025],[-109.7056,21.3965],[-109.6431,21.4117],[-109.608,21.3715],[-109.6082,21.3362],[-109.6599,21.2873],[-109.6459,21.2577],[-109.6516,21.222],[-109.5978,21.1174],[-109.6428,21.0861],[-109.7025,21.0096],[-109.8375,20.9358],[-109.8354,20.9221],[-109.8675,20.9341],[-109.865,20.9513],[-109.8799,20.9577],[-109.9017,20.9354],[-109.9339,20.9489],[-109.9482,20.9912],[-109.938,21.0003],[-109.9619,21.0185],[-109.9531,21.0425],[-109.9047,21.0605],[-109.8772,21.0452],[-109.8588,21.0515],[-109.8554,21.0638],[-109.8775,21.0511],[-109.8974,21.0687],[-109.9548,21.0485],[-109.9823,21.0619],[-109.9892,21.0861],[-109.9372,21.1221],[-109.9061,21.1215],[-109.93,21.1719],[-109.9113,21.2092],[-109.8901,21.2107],[-109.9128,21.214],[-109.9206,21.2682],[-109.9461,21.2923],[-109.9378,21.3025],[-109.9581,21.3008],[-110.0319,21.3617],[-109.9938,21.3886],[-110.0813,21.3533],[-110.0456,21.3585],[-109.9428,21.2613],[-109.9321,21.2195],[-109.9498,21.2197],[-109.9473,21.1543],[-109.9674,21.1617],[-109.9791,21.1097],[-110.0124,21.0877],[-110.0714,21.1045],[-110.023,21.1455],[-110.0389,21.1615],[-110.0595,21.152],[-110.0461,21.131],[-110.0812,21.1094],[-110.126,21.1237],[-110.0927,21.1427],[-110.1457,21.1213],[-110.1809,21.1379],[-110.2015,21.1417],[-110.1716,21.1192],[-110.1993,21.1252],[-110.1981,21.0971],[-110.2215,21.1072],[-110.2054,21.0865],[-110.2244,21.0638],[-110.2469,21.0847],[-110.2651,21.1515],[-110.2488,21.1509],[-110.2546,21.1676],[-110.2066,21.1455],[-110.2082,21.1614],[-110.2478,21.1812],[-110.1774,21.2285],[-110.2099,21.2408],[-110.2009,21.2604],[-110.2135,21.2745],[-110.1283,21.2939],[-110.203,21.2951],[-110.203,21.3125],[-110.1272,21.3145],[-110.1535,21.3169],[-110.1666,21.3337],[-110.158,21.3439],[-110.1727,21.3476],[-110.2779,21.3211],[-110.2235,21.3035],[-110.2456,21.27],[-110.2622,21.277],[-110.2437,21.2528],[-110.2668,21.2289],[-110.3192,21.2561],[-110.2846,21.2257],[-110.301,21.193],[-110.3718,21.2244],[-110.4073,21.2853],[-110.3802,21.276],[-110.3719,21.2998],[-110.3174,21.2977],[-110.3406,21.3164],[-110.3205,21.3294],[-110.329,21.3498],[-110.2923,21.3592],[-110.2974,21.4293],[-110.1837,21.4386],[-110.2823,21.4511],[-110.2791,21.4399],[-110.3072,21.4363],[-110.3326,21.4093],[-110.3727,21.4278],[-110.3415,21.4049],[-110.3861,21.3967],[-110.3528,21.3503],[-110.4152,21.3403],[-110.4261,21.3305],[-110.4157,21.3143],[-110.4371,21.3163],[-110.4466,21.3344],[-110.4342,21.3435],[-110.469,21.3617],[-110.4699,21.3673],[-110.4482,21.3701],[-110.4387,21.38],[-110.4725,21.3744],[-110.4701,21.3953],[-110.5141,21.396],[-110.5195,21.3725],[-110.5536,21.4064],[-110.5577,21.4446],[-110.5173,21.4524],[-110.4953,21.4855],[-110.459,21.4921],[-110.4392,21.4768],[-110.446,21.452],[-110.3908,21.4361],[-110.4347,21.4677],[-110.4243,21.5075],[-110.4429,21.5401],[-110.3955,21.526],[-110.3665,21.4976],[-110.3802,21.5294],[-110.4325,21.5533],[-110.4351,21.5769],[-110.4186,21.5919],[-110.4614,21.581],[-110.5066,21.5903],[-110.5143,21.603],[-110.497,21.605],[-110.4925,21.6327],[-110.583,21.6639],[-110.6405,21.7134],[-110.6032,21.7271],[-110.5826,21.7101],[-110.5955,21.7563],[-110.6121,21.7295],[-110.6505,21.7373],[-110.6576,21.7258],[-110.6845,21.7477],[-110.7222,21.7501],[-110.7264,21.767],[-110.7672,21.7559],[-110.8579,21.7834],[-110.8404,21.787],[-110.8312,21.7957],[-110.8437,21.8099],[-110.827,21.8177],[-110.8349,21.8255],[-110.7517,21.8197],[-110.7234,21.8325],[-110.82,21.8458],[-110.8041,21.8618],[-110.8414,21.891],[-110.8186,21.9206],[-110.8734,21.9211],[-110.8934,21.939],[-110.8851,21.9694],[-110.8602,21.9764],[-110.6765,21.8966],[-110.7466,21.9464],[-110.8655,21.989],[-110.8519,21.992]],[[-110.5594,21.9204],[-110.5361,21.9239],[-110.5911,21.9204],[-110.5594,21.9204]],[[-109.959,21.4602],[-109.9578,21.4636],[-109.9942,21.437],[-109.959,21.4602]],[[-109.957,21.466],[-109.9584,21.4657],[-109.9573,21.4652],[-109.957,21.466]],[[-110.3823,21.6807],[-110.3521,21.6817],[-110.3629,21.6848],[-110.3823,21.6807]]],[[[-111.0952,22.0275],[-111.1001,22.028],[-111.0974,22.0317],[-111.0952,22.0275]]],[[[-111.0681,22.0368],[-111.0931,22.0367],[-111.1062,22.0534],[-111.0772,22.0475],[-111.0681,22.0368]]],[[[-111.044,22.1032],[-111.0517,22.099],[-111.059,22.1053],[-111.044,22.1032]]],[[[-110.521,20.9365],[-110.5441,20.9369],[-110.5971,20.9911],[-110.5356,20.9865],[-110.5261,20.9642],[-110.5501,20.9644],[-110.521,20.9365]]],[[[-110.025,20.9736],[-110.0287,20.9717],[-110.027,20.9743],[-110.025,20.9736]]],[[[-110.0237,20.9901],[-110.0771,20.9682],[-110.1312,20.9958],[-110.0423,21.0198],[-110.0427,20.9954],[-110.0237,20.9901]]],[[[-110.173,21.0005],[-110.1437,21.003],[-110.1628,20.9945],[-110.173,21.0005]]],[[[-110.6083,21.0023],[-110.6111,21.0009],[-110.6137,21.0027],[-110.6083,21.0023]]],[[[-110.5999,21.0058],[-110.6034,21.0053],[-110.5995,21.0068],[-110.5999,21.0058]]],[[[-110.6046,21.0044],[-110.6083,21.0041],[-110.6076,21.0091],[-110.6046,21.0044]]],[[[-110.1311,21.0156],[-110.139,21.004],[-110.1457,21.0195],[-110.1311,21.0156]]],[[[-110.56,21.0148],[-110.5616,21.0126],[-110.5662,21.0118],[-110.56,21.0148]]],[[[-110.0326,21.0308],[-110.0452,21.023],[-110.0575,21.0231],[-110.0445,21.0315],[-110.0326,21.0308]]],[[[-110.3052,21.0394],[-110.3034,21.0387],[-110.3061,21.0371],[-110.3052,21.0394]]],[[[-110.3099,21.0419],[-110.3112,21.0401],[-110.3125,21.0419],[-110.3099,21.0419]]],[[[-110.6265,21.034],[-110.6238,21.0521],[-110.6189,21.0505],[-110.6265,21.034]]],[[[-110.0293,21.0585],[-110.0257,21.0338],[-110.0425,21.0448],[-110.0293,21.0585]]],[[[-110.2123,21.0618],[-110.2149,21.061],[-110.2143,21.063],[-110.2123,21.0618]]],[[[-110.1639,21.1146],[-110.071,21.0781],[-110.0843,21.0758],[-110.0797,21.0404],[-110.0933,21.0227],[-110.1293,21.0228],[-110.1401,21.0407],[-110.1695,21.0166],[-110.1825,21.0226],[-110.1665,21.0628],[-110.143,21.0669],[-110.1702,21.0826],[-110.1639,21.1146]]],[[[-110.2924,21.0726],[-110.2925,21.0695],[-110.2958,21.0706],[-110.2924,21.0726]]],[[[-110.652,21.0793],[-110.6448,21.0792],[-110.6619,21.0757],[-110.652,21.0793]]],[[[-110.3461,21.0983],[-110.3486,21.0974],[-110.3472,21.0992],[-110.3461,21.0983]]],[[[-110.0996,21.1074],[-110.1061,21.1021],[-110.1174,21.1118],[-110.0996,21.1074]]],[[[-109.9675,21.1254],[-109.969,21.1184],[-109.9725,21.1232],[-109.9675,21.1254]]],[[[-110.332,21.1241],[-110.3328,21.1215],[-110.3358,21.1231],[-110.332,21.1241]]],[[[-110.1831,21.1359],[-110.1684,21.1248],[-110.1876,21.1349],[-110.1831,21.1359]]],[[[-109.9335,21.1353],[-109.9463,21.1293],[-109.9509,21.1468],[-109.9387,21.1526],[-109.9335,21.1353]]],[[[-110.0467,21.1455],[-110.0474,21.1425],[-110.0513,21.145],[-110.0467,21.1455]]],[[[-110.3639,21.1575],[-110.379,21.1578],[-110.3717,21.1605],[-110.3639,21.1575]]],[[[-110.3545,21.1763],[-110.3513,21.1717],[-110.3583,21.1749],[-110.3545,21.1763]]],[[[-110.4193,21.1903],[-110.4353,21.1915],[-110.4406,21.1949],[-110.4284,21.1956],[-110.4193,21.1903]]],[[[-110.2206,21.2089],[-110.247,21.1866],[-110.2547,21.2026],[-110.2206,21.2089]]],[[[-110.8826,21.4107],[-110.8442,21.4233],[-110.8518,21.4329],[-110.8946,21.4428],[-110.8782,21.4453],[-110.8895,21.4775],[-110.8678,21.4778],[-110.8755,21.4942],[-110.7182,21.4837],[-110.6701,21.4327],[-110.6819,21.4072],[-110.7037,21.4096],[-110.6903,21.386],[-110.6807,21.3817],[-110.6612,21.3883],[-110.6532,21.3833],[-110.6329,21.3897],[-110.6312,21.377],[-110.6012,21.3805],[-110.4712,21.293],[-110.4663,21.235],[-110.4432,21.2533],[-110.4109,21.2071],[-110.3571,21.1838],[-110.3693,21.1765],[-110.4912,21.2302],[-110.5109,21.2187],[-110.4903,21.2111],[-110.5403,21.1727],[-110.491,21.2006],[-110.452,21.1992],[-110.405,21.1742],[-110.4541,21.1661],[-110.4332,21.1558],[-110.3988,21.1666],[-110.34,21.1176],[-110.4007,21.0906],[-110.3427,21.0882],[-110.3232,21.1146],[-110.3042,21.1095],[-110.2986,21.0796],[-110.3274,21.0606],[-110.3044,21.0571],[-110.3873,21.0192],[-110.3567,21.0093],[-110.2998,21.0319],[-110.298,20.972],[-110.3247,20.9821],[-110.2901,20.9498],[-110.3099,20.9416],[-110.3119,20.9106],[-110.416,20.9189],[-110.4367,20.9427],[-110.4835,20.9401],[-110.4616,20.959],[-110.4196,20.9605],[-110.5225,21.0087],[-110.4904,21.0568],[-110.5081,21.0629],[-110.5291,21.0377],[-110.511,21.0771],[-110.5368,21.1005],[-110.5274,21.0795],[-110.5408,21.0668],[-110.5983,21.0887],[-110.5479,21.0625],[-110.5629,21.057],[-110.5469,21.0286],[-110.5713,21.0146],[-110.6197,21.0315],[-110.6065,21.0505],[-110.635,21.0663],[-110.6194,21.0753],[-110.6385,21.08],[-110.6356,21.0923],[-110.6709,21.0914],[-110.6576,21.1036],[-110.6741,21.1123],[-110.6988,21.108],[-110.6778,21.0779],[-110.6896,21.0741],[-110.6469,21.0398],[-110.6778,21.0449],[-110.6407,21.0243],[-110.633,20.9955],[-110.5917,20.9682],[-110.6017,20.9631],[-110.5693,20.9556],[-110.5611,20.9257],[-110.5461,20.9223],[-110.562,20.9132],[-110.5424,20.9035],[-110.6025,20.909],[-110.613,20.933],[-110.7155,21.001],[-110.7152,21.0274],[-110.7361,21.0384],[-110.717,21.0371],[-110.7401,21.0544],[-110.7017,21.0546],[-110.7367,21.0612],[-110.7268,21.0678],[-110.7412,21.0778],[-110.7193,21.0744],[-110.7407,21.0829],[-110.7352,21.102],[-110.698,21.1122],[-110.8111,21.0924],[-110.8191,21.1145],[-110.798,21.1191],[-110.8191,21.1304],[-110.7809,21.14],[-110.7636,21.1336],[-110.767,21.1159],[-110.7367,21.1155],[-110.7592,21.1423],[-110.7124,21.1464],[-110.6549,21.1769],[-110.7088,21.1811],[-110.6856,21.2156],[-110.7088,21.203],[-110.7045,21.2288],[-110.7475,21.2176],[-110.7453,21.2214],[-110.7987,21.2345],[-110.8095,21.244],[-110.781,21.2599],[-110.7914,21.2764],[-110.7709,21.2683],[-110.7788,21.2828],[-110.8364,21.2893],[-110.8278,21.2683],[-110.8445,21.2612],[-110.9026,21.2917],[-110.8783,21.3105],[-110.8633,21.2972],[-110.8604,21.3117],[-110.8273,21.295],[-110.7695,21.3036],[-110.7804,21.3281],[-110.8193,21.3374],[-110.8056,21.3473],[-110.8311,21.3477],[-110.8237,21.3776],[-110.9066,21.3315],[-110.9369,21.3405],[-110.9426,21.3527],[-110.901,21.3937],[-110.8323,21.3963],[-110.8826,21.4107]]],[[[-110.2034,21.2153],[-110.2091,21.2086],[-110.2085,21.216],[-110.2034,21.2153]]],[[[-110.4971,21.2251],[-110.4954,21.2253],[-110.495,21.2234],[-110.4971,21.2251]]],[[[-110.242,21.3169],[-110.2474,21.3147],[-110.2494,21.3189],[-110.242,21.3169]]],[[[-110.193,21.3205],[-110.1839,21.3382],[-110.1623,21.322],[-110.1672,21.3176],[-110.2063,21.3202],[-110.193,21.3205]]],[[[-110.3631,21.3413],[-110.3711,21.3406],[-110.3651,21.3425],[-110.3631,21.3413]]],[[[-110.3218,21.3631],[-110.3241,21.3629],[-110.3224,21.3658],[-110.3218,21.3631]]],[[[-110.301,21.3738],[-110.319,21.3616],[-110.3282,21.3889],[-110.3173,21.4006],[-110.301,21.3738]]],[[[-110.3478,21.3804],[-110.3416,21.3857],[-110.3402,21.3789],[-110.3478,21.3804]]],[[[-110.3311,21.4061],[-110.3323,21.4043],[-110.3333,21.4065],[-110.3311,21.4061]]],[[[-110.5555,21.4087],[-110.5579,21.4084],[-110.5561,21.4098],[-110.5555,21.4087]]],[[[-110.6361,21.4139],[-110.6157,21.42],[-110.6038,21.4088],[-110.6206,21.4036],[-110.6361,21.4139]]],[[[-110.6142,21.4261],[-110.6183,21.4278],[-110.617,21.4294],[-110.6142,21.4261]]],[[[-110.6527,21.4321],[-110.6573,21.4228],[-110.6612,21.4339],[-110.6527,21.4321]]],[[[-110.6221,21.4261],[-110.6387,21.4262],[-110.6582,21.438],[-110.644,21.4382],[-110.6221,21.4261]]],[[[-110.6305,21.4397],[-110.6262,21.4388],[-110.6285,21.4361],[-110.6305,21.4397]]],[[[-110.6273,21.441],[-110.6455,21.4405],[-110.6589,21.4538],[-110.6414,21.4527],[-110.6273,21.441]]],[[[-110.6542,21.4659],[-110.6439,21.4568],[-110.6587,21.459],[-110.6542,21.4659]]],[[[-110.6122,21.45],[-110.6799,21.4845],[-110.6585,21.519],[-110.5575,21.5285],[-110.527,21.515],[-110.5441,21.4914],[-110.5368,21.466],[-110.6122,21.45]]],[[[-110.4792,21.5228],[-110.4492,21.5118],[-110.4474,21.5034],[-110.4986,21.4956],[-110.4792,21.5228]]],[[[-110.5235,21.5394],[-110.5182,21.5259],[-110.5355,21.5371],[-110.5235,21.5394]]],[[[-110.5021,21.5421],[-110.5135,21.5392],[-110.5226,21.5459],[-110.5106,21.5484],[-110.5021,21.5421]]],[[[-110.4732,21.5437],[-110.4774,21.5427],[-110.4768,21.5454],[-110.4732,21.5437]]],[[[-110.4659,21.5479],[-110.4714,21.5596],[-110.4604,21.5523],[-110.4659,21.5479]]],[[[-110.4946,21.5484],[-110.5051,21.5543],[-110.4886,21.5648],[-110.4946,21.5484]]],[[[-110.4469,21.5803],[-110.4609,21.5675],[-110.4757,21.5682],[-110.4649,21.5774],[-110.4469,21.5803]]],[[[-110.6248,21.6789],[-110.6274,21.6794],[-110.6248,21.6807],[-110.6248,21.6789]]],[[[-110.6324,21.6803],[-110.6348,21.6797],[-110.6352,21.6831],[-110.6324,21.6803]]]]}},{"type":"Feature","properties":{"StateFIPS":"15","state":"Hawaii"},"geometry":{"type":"MultiPolygon","coordinates":[[[[-102.766,22.5304],[-102.6786,22.5984],[-102.6646,22.6789],[-102.7553,22.7968],[-102.7866,22.9317],[-102.7539,23.0227],[-102.6856,23.038],[-102.5658,22.9956],[-102.5174,22.9399],[-102.3136,22.8163],[-102.2642,22.8313],[-102.0867,22.7765],[-101.7503,22.6002],[-101.5548,22.4164],[-101.5607,22.2295],[-101.4353,22.242],[-101.3971,22.171],[-101.4013,22.0949],[-101.3477,22.0693],[-101.3507,22.0448],[-101.2839,21.99],[-101.1402,21.9116],[-101.1828,21.83],[-101.3878,21.6624],[-101.6656,21.5354],[-101.8698,21.5333],[-102.1051,21.3611],[-102.195,21.331],[-102.2624,21.2542],[-102.2608,21.2058],[-102.3288,21.0901],[-102.3593,21.089],[-102.3872,21.0419],[-102.4542,21.003],[-102.456,21.0388],[-102.5154,21.0871],[-102.7494,21.1878],[-102.7902,21.2573],[-102.8073,21.3391],[-102.7601,21.6558],[-102.8216,21.8257],[-102.8096,21.8505],[-102.8556,21.8675],[-102.8702,21.91],[-102.8907,22.0433],[-102.9169,22.0917],[-102.9735,22.1126],[-102.9703,22.1518],[-103.0211,22.2333],[-102.9874,22.3184],[-102.8895,22.4095],[-102.8131,22.4232],[-102.766,22.5304]]],[[[-103.7611,23.4428],[-103.7277,23.4299],[-103.7478,23.4055],[-103.8904,23.395],[-103.8991,23.4114],[-103.9295,23.3889],[-103.98,23.4294],[-103.9462,23.47],[-103.7826,23.5421],[-103.7385,23.5018],[-103.7611,23.4428]]],[[[-103.8128,24.1837],[-103.7181,24.1185],[-103.7177,24.0839],[-103.6495,23.9846],[-103.5055,24.0115],[-103.4126,24.0581],[-103.2904,24.0413],[-103.1801,23.936],[-103.1255,23.9267],[-103.1041,23.8774],[-102.9307,23.8247],[-102.8996,23.7732],[-102.905,23.7201],[-102.9999,23.6164],[-103.0961,23.597],[-103.1385,23.5647],[-103.217,23.5802],[-103.3794,23.5121],[-103.5484,23.5118],[-103.6106,23.593],[-103.592,23.6167],[-103.6219,23.8052],[-103.6796,23.8322],[-103.7365,23.7994],[-103.8644,23.851],[-103.9639,23.9604],[-103.9761,24.012],[-103.9286,24.1432],[-103.8867,24.157],[-103.8916,24.1724],[-103.8128,24.1837]]],[[[-104.1853,23.7779],[-104.2656,23.74],[-104.375,23.7354],[-104.4173,23.8073],[-104.4177,23.8774],[-104.4468,23.9185],[-104.5045,23.9428],[-104.5204,23.9904],[-104.4322,24.0291],[-104.2806,24.0098],[-104.1732,23.9213],[-104.1393,23.8474],[-104.1853,23.7779]]],[[[-104.3026,24.3942],[-104.2288,24.3796],[-104.0852,24.4018],[-103.9937,24.3755],[-104.0924,24.2607],[-104.2417,24.2057],[-104.5303,24.2882],[-104.8045,24.2647],[-104.8961,24.2899],[-104.8626,24.3577],[-104.8071,24.4042],[-104.8111,24.4737],[-104.4466,24.4103],[-104.4135,24.4108],[-104.4035,24.4492],[-104.3743,24.4557],[-104.3459,24.3969],[-104.2783,24.3589],[-104.3026,24.3942]],[[-104.2804,24.3349],[-104.3664,24.3746],[-104.3071,24.3317],[-104.2804,24.3349]]],[[[-105.8052,25.1086],[-105.809,25.0769],[-105.7454,24.9736],[-105.6928,24.9504],[-105.6822,24.9009],[-105.7089,24.8874],[-105.6915,24.8267],[-105.6549,24.8195],[-105.5971,24.7552],[-105.567,24.7928],[-105.5952,24.8024],[-105.5891,24.8229],[-105.5138,24.8263],[-105.5449,24.7581],[-105.4888,24.7079],[-105.4707,24.6368],[-105.4036,24.6033],[-105.4065,24.5857],[-105.4781,24.5285],[-105.5091,24.564],[-105.6393,24.5201],[-105.76,24.5975],[-105.8508,24.5931],[-105.8853,24.63],[-105.8975,24.6114],[-106.0924,24.5839],[-106.1417,24.7021],[-106.1988,24.7439],[-106.2148,24.8073],[-106.2767,24.8615],[-106.2747,24.939],[-106.3463,25.003],[-106.1142,25.0128],[-105.9716,25.172],[-105.8811,25.2031],[-105.8052,25.1086]]],[[[-109.068,25.6457],[-109.0095,25.6259],[-109.0545,25.5294],[-109.0423,25.4797],[-109.1685,25.4354],[-109.2353,25.3062],[-109.2801,25.3262],[-109.2978,25.4083],[-109.2105,25.5248],[-109.1183,25.5681],[-109.0976,25.6279],[-109.068,25.6457]]],[[[-109.0695,25.6617],[-109.083,25.6755],[-109.0639,25.6764],[-109.0695,25.6617]]],[[[-108.2535,25.9748],[-108.1961,25.9428],[-108.1619,25.9818],[-108.0735,25.9639],[-108.0337,25.9864],[-107.9399,25.9503],[-107.8699,25.854],[-107.8749,25.7952],[-107.9332,25.7065],[-107.9248,25.5778],[-107.9578,25.5777],[-107.9501,25.542],[-108.0973,25.4404],[-108.3216,25.4938],[-108.3349,25.4759],[-108.4331,25.5679],[-108.5691,25.6068],[-108.6119,25.6826],[-108.6056,25.7348],[-108.5479,25.7838],[-108.5131,25.863],[-108.3016,25.9727],[-108.2535,25.9748]]]]}}]}